cliente_id,periodo,cliente_edad,web_visitas_mes,publicidad_inversion,comportamiento_usuario,tipo_visitante,producto_categoria,canal_compra,compras_categoria,valor_mensual_ventas,compra_actual
C0001,2025-01,29.0,6,109464.33,Web,Nuevo,Sin compra,Sin compra,0,0.0,0
C0001,2025-02,29.0,4,90584.88,Web,Nuevo,Sin compra,Sin compra,0,0.0,0
C0001,2025-03,29.0,6,123795.0,Web,Nuevo,Sin compra,Sin compra,0,0.0,0
C0001,2025-04,29.0,6,63583.47,Web,Nuevo,Sin compra,Sin compra,0,0.0,0
C0001,2025-05,29.0,9,137607.3,Aplicacion,Recurrente,Belleza,Aplicacion,1,468000.0,1
C0001,2025-06,29.0,5,,Aplicacion,Recurrente,Sin compra,Sin compra,0,0.0,0
C0001,2025-07,29.0,8,78686.41,Web,Recurrente,Belleza,Web,1,279000.0,1
C0001,2025-08,29.0,6,5000.0,Web,Recurrente,Deportes,Web,2,100000.0,1
C0001,2025-09,29.0,7,67822.23,Aplicacion,Recurrente,Sin compra,Sin compra,0,0.0,0
C0001,2025-10,29.0,14,107903.94,Ambos,Recurrente,Hogar,Web,1,268000.0,1
C0001,2025-11,29.0,11,149933.36,Aplicacion,Recurrente,Hogar,Aplicacion,2,583000.0,1
C0001,2025-12,29.0,11,148757.03,Web,Recurrente,Hogar,Web,1,347000.0,1
C0002,2025-01,36.0,4,,Web,Nuevo,Sin compra,Sin compra,0,0.0,0
C0002,2025-02,36.0,6,124052.1,Web,Nuevo,Sin compra,Sin compra,0,0.0,0
C0002,2025-03,36.0,12,127688.96,Web,Recurrente,Electronica,Web,2,1192000.0,1
C0002,2025-04,36.0,9,123568.59,Ambos,Recurrente,Sin compra,Sin compra,0,0.0,0
C0002,2025-05,36.0,5,80576.88,Aplicacion,Recurrente,Sin compra,Sin compra,0,0.0,0
C0002,2025-06,36.0,9,44322.43,Aplicacion,Recurrente,Sin compra,Sin compra,0,0.0,0
C0002,2025-07,36.0,5,76493.56,Aplicacion,Recurrente,Sin compra,Sin compra,0,0.0,0
C0002,2025-08,36.0,9,103089.83,Web,Recurrente,Sin compra,Sin compra,0,0.0,0
C0002,2025-09,36.0,9,147087.41,Aplicacion,Recurrente,Sin compra,Sin compra,0,0.0,0
C0002,2025-10,36.0,12,186617.48,Ambos,Recurrente,Sin compra,Sin compra,0,0.0,0
C0002,2025-11,36.0,9,106950.15,Web,Recurrente,Belleza,Web,1,386000.0,1
C0002,2025-12,36.0,8,84961.68,Web,Recurrente,Sin compra,Sin compra,0,0.0,0
C0003,2025-01,46.0,8,133210.54,Web,Nuevo,Sin compra,Sin compra,0,0.0,0
C0003,2025-02,46.0,8,61512.75,Aplicacion,Nuevo,Sin compra,Sin compra,0,0.0,0
C0003,2025-03,46.0,12,190135.34,Ambos,Nuevo,Sin compra,Sin compra,0,0.0,0
C0003,2025-04,46.0,9,100220.74,Web,Recurrente,Hogar,Web,2,448000.0,1
C0003,2025-05,46.0,9,162087.57,Web,Recurrente,Sin compra,Sin compra,0,0.0,0
C0003,2025-06,46.0,9,83789.99,Ambos,Recurrente,Sin compra,Sin compra,0,0.0,0
C0003,2025-07,46.0,14,141410.03,Aplicacion,Recurrente,Electronica,Aplicacion,2,1295000.0,1
C0003,2025-08,46.0,8,91672.27,Web,Recurrente,Ropa,Web,1,335000.0,1
C0003,2025-09,46.0,12,141617.54,Aplicacion,Recurrente,Belleza,Aplicacion,1,397000.0,1
C0003,2025-10,46.0,5,76312.58,Web,Recurrente,Sin compra,Sin compra,0,0.0,0
C0003,2025-11,46.0,7,123033.9,Web,Recurrente,Electronica,Web,2,861000.0,1
C0003,2025-12,46.0,6,88803.89,Web,Recurrente,Belleza,Web,2,384000.0,1
C0004,2025-01,59.0,8,103330.57,Aplicacion,Nuevo,Sin compra,Sin compra,0,0.0,0
C0004,2025-02,59.0,7,72318.58,Aplicacion,Nuevo,Sin compra,Sin compra,0,0.0,0
C0004,2025-03,59.0,8,58854.04,Aplicacion,Nuevo,Sin compra,Sin compra,0,0.0,0
C0004,2025-04,59.0,7,67841.37,Aplicacion,Recurrente,Electronica,Aplicacion,2,512000.0,1
C0004,2025-05,59.0,9,122780.11,Aplicacion,Recurrente,Electronica,Aplicacion,2,892000.0,1
C0004,2025-06,59.0,9,110864.09,Web,Recurrente,Belleza,Web,4,304000.0,1
C0004,2025-07,59.0,11,103697.44,Aplicacion,Recurrente,Electronica,Aplicacion,1,754000.0,1
C0004,2025-08,59.0,11,102212.21,Aplicacion,Recurrente,Hogar,Aplicacion,2,371000.0,1
C0004,2025-09,59.0,10,121453.95,Ambos,Recurrente,Belleza,Aplicacion,2,403000.0,1
C0004,2025-10,59.0,23,167000.77,Ambos,Recurrente,Deportes,Aplicacion,1,576000.0,1
C0004,2025-11,59.0,9,101414.59,Web,Recurrente,Ropa,Web,1,323000.0,1
C0004,2025-12,59.0,8,120556.3,Aplicacion,Recurrente,Ropa,Aplicacion,3,347000.0,1
C0005,2025-01,64.0,4,149349.68,Web,Recurrente,Deportes,Web,4,485000.0,1
C0005,2025-02,64.0,11,77941.75,Web,Recurrente,Sin compra,Sin compra,0,0.0,0
C0005,2025-03,64.0,13,92003.8,Aplicacion,Recurrente,Hogar,Aplicacion,1,286000.0,1
C0005,2025-04,64.0,6,111682.81,Web,Recurrente,Sin compra,Sin compra,0,0.0,0
C0005,2025-05,64.0,8,65693.15,Web,Recurrente,Sin compra,Sin compra,0,0.0,0
C0005,2025-06,64.0,3,74653.85,Web,Recurrente,Electronica,Web,3,584000.0,1
C0005,2025-07,64.0,5,55424.67,Web,Recurrente,Deportes,Web,1,283000.0,1
C0005,2025-08,64.0,5,114666.9,Aplicacion,Recurrente,Electronica,Aplicacion,1,724000.0,1
C0005,2025-09,64.0,10,137846.41,Ambos,Recurrente,Belleza,Aplicacion,2,420000.0,1
C0005,2025-10,64.0,13,133406.47,Aplicacion,Recurrente,Deportes,Aplicacion,1,829000.0,1
C0005,2025-11,64.0,10,85461.51,Aplicacion,Recurrente,Ropa,Aplicacion,1,253000.0,1
C0005,2025-12,64.0,7,120630.19,Aplicacion,Recurrente,Hogar,Aplicacion,1,311000.0,1
C0006,2025-01,45.0,1,46746.59,Web,Nuevo,Sin compra,Sin compra,0,0.0,0
C0006,2025-02,45.0,8,120808.28,Aplicacion,Recurrente,Belleza,Aplicacion,1,342000.0,1
C0006,2025-03,45.0,14,76765.06,Ambos,Recurrente,Electronica,Aplicacion,3,1004000.0,1
C0006,2025-04,45.0,6,126984.06,Web,Recurrente,Sin compra,Sin compra,0,0.0,0
C0006,2025-05,45.0,7,41576.47,Aplicacion,Recurrente,Belleza,Aplicacion,1,254000.0,1
C0006,2025-06,45.0,7,71811.37,Aplicacion,Recurrente,Ropa,Aplicacion,1,203000.0,1
C0006,2025-07,45.0,9,142154.33,Web,Recurrente,Hogar,Web,1,563000.0,1
C0006,2025-08,45.0,3,52868.39,Web,Recurrente,Deportes,Web,1,202000.0,1
C0006,2025-09,45.0,5,87603.04,Web,Recurrente,Sin compra,Sin compra,0,0.0,0
C0006,2025-10,45.0,14,128591.25,Ambos,Recurrente,Electronica,Aplicacion,1,906000.0,1
C0006,2025-11,45.0,12,97746.64,Aplicacion,Recurrente,Deportes,Aplicacion,1,249000.0,1
C0006,2025-12,45.0,10,171636.64,Web,Recurrente,Deportes,Web,1,694000.0,1
C0007,2025-01,58.0,11,87462.76,Aplicacion,Nuevo,Sin compra,Sin compra,0,0.0,0
C0007,2025-02,58.0,10,147544.56,Aplicacion,Recurrente,Belleza,Aplicacion,1,377000.0,1
C0007,2025-03,58.0,10,111309.38,Web,Recurrente,Belleza,Web,2,379000.0,1
C0007,2025-04,58.0,5,43748.58,Aplicacion,Recurrente,Sin compra,Sin compra,0,0.0,0
C0007,2025-05,58.0,16,139353.52,Ambos,Recurrente,Deportes,Web,2,510000.0,1
C0007,2025-06,58.0,14,145887.16,Ambos,Recurrente,Electronica,Aplicacion,2,1636000.0,1
C0007,2025-07,58.0,9,139487.52,Web,Recurrente,Sin compra,Sin compra,0,0.0,0
C0007,2025-08,58.0,10,104807.93,Web,Recurrente,Sin compra,Sin compra,0,0.0,0
C0007,2025-09,58.0,8,121825.13,Aplicacion,Recurrente,Sin compra,Sin compra,0,0.0,0
C0007,2025-10,58.0,12,101937.39,Aplicacion,Recurrente,Ropa,Aplicacion,2,456000.0,1
C0007,2025-11,58.0,8,,Aplicacion,Recurrente,Sin compra,Sin compra,0,0.0,0
C0007,2025-12,58.0,10,114061.37,Aplicacion,Recurrente,Ropa,Aplicacion,1,305000.0,1
C0008,2025-01,22.0,9,119685.58,Ambos,Recurrente,Electronica,Web,2,868000.0,1
C0008,2025-02,22.0,15,115648.65,Ambos,Recurrente,Hogar,Aplicacion,3,557000.0,1
C0008,2025-03,22.0,18,178992.16,Ambos,Recurrente,Ropa,Aplicacion,1,453000.0,1
C0008,2025-04,22.0,7,20351.23,Web,Recurrente,Sin compra,Sin compra,0,0.0,0
C0008,2025-05,22.0,9,117586.34,Ambos,Recurrente,Ropa,Web,1,360000.0,1
C0008,2025-06,22.0,12,64521.75,Ambos,Recurrente,Electronica,Web,1,632000.0,1
C0008,2025-07,22.0,9,157085.37,Ambos,Recurrente,Sin compra,Sin compra,0,0.0,0
C0008,2025-08,22.0,14,124295.36,Ambos,Recurrente,Hogar,Aplicacion,1,343000.0,1
C0008,2025-09,22.0,9,162972.6,Ambos,Recurrente,Hogar,Aplicacion,1,440000.0,1
C0008,2025-10,22.0,6,187234.65,Ambos,Recurrente,Electronica,Aplicacion,1,925000.0,1
C0008,2025-11,22.0,4,97484.82,Aplicacion,Recurrente,Deportes,Aplicacion,2,351000.0,1
C0008,2025-12,22.0,6,99958.45,Aplicacion,Recurrente,Electronica,Aplicacion,1,682000.0,1
C0009,2025-01,70.0,5,67006.14,Web,Nuevo,Sin compra,Sin compra,0,0.0,0
C0009,2025-02,70.0,5,91419.49,Web,Recurrente,Deportes,Web,1,383000.0,1
C0009,2025-03,70.0,3,102825.26,Web,Recurrente,Sin compra,Sin compra,0,0.0,0
C0009,2025-04,70.0,6,99153.85,Web,Recurrente,Hogar,Web,1,370000.0,1
C0009,2025-05,70.0,5,,Aplicacion,Recurrente,Hogar,Aplicacion,1,422000.0,1
C0009,2025-06,70.0,7,116937.62,Web,Recurrente,Sin compra,Sin compra,0,0.0,0
C0009,2025-07,70.0,12,135445.72,Aplicacion,Recurrente,Deportes,Aplicacion,2,465000.0,1
C0009,2025-08,70.0,5,99492.64,Web,Recurrente,Electronica,Web,1,872000.0,1
C0009,2025-09,70.0,8,112966.06,Web,Recurrente,Ropa,Web,2,365000.0,1
C0009,2025-10,70.0,7,102211.94,Aplicacion,Recurrente,Belleza,Aplicacion,1,265000.0,1
C0009,2025-11,70.0,11,134922.72,Aplicacion,Recurrente,Hogar,Aplicacion,1,622000.0,1
C0009,2025-12,70.0,11,107518.0,Ambos,Recurrente,Hogar,Aplicacion,2,499000.0,1
C0010,2025-01,18.0,13,121788.67,Ambos,Recurrente,Electronica,Aplicacion,1,1522000.0,1
C0010,2025-02,18.0,9,148572.53,Aplicacion,Recurrente,Sin compra,Sin compra,0,0.0,0
C0010,2025-03,18.0,11,92721.92,Aplicacion,Recurrente,Sin compra,Sin compra,0,0.0,0
C0010,2025-04,18.0,2,52868.78,Web,Recurrente,Sin compra,Sin compra,0,0.0,0
C0010,2025-05,18.0,9,138732.37,Web,Recurrente,Ropa,Web,1,433000.0,1
C0010,2025-06,18.0,4,130629.86,Web,Recurrente,Deportes,Web,1,377000.0,1
C0010,2025-07,18.0,19,182863.15,Ambos,Recurrente,Belleza,Aplicacion,1,430000.0,1
C0010,2025-08,18.0,4,9889.79,Web,Recurrente,Sin compra,Sin compra,0,0.0,0
C0010,2025-09,18.0,5,88217.17,Web,Recurrente,Sin compra,Sin compra,0,0.0,0
C0010,2025-10,18.0,13,142833.57,Web,Recurrente,Belleza,Web,2,207000.0,1
C0010,2025-11,18.0,8,92983.23,Web,Recurrente,Sin compra,Sin compra,0,0.0,0
C0010,2025-12,18.0,5,57754.66,Web,Recurrente,Sin compra,Sin compra,0,0.0,0
C0011,2025-01,32.0,6,77964.83,Web,Recurrente,Electronica,Web,3,483000.0,1
C0011,2025-02,32.0,14,114917.62,Aplicacion,Recurrente,Belleza,Aplicacion,1,421000.0,1
C0011,2025-03,32.0,8,167878.45,Aplicacion,Recurrente,Sin compra,Sin compra,0,0.0,0
C0011,2025-04,32.0,9,,Aplicacion,Recurrente,Sin compra,Sin compra,0,0.0,0
C0011,2025-05,32.0,8,111703.69,Web,Recurrente,Ropa,Web,1,309000.0,1
C0011,2025-06,32.0,3,57208.89,Aplicacion,Recurrente,Hogar,Aplicacion,2,134000.0,1
C0011,2025-07,32.0,12,66525.65,Ambos,Recurrente,Deportes,Web,2,317000.0,1
C0011,2025-08,32.0,5,119729.66,Aplicacion,Recurrente,Hogar,Aplicacion,3,371000.0,1
C0011,2025-09,32.0,11,41713.4,Aplicacion,Recurrente,Electronica,Aplicacion,4,422000.0,1
C0011,2025-10,32.0,8,81460.47,Aplicacion,Recurrente,Hogar,Aplicacion,1,293000.0,1
C0011,2025-11,32.0,13,113567.38,Aplicacion,Recurrente,Deportes,Aplicacion,3,405000.0,1
C0011,2025-12,32.0,9,103857.97,Aplicacion,Recurrente,Sin compra,Sin compra,0,0.0,0
C0012,2025-01,46.0,9,164602.59,Aplicacion,Nuevo,Sin compra,Sin compra,0,0.0,0
C0012,2025-02,46.0,12,97254.56,Ambos,Recurrente,Electronica,Aplicacion,3,886000.0,1
C0012,2025-03,46.0,12,71704.46,Aplicacion,Recurrente,Sin compra,Sin compra,0,0.0,0
C0012,2025-04,46.0,11,109599.28,Aplicacion,Recurrente,Hogar,Aplicacion,1,294000.0,1
C0012,2025-05,46.0,4,68961.87,Web,Recurrente,Hogar,Web,1,252000.0,1
C0012,2025-06,46.0,5,63211.21,Web,Recurrente,Electronica,Web,3,476000.0,1
C0012,2025-07,46.0,6,,Web,Recurrente,Belleza,Web,2,410000.0,1
C0012,2025-08,46.0,12,132377.24,Aplicacion,Recurrente,Hogar,Aplicacion,1,397000.0,1
C0012,2025-09,46.0,6,58294.67,Aplicacion,Recurrente,Electronica,Aplicacion,1,703000.0,1
C0012,2025-10,46.0,9,116986.22,Web,Recurrente,Sin compra,Sin compra,0,0.0,0
C0012,2025-11,46.0,10,,Web,Recurrente,Ropa,Web,2,408000.0,1
C0012,2025-12,,10,106069.18,Aplicacion,Recurrente,Belleza,Aplicacion,2,476000.0,1
C0013,2025-01,29.0,9,144850.41,Aplicacion,Nuevo,Sin compra,Sin compra,0,0.0,0
C0013,2025-02,29.0,9,144042.33,Aplicacion,Recurrente,Hogar,Aplicacion,1,441000.0,1
C0013,2025-03,29.0,17,166344.94,Ambos,Recurrente,Ropa,Web,1,650000.0,1
C0013,2025-04,29.0,12,153811.13,Web,Recurrente,Hogar,Web,1,592000.0,1
C0013,2025-05,29.0,11,142340.5,Ambos,Recurrente,Electronica,Aplicacion,3,796000.0,1
C0013,2025-06,29.0,5,110092.85,Web,Recurrente,Hogar,Web,2,370000.0,1
C0013,2025-07,29.0,6,81195.53,Aplicacion,Recurrente,Sin compra,Sin compra,0,0.0,0
C0013,2025-08,29.0,5,31939.73,Aplicacion,Recurrente,Hogar,Aplicacion,1,146000.0,1
C0013,2025-09,29.0,13,111606.73,Ambos,Recurrente,Belleza,Aplicacion,2,305000.0,1
C0013,2025-10,29.0,7,63517.49,Web,Recurrente,Hogar,Web,2,225000.0,1
C0013,2025-11,29.0,10,101945.69,Web,Recurrente,Deportes,Web,1,278000.0,1
C0013,2025-12,29.0,21,153240.69,Ambos,Recurrente,Electronica,Web,3,1129000.0,1
C0014,2025-01,37.0,5,,Aplicacion,Recurrente,Hogar,Aplicacion,2,402000.0,1
C0014,2025-02,37.0,14,138448.53,Ambos,Recurrente,Electronica,Aplicacion,2,924000.0,1
C0014,2025-03,37.0,6,88743.91,Aplicacion,Recurrente,Sin compra,Sin compra,0,0.0,0
C0014,2025-04,,10,128495.99,Aplicacion,Recurrente,Deportes,Aplicacion,2,325000.0,1
C0014,2025-05,37.0,6,95214.85,Web,Recurrente,Electronica,Web,1,905000.0,1
C0014,2025-06,37.0,6,63013.53,Web,Recurrente,Belleza,Web,1,203000.0,1
C0014,2025-07,37.0,10,78354.06,Web,Recurrente,Sin compra,Sin compra,0,0.0,0
C0014,2025-08,37.0,5,66959.35,Web,Recurrente,Ropa,Web,1,239000.0,1
C0014,2025-09,37.0,7,86114.49,Web,Recurrente,Ropa,Web,1,283000.0,1
C0014,2025-10,37.0,8,91628.91,Aplicacion,Recurrente,Electronica,Aplicacion,1,657000.0,1
C0014,2025-11,37.0,5,74008.34,Web,Recurrente,Ropa,Web,3,289000.0,1
C0014,2025-12,37.0,5,155797.43,Web,Recurrente,Ropa,Web,4,426000.0,1
C0015,2025-01,45.0,7,134182.22,Web,Nuevo,Sin compra,Sin compra,0,0.0,0
C0015,2025-02,45.0,9,119273.35,Web,Nuevo,Sin compra,Sin compra,0,0.0,0
C0015,2025-03,45.0,4,105466.46,Aplicacion,Nuevo,Sin compra,Sin compra,0,0.0,0
C0015,2025-04,45.0,6,101281.69,Web,Recurrente,Electronica,Web,1,776000.0,1
C0015,2025-05,45.0,13,119918.34,Ambos,Recurrente,Sin compra,Sin compra,0,0.0,0
C0015,2025-06,45.0,11,105282.85,Aplicacion,Recurrente,Belleza,Aplicacion,2,259000.0,1
C0015,2025-07,45.0,14,117136.13,Ambos,Recurrente,Belleza,Aplicacion,1,279000.0,1
C0015,2025-08,45.0,11,92365.64,Aplicacion,Recurrente,Electronica,Aplicacion,3,708000.0,1
C0015,2025-09,45.0,3,65165.33,Web,Recurrente,Hogar,Web,3,363000.0,1
C0015,2025-10,45.0,4,24685.92,Web,Recurrente,Ropa,Web,1,125000.0,1
C0015,2025-11,45.0,15,131575.87,Ambos,Recurrente,Ropa,Aplicacion,2,666000.0,1
C0015,2025-12,45.0,6,76941.64,Aplicacion,Recurrente,Deportes,Aplicacion,1,309000.0,1
C0016,2025-01,52.0,10,150175.55,Aplicacion,Nuevo,Sin compra,Sin compra,0,0.0,0
C0016,2025-02,52.0,10,97955.13,Ambos,Nuevo,Sin compra,Sin compra,0,0.0,0
C0016,2025-03,52.0,12,106939.45,Web,Nuevo,Sin compra,Sin compra,0,0.0,0
C0016,2025-04,52.0,15,146548.51,Ambos,Recurrente,Deportes,Web,1,567000.0,1
C0016,2025-05,52.0,8,72884.23,Web,Recurrente,Sin compra,Sin compra,0,0.0,0
C0016,2025-06,52.0,6,75765.24,Web,Recurrente,Sin compra,Sin compra,0,0.0,0
C0016,2025-07,52.0,8,78644.26,Ambos,Recurrente,Sin compra,Sin compra,0,0.0,0
C0016,2025-08,52.0,9,82682.39,Web,Recurrente,Sin compra,Sin compra,0,0.0,0
C0016,2025-09,52.0,3,66502.67,Aplicacion,Recurrente,Sin compra,Sin compra,0,0.0,0
C0016,2025-10,52.0,9,90735.6,Web,Recurrente,Sin compra,Sin compra,0,0.0,0
C0016,2025-11,52.0,12,118253.23,Ambos,Recurrente,Electronica,Web,3,832000.0,1
C0016,2025-12,52.0,7,65326.53,Web,Recurrente,Sin compra,Sin compra,0,0.0,0
C0017,2025-01,32.0,11,144486.33,Aplicacion,Recurrente,Belleza,Aplicacion,2,443000.0,1
C0017,2025-02,32.0,4,37309.27,Aplicacion,Recurrente,Sin compra,Sin compra,0,0.0,0
C0017,2025-03,32.0,4,75615.06,Aplicacion,Recurrente,Sin compra,Sin compra,0,0.0,0
C0017,2025-04,32.0,7,34705.67,Web,Recurrente,Belleza,Web,2,217000.0,1
C0017,2025-05,32.0,7,135701.01,Web,Recurrente,Sin compra,Sin compra,0,0.0,0
C0017,2025-06,32.0,7,149634.37,Aplicacion,Recurrente,Belleza,Aplicacion,2,560000.0,1
C0017,2025-07,32.0,7,115013.31,Web,Recurrente,Hogar,Web,3,365000.0,1
C0017,2025-08,32.0,8,132509.27,Aplicacion,Recurrente,Belleza,Aplicacion,2,366000.0,1
C0017,2025-09,32.0,6,141312.97,Web,Recurrente,Electronica,Web,4,1330000.0,1
C0017,2025-10,32.0,13,115239.18,Aplicacion,Recurrente,Sin compra,Sin compra,0,0.0,0
C0017,2025-11,32.0,17,130283.7,Ambos,Recurrente,Sin compra,Sin compra,0,0.0,0
C0017,2025-12,32.0,3,106507.03,Web,Recurrente,Electronica,Web,3,698000.0,1
C0018,2025-01,54.0,10,,Aplicacion,Nuevo,Sin compra,Sin compra,0,0.0,0
C0018,2025-02,54.0,6,,Web,Nuevo,Sin compra,Sin compra,0,0.0,0
C0018,2025-03,54.0,6,120752.1,Web,Nuevo,Sin compra,Sin compra,0,0.0,0
C0018,2025-04,54.0,6,148496.99,Aplicacion,Recurrente,Belleza,Aplicacion,1,522000.0,1
C0018,2025-05,54.0,10,63041.0,Ambos,Recurrente,Deportes,Aplicacion,1,218000.0,1
C0018,2025-06,54.0,8,73020.66,Web,Recurrente,Sin compra,Sin compra,0,0.0,0
C0018,2025-07,54.0,8,139324.44,Web,Recurrente,Belleza,Web,1,476000.0,1
C0018,2025-08,54.0,14,102141.96,Ambos,Recurrente,Belleza,Web,1,475000.0,1
C0018,2025-09,54.0,5,106155.79,Web,Recurrente,Sin compra,Sin compra,0,0.0,0
C0018,2025-10,54.0,8,81658.21,Aplicacion,Recurrente,Sin compra,Sin compra,0,0.0,0
C0018,2025-11,54.0,7,137185.67,Aplicacion,Recurrente,Electronica,Aplicacion,1,1185000.0,1
C0018,2025-12,54.0,27,218919.16,Ambos,Recurrente,Ropa,Aplicacion,1,772000.0,1
C0019,2025-01,54.0,7,170088.05,Aplicacion,Recurrente,Electronica,Aplicacion,2,1239000.0,1
C0019,2025-02,54.0,11,118313.81,Aplicacion,Recurrente,Sin compra,Sin compra,0,0.0,0
C0019,2025-03,54.0,5,33618.69,Web,Recurrente,Sin compra,Sin compra,0,0.0,0
C0019,2025-04,54.0,9,63681.88,Web,Recurrente,Sin compra,Sin compra,0,0.0,0
C0019,2025-05,54.0,9,41030.65,Aplicacion,Recurrente,Deportes,Aplicacion,1,192000.0,1
C0019,2025-06,54.0,16,162468.51,Web,Recurrente,Sin compra,Sin compra,0,0.0,0
C0019,2025-07,54.0,19,127870.71,Ambos,Recurrente,Hogar,Aplicacion,2,505000.0,1
C0019,2025-08,54.0,9,79135.91,Web,Recurrente,Sin compra,Sin compra,0,0.0,0
C0019,2025-09,54.0,15,134442.91,Ambos,Recurrente,Belleza,Web,1,551000.0,1
C0019,2025-10,54.0,11,212856.29,Aplicacion,Recurrente,Sin compra,Sin compra,0,0.0,0
C0019,2025-11,54.0,20,198237.53,Ambos,Recurrente,Belleza,Aplicacion,1,777000.0,1
C0019,2025-12,54.0,4,80754.2,Aplicacion,Recurrente,Deportes,Aplicacion,3,308000.0,1
C0020,2025-01,33.0,11,92605.55,Aplicacion,Nuevo,Sin compra,Sin compra,0,0.0,0
C0020,2025-02,33.0,8,52398.34,Aplicacion,Recurrente,Hogar,Aplicacion,2,182000.0,1
C0020,2025-03,33.0,7,96104.09,Web,Recurrente,Sin compra,Sin compra,0,0.0,0
C0020,2025-04,33.0,3,99175.59,Web,Recurrente,Sin compra,Sin compra,0,0.0,0
C0020,2025-05,33.0,6,79003.03,Aplicacion,Recurrente,Sin compra,Sin compra,0,0.0,0
C0020,2025-06,33.0,12,136609.05,Ambos,Recurrente,Sin compra,Sin compra,0,0.0,0
C0020,2025-07,33.0,17,138248.1,Ambos,Recurrente,Ropa,Web,1,431000.0,1
C0020,2025-08,33.0,10,124690.98,Aplicacion,Recurrente,Ropa,Aplicacion,2,438000.0,1
C0020,2025-09,33.0,8,39686.23,Aplicacion,Recurrente,Deportes,Aplicacion,2,189000.0,1
C0020,2025-10,33.0,8,134789.25,Aplicacion,Recurrente,Electronica,Aplicacion,1,761000.0,1
C0020,2025-11,33.0,7,113482.01,Aplicacion,Recurrente,Sin compra,Sin compra,0,0.0,0
C0020,2025-12,33.0,10,150788.25,Web,Recurrente,Electronica,Web,1,1274000.0,1
C0021,2025-01,48.0,7,130406.33,Aplicacion,Recurrente,Electronica,Aplicacion,2,1615000.0,1
C0021,2025-02,48.0,5,91591.68,Web,Recurrente,Deportes,Web,3,250000.0,1
C0021,2025-03,48.0,7,94420.57,Aplicacion,Recurrente,Belleza,Aplicacion,1,306000.0,1
C0021,2025-04,48.0,3,72543.01,Aplicacion,Recurrente,Sin compra,Sin compra,0,0.0,0
C0021,2025-05,48.0,10,92076.74,Ambos,Recurrente,Electronica,Aplicacion,2,1043000.0,1
C0021,2025-06,48.0,15,,Ambos,Recurrente,Electronica,Web,1,816000.0,1
C0021,2025-07,,5,120802.77,Aplicacion,Recurrente,Hogar,Aplicacion,2,388000.0,1
C0021,2025-08,48.0,20,218839.47,Ambos,Recurrente,Ropa,Web,1,730000.0,1
C0021,2025-09,48.0,15,191838.42,Aplicacion,Recurrente,Belleza,Aplicacion,2,650000.0,1
C0021,2025-10,48.0,9,108344.42,Web,Recurrente,Belleza,Web,1,318000.0,1
C0021,2025-11,48.0,9,91983.1,Aplicacion,Recurrente,Belleza,Aplicacion,1,370000.0,1
C0021,2025-12,48.0,5,130898.77,Web,Recurrente,Hogar,Web,1,308000.0,1
C0022,2025-01,34.0,4,81742.74,Web,Nuevo,Sin compra,Sin compra,0,0.0,0
C0022,2025-02,34.0,18,98723.29,Ambos,Recurrente,Electronica,Web,2,997000.0,1
C0022,2025-03,34.0,2,27241.79,Web,Recurrente,Sin compra,Sin compra,0,0.0,0
C0022,2025-04,34.0,3,,Web,Recurrente,Hogar,Web,1,395000.0,1
C0022,2025-05,34.0,3,46009.05,Web,Recurrente,Sin compra,Sin compra,0,0.0,0
C0022,2025-06,34.0,4,,Web,Recurrente,Sin compra,Sin compra,0,0.0,0
C0022,2025-07,34.0,10,145609.49,Web,Recurrente,Sin compra,Sin compra,0,0.0,0
C0022,2025-08,34.0,16,196717.14,Ambos,Recurrente,Sin compra,Sin compra,0,0.0,0
C0022,2025-09,34.0,19,117891.72,Ambos,Recurrente,Deportes,Aplicacion,1,441000.0,1
C0022,2025-10,34.0,12,93587.7,Web,Recurrente,Ropa,Web,2,365000.0,1
C0022,2025-11,34.0,11,65655.33,Aplicacion,Recurrente,Electronica,Aplicacion,1,607000.0,1
C0022,2025-12,,12,111790.49,Aplicacion,Recurrente,Belleza,Aplicacion,3,478000.0,1
C0023,2025-01,24.0,3,43596.76,Web,Nuevo,Sin compra,Sin compra,0,0.0,0
C0023,2025-02,24.0,5,99691.53,Web,Nuevo,Sin compra,Sin compra,0,0.0,0
C0023,2025-03,24.0,6,94085.88,Web,Nuevo,Sin compra,Sin compra,0,0.0,0
C0023,2025-04,,8,73592.92,Aplicacion,Nuevo,Sin compra,Sin compra,0,0.0,0
C0023,2025-05,24.0,15,159655.65,Ambos,Recurrente,Ropa,Aplicacion,1,480000.0,1
C0023,2025-06,24.0,11,87418.54,Aplicacion,Recurrente,Sin compra,Sin compra,0,0.0,0
C0023,2025-07,24.0,10,75497.14,Web,Recurrente,Sin compra,Sin compra,0,0.0,0
C0023,2025-08,24.0,13,111469.61,Aplicacion,Recurrente,Deportes,Aplicacion,2,407000.0,1
C0023,2025-09,24.0,9,69087.54,Web,Recurrente,Hogar,Web,1,218000.0,1
C0023,2025-10,24.0,12,125978.36,Aplicacion,Recurrente,Belleza,Aplicacion,1,321000.0,1
C0023,2025-11,24.0,9,46957.29,Ambos,Recurrente,Deportes,Aplicacion,1,202000.0,1
C0023,2025-12,24.0,13,115011.67,Ambos,Recurrente,Sin compra,Sin compra,0,0.0,0
C0024,2025-01,45.0,9,93553.0,Web,Nuevo,Sin compra,Sin compra,0,0.0,0
C0024,2025-02,45.0,3,103200.68,Web,Nuevo,Sin compra,Sin compra,0,0.0,0
C0024,2025-03,45.0,9,142130.97,Aplicacion,Nuevo,Sin compra,Sin compra,0,0.0,0
C0024,2025-04,45.0,4,51849.49,Web,Recurrente,Electronica,Web,1,327000.0,1
C0024,2025-05,45.0,7,99436.48,Web,Recurrente,Deportes,Web,2,295000.0,1
C0024,2025-06,45.0,6,31433.31,Web,Recurrente,Electronica,Web,1,262000.0,1
C0024,2025-07,45.0,12,135491.6,Ambos,Recurrente,Sin compra,Sin compra,0,0.0,0
C0024,2025-08,45.0,7,83739.86,Web,Recurrente,Ropa,Web,1,263000.0,1
C0024,2025-09,45.0,5,86976.52,Web,Recurrente,Ropa,Web,3,298000.0,1
C0024,2025-10,45.0,5,,Aplicacion,Recurrente,Ropa,Aplicacion,2,411000.0,1
C0024,2025-11,45.0,11,120982.95,Ambos,Recurrente,Ropa,Aplicacion,1,276000.0,1
C0024,2025-12,45.0,14,188540.97,Ambos,Recurrente,Belleza,Aplicacion,2,546000.0,1
C0025,2025-01,52.0,6,95149.2,Web,Nuevo,Sin compra,Sin compra,0,0.0,0
C0025,2025-02,52.0,18,218365.89,Ambos,Nuevo,Sin compra,Sin compra,0,0.0,0
C0025,2025-03,52.0,14,163708.58,Web,Recurrente,Electronica,Web,2,1469000.0,1
C0025,2025-04,52.0,9,78663.45,Ambos,Recurrente,Electronica,Web,2,872000.0,1
C0025,2025-05,52.0,10,114016.52,Aplicacion,Recurrente,Sin compra,Sin compra,0,0.0,0
C0025,2025-06,52.0,4,69116.7,Aplicacion,Recurrente,Ropa,Aplicacion,1,317000.0,1
C0025,2025-07,52.0,11,163798.23,Ambos,Recurrente,Electronica,Aplicacion,1,905000.0,1
C0025,2025-08,52.0,6,124199.15,Web,Recurrente,Electronica,Web,3,823000.0,1
C0025,2025-09,52.0,8,86822.63,Aplicacion,Recurrente,Electronica,Aplicacion,2,786000.0,1
C0025,2025-10,52.0,11,,Aplicacion,Recurrente,Hogar,Aplicacion,1,488000.0,1
C0025,2025-11,52.0,9,58204.61,Aplicacion,Recurrente,Belleza,Aplicacion,3,232000.0,1
C0025,2025-12,52.0,12,100923.77,Aplicacion,Recurrente,Hogar,Aplicacion,2,417000.0,1
C0026,2025-01,53.0,11,144062.88,Aplicacion,Recurrente,Deportes,Aplicacion,1,517000.0,1
C0026,2025-02,53.0,11,75429.35,Web,Recurrente,Sin compra,Sin compra,0,0.0,0
C0026,2025-03,53.0,12,118887.59,Ambos,Recurrente,Sin compra,Sin compra,0,0.0,0
C0026,2025-04,53.0,6,115430.24,Web,Recurrente,Ropa,Web,3,318000.0,1
C0026,2025-05,,10,115030.55,Aplicacion,Recurrente,Deportes,Aplicacion,1,420000.0,1
C0026,2025-06,53.0,12,141204.1,Aplicacion,Recurrente,Hogar,Aplicacion,2,604000.0,1
C0026,2025-07,53.0,12,72295.47,Aplicacion,Recurrente,Belleza,Aplicacion,1,249000.0,1
C0026,2025-08,53.0,9,153144.17,Aplicacion,Recurrente,Deportes,Aplicacion,1,644000.0,1
C0026,2025-09,53.0,18,159098.59,Ambos,Recurrente,Deportes,Aplicacion,2,321000.0,1
C0026,2025-10,53.0,9,108087.57,Ambos,Recurrente,Ropa,Web,2,341000.0,1
C0026,2025-11,53.0,9,120448.48,Web,Recurrente,Deportes,Web,2,587000.0,1
C0026,2025-12,53.0,7,,Aplicacion,Recurrente,Belleza,Aplicacion,1,393000.0,1
C0027,2025-01,49.0,8,90918.4,Web,Nuevo,Sin compra,Sin compra,0,0.0,0
C0027,2025-02,49.0,8,81945.69,Aplicacion,Nuevo,Sin compra,Sin compra,0,0.0,0
C0027,2025-03,49.0,11,123804.33,Ambos,Nuevo,Sin compra,Sin compra,0,0.0,0
C0027,2025-04,49.0,10,115400.21,Web,Recurrente,Electronica,Web,1,1199000.0,1
C0027,2025-05,49.0,12,86110.84,Aplicacion,Recurrente,Sin compra,Sin compra,0,0.0,0
C0027,2025-06,49.0,11,184671.58,Aplicacion,Recurrente,Sin compra,Sin compra,0,0.0,0
C0027,2025-07,49.0,7,64494.88,Aplicacion,Recurrente,Sin compra,Sin compra,0,0.0,0
C0027,2025-08,49.0,7,123637.55,Web,Recurrente,Belleza,Web,3,387000.0,1
C0027,2025-09,49.0,8,137729.44,Aplicacion,Recurrente,Hogar,Aplicacion,2,383000.0,1
C0027,2025-10,49.0,9,90088.91,Web,Recurrente,Electronica,Web,3,661000.0,1
C0027,2025-11,49.0,6,44873.82,Web,Recurrente,Sin compra,Sin compra,0,0.0,0
C0027,2025-12,,8,110670.26,Web,Recurrente,Sin compra,Sin compra,0,0.0,0
C0028,2025-01,28.0,11,124173.29,Aplicacion,Nuevo,Sin compra,Sin compra,0,0.0,0
C0028,2025-02,28.0,14,95659.33,Aplicacion,Nuevo,Sin compra,Sin compra,0,0.0,0
C0028,2025-03,28.0,8,106881.37,Aplicacion,Nuevo,Sin compra,Sin compra,0,0.0,0
C0028,2025-04,28.0,7,75057.49,Web,Nuevo,Sin compra,Sin compra,0,0.0,0
C0028,2025-05,28.0,9,171922.6,Aplicacion,Nuevo,Sin compra,Sin compra,0,0.0,0
C0028,2025-06,28.0,8,84919.5,Web,Nuevo,Sin compra,Sin compra,0,0.0,0
C0028,2025-07,28.0,8,79728.6,Web,Recurrente,Hogar,Web,4,426000.0,1
C0028,2025-08,28.0,6,,Aplicacion,Recurrente,Sin compra,Sin compra,0,0.0,0
C0028,2025-09,28.0,9,149321.44,Ambos,Recurrente,Belleza,Aplicacion,2,311000.0,1
C0028,2025-10,28.0,8,53137.62,Aplicacion,Recurrente,Hogar,Aplicacion,4,195000.0,1
C0028,2025-11,28.0,9,77040.96,Aplicacion,Recurrente,Deportes,Aplicacion,2,210000.0,1
C0028,2025-12,28.0,9,97810.11,Aplicacion,Recurrente,Electronica,Aplicacion,1,701000.0,1
C0029,2025-01,59.0,5,88667.38,Aplicacion,Nuevo,Sin compra,Sin compra,0,0.0,0
C0029,2025-02,59.0,9,75326.26,Web,Nuevo,Sin compra,Sin compra,0,0.0,0
C0029,2025-03,59.0,8,101311.04,Aplicacion,Nuevo,Sin compra,Sin compra,0,0.0,0
C0029,2025-04,59.0,12,114902.98,Aplicacion,Recurrente,Hogar,Aplicacion,2,401000.0,1
C0029,2025-05,59.0,9,124775.12,Aplicacion,Recurrente,Electronica,Aplicacion,4,1062000.0,1
C0029,2025-06,59.0,12,90686.05,Aplicacion,Recurrente,Electronica,Aplicacion,1,649000.0,1
C0029,2025-07,59.0,16,110508.28,Ambos,Recurrente,Ropa,Aplicacion,1,564000.0,1
C0029,2025-08,59.0,8,62452.67,Ambos,Recurrente,Ropa,Web,1,271000.0,1
C0029,2025-09,59.0,10,112465.19,Ambos,Recurrente,Hogar,Web,2,382000.0,1
C0029,2025-10,59.0,18,157426.23,Aplicacion,Recurrente,Ropa,Aplicacion,3,438000.0,1
C0029,2025-11,59.0,4,174891.24,Aplicacion,Recurrente,Belleza,Aplicacion,2,365000.0,1
C0029,2025-12,59.0,9,116725.43,Aplicacion,Recurrente,Hogar,Aplicacion,4,438000.0,1
C0030,2025-01,60.0,7,138728.51,Aplicacion,Nuevo,Sin compra,Sin compra,0,0.0,0
C0030,2025-02,60.0,16,125533.93,Ambos,Nuevo,Sin compra,Sin compra,0,0.0,0
C0030,2025-03,60.0,8,98023.21,Aplicacion,Recurrente,Electronica,Aplicacion,1,1146000.0,1
C0030,2025-04,60.0,8,131647.25,Web,Recurrente,Sin compra,Sin compra,0,0.0,0
C0030,2025-05,60.0,13,118179.23,Aplicacion,Recurrente,Sin compra,Sin compra,0,0.0,0
C0030,2025-06,60.0,13,163517.46,Ambos,Recurrente,Sin compra,Sin compra,0,0.0,0
C0030,2025-07,60.0,6,67877.71,Web,Recurrente,Sin compra,Sin compra,0,0.0,0
C0030,2025-08,60.0,14,111038.12,Aplicacion,Recurrente,Deportes,Aplicacion,1,401000.0,1
C0030,2025-09,60.0,7,79509.61,Aplicacion,Recurrente,Deportes,Aplicacion,2,240000.0,1
C0030,2025-10,60.0,15,163777.76,Web,Recurrente,Sin compra,Sin compra,0,0.0,0
C0030,2025-11,60.0,3,94269.43,Web,Recurrente,Belleza,Web,1,283000.0,1
C0030,2025-12,60.0,11,108696.57,Ambos,Recurrente,Sin compra,Sin compra,0,0.0,0
C0031,2025-01,59.0,12,199592.59,Web,Nuevo,Sin compra,Sin compra,0,0.0,0
C0031,2025-02,59.0,7,92697.1,Web,Recurrente,Ropa,Web,2,284000.0,1
C0031,2025-03,59.0,7,30408.66,Aplicacion,Recurrente,Electronica,Aplicacion,1,288000.0,1
C0031,2025-04,59.0,7,169941.24,Web,Recurrente,Hogar,Web,4,394000.0,1
C0031,2025-05,59.0,12,108446.54,Web,Recurrente,Hogar,Web,1,413000.0,1
C0031,2025-06,59.0,11,,Ambos,Recurrente,Hogar,Web,2,545000.0,1
C0031,2025-07,59.0,4,93261.63,Aplicacion,Recurrente,Belleza,Aplicacion,1,367000.0,1
C0031,2025-08,59.0,6,82750.63,Web,Recurrente,Hogar,Web,2,382000.0,1
C0031,2025-09,59.0,11,105822.4,Aplicacion,Recurrente,Ropa,Aplicacion,1,383000.0,1
C0031,2025-10,59.0,12,105721.91,Web,Recurrente,Ropa,Web,2,408000.0,1
C0031,2025-11,,13,117815.94,Aplicacion,Recurrente,Electronica,Aplicacion,1,1155000.0,1
C0031,2025-12,59.0,9,131266.88,Web,Recurrente,Hogar,Web,3,466000.0,1
C0032,2025-01,33.0,5,95215.16,Web,Nuevo,Sin compra,Sin compra,0,0.0,0
C0032,2025-02,33.0,8,119925.35,Aplicacion,Recurrente,Electronica,Aplicacion,2,960000.0,1
C0032,2025-03,33.0,7,58126.04,Web,Recurrente,Sin compra,Sin compra,0,0.0,0
C0032,2025-04,33.0,10,159490.14,Web,Recurrente,Sin compra,Sin compra,0,0.0,0
C0032,2025-05,33.0,4,81356.54,Web,Recurrente,Sin compra,Sin compra,0,0.0,0
C0032,2025-06,33.0,11,76190.96,Web,Recurrente,Ropa,Web,2,266000.0,1
C0032,2025-07,33.0,9,91329.26,Aplicacion,Recurrente,Hogar,Aplicacion,3,444000.0,1
C0032,2025-08,33.0,11,89841.97,Web,Recurrente,Sin compra,Sin compra,0,0.0,0
C0032,2025-09,33.0,2,95705.26,Web,Recurrente,Deportes,Web,1,264000.0,1
C0032,2025-10,33.0,15,116235.31,Ambos,Recurrente,Ropa,Aplicacion,2,472000.0,1
C0032,2025-11,33.0,7,86260.94,Aplicacion,Recurrente,Electronica,Aplicacion,1,819000.0,1
C0032,2025-12,33.0,9,82246.67,Ambos,Recurrente,Electronica,Aplicacion,1,810000.0,1
C0033,2025-01,52.0,9,94092.57,Web,Nuevo,Sin compra,Sin compra,0,0.0,0
C0033,2025-02,52.0,8,69874.08,Web,Nuevo,Sin compra,Sin compra,0,0.0,0
C0033,2025-03,52.0,11,199017.62,Web,Nuevo,Sin compra,Sin compra,0,0.0,0
C0033,2025-04,52.0,7,128624.76,Web,Nuevo,Sin compra,Sin compra,0,0.0,0
C0033,2025-05,52.0,7,104583.92,Aplicacion,Recurrente,Belleza,Aplicacion,3,379000.0,1
C0033,2025-06,52.0,13,137644.77,Ambos,Recurrente,Ropa,Aplicacion,2,420000.0,1
C0033,2025-07,52.0,10,86115.83,Web,Recurrente,Ropa,Web,2,277000.0,1
C0033,2025-08,52.0,9,66874.31,Aplicacion,Recurrente,Deportes,Aplicacion,2,247000.0,1
C0033,2025-09,52.0,7,95826.19,Web,Recurrente,Sin compra,Sin compra,0,0.0,0
C0033,2025-10,52.0,7,153072.03,Aplicacion,Recurrente,Ropa,Aplicacion,1,442000.0,1
C0033,2025-11,52.0,9,114135.88,Aplicacion,Recurrente,Ropa,Aplicacion,1,304000.0,1
C0033,2025-12,52.0,16,163701.27,Ambos,Recurrente,Ropa,Web,1,497000.0,1
C0034,2025-01,33.0,10,156313.7,Aplicacion,Recurrente,Ropa,Aplicacion,1,438000.0,1
C0034,2025-02,33.0,10,93504.94,Aplicacion,Recurrente,Sin compra,Sin compra,0,0.0,0
C0034,2025-03,33.0,6,135451.8,Web,Recurrente,Sin compra,Sin compra,0,0.0,0
C0034,2025-04,33.0,18,144061.73,Ambos,Recurrente,Ropa,Web,2,413000.0,1
C0034,2025-05,33.0,9,131029.21,Aplicacion,Recurrente,Sin compra,Sin compra,0,0.0,0
C0034,2025-06,33.0,10,133488.86,Web,Recurrente,Deportes,Web,2,495000.0,1
C0034,2025-07,33.0,3,70521.43,Web,Recurrente,Sin compra,Sin compra,0,0.0,0
C0034,2025-08,33.0,13,115841.75,Ambos,Recurrente,Ropa,Web,1,346000.0,1
C0034,2025-09,33.0,9,60275.39,Aplicacion,Recurrente,Sin compra,Sin compra,0,0.0,0
C0034,2025-10,33.0,4,85077.91,Web,Recurrente,Sin compra,Sin compra,0,0.0,0
C0034,2025-11,33.0,12,52903.7,Web,Recurrente,Deportes,Web,2,255000.0,1
C0034,2025-12,33.0,5,55495.82,Web,Recurrente,Electronica,Web,2,645000.0,1
C0035,2025-01,65.0,10,121585.01,Web,Recurrente,Deportes,Web,2,598000.0,1
C0035,2025-02,65.0,10,121321.55,Aplicacion,Recurrente,Ropa,Aplicacion,3,406000.0,1
C0035,2025-03,65.0,11,126352.67,Aplicacion,Recurrente,Hogar,Aplicacion,1,573000.0,1
C0035,2025-04,65.0,8,139489.18,Web,Recurrente,Sin compra,Sin compra,0,0.0,0
C0035,2025-05,65.0,9,122996.92,Web,Recurrente,Belleza,Web,1,403000.0,1
C0035,2025-06,65.0,8,61286.78,Web,Recurrente,Belleza,Web,1,361000.0,1
C0035,2025-07,65.0,6,77040.14,Ambos,Recurrente,Ropa,Aplicacion,2,375000.0,1
C0035,2025-08,,2,86184.26,Web,Recurrente,Sin compra,Sin compra,0,0.0,0
C0035,2025-09,65.0,11,82251.08,Aplicacion,Recurrente,Electronica,Aplicacion,2,883000.0,1
C0035,2025-10,65.0,7,118360.38,Web,Recurrente,Belleza,Web,1,353000.0,1
C0035,2025-11,65.0,16,101199.41,Ambos,Recurrente,Ropa,Web,1,359000.0,1
C0035,2025-12,65.0,2,91860.33,Web,Recurrente,Deportes,Web,2,343000.0,1
C0036,2025-01,67.0,7,49158.23,Web,Recurrente,Electronica,Web,4,459000.0,1
C0036,2025-02,67.0,11,97544.95,Aplicacion,Recurrente,Sin compra,Sin compra,0,0.0,0
C0036,2025-03,67.0,13,119737.52,Web,Recurrente,Sin compra,Sin compra,0,0.0,0
C0036,2025-04,67.0,16,146992.09,Ambos,Recurrente,Sin compra,Sin compra,0,0.0,0
C0036,2025-05,67.0,10,115210.21,Aplicacion,Recurrente,Electronica,Aplicacion,1,857000.0,1
C0036,2025-06,67.0,7,67427.19,Aplicacion,Recurrente,Electronica,Aplicacion,1,661000.0,1
C0036,2025-07,67.0,8,93068.16,Web,Recurrente,Ropa,Web,4,250000.0,1
C0036,2025-08,67.0,10,189871.45,Web,Recurrente,Ropa,Web,2,394000.0,1
C0036,2025-09,67.0,13,120908.1,Ambos,Recurrente,Electronica,Web,2,787000.0,1
C0036,2025-10,67.0,15,71854.5,Ambos,Recurrente,Belleza,Web,1,221000.0,1
C0036,2025-11,67.0,4,73743.36,Web,Recurrente,Ropa,Web,3,248000.0,1
C0036,2025-12,67.0,17,124641.5,Aplicacion,Recurrente,Belleza,Aplicacion,1,353000.0,1
C0037,2025-01,32.0,10,172269.43,Web,Recurrente,Deportes,Web,2,547000.0,1
C0037,2025-02,32.0,16,178445.53,Ambos,Recurrente,Sin compra,Sin compra,0,0.0,0
C0037,2025-03,32.0,4,55804.88,Web,Recurrente,Belleza,Web,1,129000.0,1
C0037,2025-04,32.0,11,108229.13,Ambos,Recurrente,Ropa,Aplicacion,2,502000.0,1
C0037,2025-05,32.0,5,135868.29,Web,Recurrente,Sin compra,Sin compra,0,0.0,0
C0037,2025-06,32.0,13,114264.22,Ambos,Recurrente,Deportes,Web,1,454000.0,1
C0037,2025-07,32.0,5,185021.7,Web,Recurrente,Electronica,Web,2,1076000.0,1
C0037,2025-08,32.0,11,118159.05,Web,Recurrente,Electronica,Web,4,988000.0,1
C0037,2025-09,32.0,6,92229.56,Aplicacion,Recurrente,Electronica,Aplicacion,1,919000.0,1
C0037,2025-10,32.0,3,115891.16,Web,Recurrente,Deportes,Web,1,449000.0,1
C0037,2025-11,32.0,11,105437.53,Web,Recurrente,Ropa,Web,3,360000.0,1
C0037,2025-12,,6,110768.25,Aplicacion,Recurrente,Electronica,Aplicacion,2,941000.0,1
C0038,2025-01,65.0,7,102702.87,Web,Recurrente,Ropa,Web,2,409000.0,1
C0038,2025-02,65.0,4,59467.51,Web,Recurrente,Electronica,Web,3,388000.0,1
C0038,2025-03,65.0,11,83064.27,Aplicacion,Recurrente,Ropa,Aplicacion,1,230000.0,1
C0038,2025-04,65.0,12,160700.37,Web,Recurrente,Sin compra,Sin compra,0,0.0,0
C0038,2025-05,65.0,6,195864.55,Aplicacion,Recurrente,Electronica,Aplicacion,1,1204000.0,1
C0038,2025-06,65.0,9,54186.25,Web,Recurrente,Ropa,Web,4,270000.0,1
C0038,2025-07,65.0,9,107626.77,Web,Recurrente,Hogar,Web,3,541000.0,1
C0038,2025-08,65.0,11,97258.0,Ambos,Recurrente,Ropa,Aplicacion,1,354000.0,1
C0038,2025-09,65.0,7,129991.96,Web,Recurrente,Electronica,Web,2,1300000.0,1
C0038,2025-10,65.0,19,53030.79,Ambos,Recurrente,Ropa,Web,2,319000.0,1
C0038,2025-11,65.0,7,89944.19,Aplicacion,Recurrente,Hogar,Aplicacion,3,335000.0,1
C0038,2025-12,65.0,3,79082.9,Web,Recurrente,Ropa,Web,1,225000.0,1
C0039,2025-01,47.0,8,65848.33,Aplicacion,Nuevo,Sin compra,Sin compra,0,0.0,0
C0039,2025-02,47.0,14,143848.78,Aplicacion,Nuevo,Sin compra,Sin compra,0,0.0,0
C0039,2025-03,47.0,6,77827.87,Web,Nuevo,Sin compra,Sin compra,0,0.0,0
C0039,2025-04,47.0,6,122651.86,Aplicacion,Recurrente,Deportes,Aplicacion,1,361000.0,1
C0039,2025-05,47.0,8,79058.44,Web,Recurrente,Sin compra,Sin compra,0,0.0,0
C0039,2025-06,47.0,9,94549.32,Web,Recurrente,Sin compra,Sin compra,0,0.0,0
C0039,2025-07,47.0,16,104063.07,Ambos,Recurrente,Hogar,Aplicacion,3,432000.0,1
C0039,2025-08,47.0,2,72475.43,Web,Recurrente,Sin compra,Sin compra,0,0.0,0
C0039,2025-09,47.0,12,89491.42,Ambos,Recurrente,Belleza,Aplicacion,3,412000.0,1
C0039,2025-10,47.0,11,79122.5,Web,Recurrente,Deportes,Web,1,369000.0,1
C0039,2025-11,47.0,9,108403.2,Web,Recurrente,Deportes,Web,3,296000.0,1
C0039,2025-12,47.0,12,98424.98,Ambos,Recurrente,Sin compra,Sin compra,0,0.0,0
C0040,2025-01,35.0,11,115884.44,Web,Nuevo,Sin compra,Sin compra,0,0.0,0
C0040,2025-02,35.0,14,141895.35,Aplicacion,Recurrente,Belleza,Aplicacion,2,353000.0,1
C0040,2025-03,35.0,9,107411.07,Aplicacion,Recurrente,Deportes,Aplicacion,1,450000.0,1
C0040,2025-04,35.0,8,80731.27,Aplicacion,Recurrente,Ropa,Aplicacion,2,299000.0,1
C0040,2025-05,35.0,19,142074.03,Ambos,Recurrente,Belleza,Web,1,390000.0,1
C0040,2025-06,35.0,7,114874.03,Web,Recurrente,Electronica,Web,1,994000.0,1
C0040,2025-07,35.0,5,33757.19,Web,Recurrente,Hogar,Web,2,218000.0,1
C0040,2025-08,35.0,6,66469.95,Web,Recurrente,Sin compra,Sin compra,0,0.0,0
C0040,2025-09,35.0,11,,Web,Recurrente,Electronica,Web,3,998000.0,1
C0040,2025-10,35.0,7,103356.28,Web,Recurrente,Electronica,Web,1,814000.0,1
C0040,2025-11,35.0,8,105625.22,Web,Recurrente,Deportes,Web,2,488000.0,1
C0040,2025-12,35.0,7,107256.49,Web,Recurrente,Electronica,Web,1,759000.0,1
C0041,2025-01,33.0,8,167757.44,Aplicacion,Nuevo,Sin compra,Sin compra,0,0.0,0
C0041,2025-02,33.0,11,95504.87,Aplicacion,Nuevo,Sin compra,Sin compra,0,0.0,0
C0041,2025-03,33.0,10,41691.61,Aplicacion,Nuevo,Sin compra,Sin compra,0,0.0,0
C0041,2025-04,33.0,7,95067.53,Web,Nuevo,Sin compra,Sin compra,0,0.0,0
C0041,2025-05,33.0,11,75378.39,Aplicacion,Recurrente,Electronica,Aplicacion,1,589000.0,1
C0041,2025-06,33.0,16,144728.37,Ambos,Recurrente,Deportes,Aplicacion,3,431000.0,1
C0041,2025-07,,10,156306.54,Aplicacion,Recurrente,Hogar,Aplicacion,2,806000.0,1
C0041,2025-08,33.0,11,110913.09,Aplicacion,Recurrente,Sin compra,Sin compra,0,0.0,0
C0041,2025-09,33.0,8,109626.01,Web,Recurrente,Electronica,Web,2,1296000.0,1
C0041,2025-10,33.0,6,62782.34,Web,Recurrente,Sin compra,Sin compra,0,0.0,0
C0041,2025-11,33.0,10,120316.49,Aplicacion,Recurrente,Electronica,Aplicacion,1,924000.0,1
C0041,2025-12,33.0,6,94461.53,Web,Recurrente,Deportes,Web,1,375000.0,1
C0042,2025-01,41.0,13,111041.96,Aplicacion,Nuevo,Sin compra,Sin compra,0,0.0,0
C0042,2025-02,41.0,5,88507.52,Web,Nuevo,Sin compra,Sin compra,0,0.0,0
C0042,2025-03,41.0,7,102832.79,Aplicacion,Nuevo,Sin compra,Sin compra,0,0.0,0
C0042,2025-04,41.0,6,50314.68,Web,Nuevo,Sin compra,Sin compra,0,0.0,0
C0042,2025-05,41.0,6,125642.75,Web,Nuevo,Sin compra,Sin compra,0,0.0,0
C0042,2025-06,41.0,8,76239.98,Web,Nuevo,Sin compra,Sin compra,0,0.0,0
C0042,2025-07,41.0,13,73777.34,Ambos,Nuevo,Sin compra,Sin compra,0,0.0,0
C0042,2025-08,41.0,7,146768.2,Web,Nuevo,Sin compra,Sin compra,0,0.0,0
C0042,2025-09,,8,47854.66,Web,Nuevo,Sin compra,Sin compra,0,0.0,0
C0042,2025-10,41.0,8,90675.85,Aplicacion,Recurrente,Ropa,Aplicacion,1,345000.0,1
C0042,2025-11,41.0,13,144593.44,Ambos,Recurrente,Electronica,Web,1,1342000.0,1
C0042,2025-12,41.0,7,117862.79,Aplicacion,Recurrente,Sin compra,Sin compra,0,0.0,0
C0043,2025-01,67.0,4,94924.4,Web,Recurrente,Hogar,Web,3,434000.0,1
C0043,2025-02,67.0,9,152601.49,Aplicacion,Recurrente,Electronica,Aplicacion,2,1286000.0,1
C0043,2025-03,67.0,3,43284.69,Aplicacion,Recurrente,Sin compra,Sin compra,0,0.0,0
C0043,2025-04,67.0,11,155137.3,Aplicacion,Recurrente,Belleza,Aplicacion,1,465000.0,1
C0043,2025-05,67.0,8,68184.78,Aplicacion,Recurrente,Belleza,Aplicacion,3,217000.0,1
C0043,2025-06,67.0,8,121893.66,Web,Recurrente,Hogar,Web,1,358000.0,1
C0043,2025-07,67.0,5,66389.1,Web,Recurrente,Sin compra,Sin compra,0,0.0,0
C0043,2025-08,67.0,7,72668.26,Aplicacion,Recurrente,Hogar,Aplicacion,4,171000.0,1
C0043,2025-09,67.0,9,112915.19,Aplicacion,Recurrente,Ropa,Aplicacion,1,371000.0,1
C0043,2025-10,67.0,4,48622.37,Aplicacion,Recurrente,Hogar,Aplicacion,2,173000.0,1
C0043,2025-11,67.0,7,141216.26,Web,Recurrente,Belleza,Web,4,425000.0,1
C0043,2025-12,67.0,9,105937.1,Aplicacion,Recurrente,Belleza,Aplicacion,1,334000.0,1
C0044,2025-01,28.0,7,88159.17,Aplicacion,Recurrente,Hogar,Aplicacion,1,273000.0,1
C0044,2025-02,28.0,9,122723.96,Aplicacion,Recurrente,Ropa,Aplicacion,2,366000.0,1
C0044,2025-03,28.0,1,84898.02,Web,Recurrente,Belleza,Web,1,277000.0,1
C0044,2025-04,28.0,11,97511.76,Ambos,Recurrente,Sin compra,Sin compra,0,0.0,0
C0044,2025-05,28.0,6,84463.29,Web,Recurrente,Sin compra,Sin compra,0,0.0,0
C0044,2025-06,28.0,18,158990.39,Ambos,Recurrente,Hogar,Aplicacion,4,617000.0,1
C0044,2025-07,28.0,16,108299.81,Web,Recurrente,Belleza,Web,1,314000.0,1
C0044,2025-08,28.0,5,34159.96,Web,Recurrente,Electronica,Web,1,300000.0,1
C0044,2025-09,28.0,8,,Aplicacion,Recurrente,Hogar,Aplicacion,1,439000.0,1
C0044,2025-10,28.0,5,100053.41,Aplicacion,Recurrente,Hogar,Aplicacion,2,379000.0,1
C0044,2025-11,,7,117250.94,Web,Recurrente,Electronica,Web,1,939000.0,1
C0044,2025-12,28.0,3,79596.95,Web,Recurrente,Hogar,Web,1,282000.0,1
C0045,2025-01,23.0,16,149600.19,Ambos,Recurrente,Hogar,Web,2,649000.0,1
C0045,2025-02,23.0,8,107759.41,Web,Recurrente,Sin compra,Sin compra,0,0.0,0
C0045,2025-03,23.0,6,86271.68,Web,Recurrente,Hogar,Web,1,331000.0,1
C0045,2025-04,23.0,10,61719.86,Web,Recurrente,Sin compra,Sin compra,0,0.0,0
C0045,2025-05,23.0,16,150486.44,Ambos,Recurrente,Deportes,Aplicacion,1,889000.0,1
C0045,2025-06,23.0,10,36677.96,Aplicacion,Recurrente,Hogar,Aplicacion,3,180000.0,1
C0045,2025-07,23.0,5,106416.02,Aplicacion,Recurrente,Belleza,Aplicacion,1,283000.0,1
C0045,2025-08,23.0,3,60849.02,Web,Recurrente,Sin compra,Sin compra,0,0.0,0
C0045,2025-09,23.0,14,93862.5,Ambos,Recurrente,Ropa,Web,3,486000.0,1
C0045,2025-10,23.0,10,84282.83,Aplicacion,Recurrente,Ropa,Aplicacion,1,302000.0,1
C0045,2025-11,23.0,3,58837.89,Aplicacion,Recurrente,Deportes,Aplicacion,1,187000.0,1
C0045,2025-12,23.0,6,53553.87,Web,Recurrente,Deportes,Web,1,238000.0,1
C0046,2025-01,25.0,10,,Aplicacion,Recurrente,Belleza,Aplicacion,1,216000.0,1
C0046,2025-02,25.0,6,76796.99,Web,Recurrente,Electronica,Web,2,681000.0,1
C0046,2025-03,25.0,5,125219.45,Aplicacion,Recurrente,Hogar,Aplicacion,1,437000.0,1
C0046,2025-04,25.0,9,113221.42,Aplicacion,Recurrente,Sin compra,Sin compra,0,0.0,0
C0046,2025-05,25.0,15,165792.3,Ambos,Recurrente,Sin compra,Sin compra,0,0.0,0
C0046,2025-06,25.0,4,80527.68,Web,Recurrente,Sin compra,Sin compra,0,0.0,0
C0046,2025-07,25.0,13,131672.61,Web,Recurrente,Electronica,Web,1,1088000.0,1
C0046,2025-08,25.0,6,99642.68,Aplicacion,Recurrente,Deportes,Aplicacion,1,295000.0,1
C0046,2025-09,25.0,10,146733.09,Aplicacion,Recurrente,Hogar,Aplicacion,1,680000.0,1
C0046,2025-10,25.0,7,110390.6,Web,Recurrente,Deportes,Web,3,407000.0,1
C0046,2025-11,25.0,4,,Web,Recurrente,Electronica,Web,2,777000.0,1
C0046,2025-12,25.0,24,162888.98,Ambos,Recurrente,Electronica,Aplicacion,1,1433000.0,1
C0047,2025-01,19.0,9,65278.19,Ambos,Nuevo,Sin compra,Sin compra,0,0.0,0
C0047,2025-02,19.0,9,103492.78,Aplicacion,Nuevo,Sin compra,Sin compra,0,0.0,0
C0047,2025-03,19.0,9,105061.26,Aplicacion,Nuevo,Sin compra,Sin compra,0,0.0,0
C0047,2025-04,19.0,7,96129.97,Web,Nuevo,Sin compra,Sin compra,0,0.0,0
C0047,2025-05,19.0,5,142245.88,Aplicacion,Nuevo,Sin compra,Sin compra,0,0.0,0
C0047,2025-06,19.0,5,49936.22,Web,Nuevo,Sin compra,Sin compra,0,0.0,0
C0047,2025-07,19.0,6,56020.97,Aplicacion,Nuevo,Sin compra,Sin compra,0,0.0,0
C0047,2025-08,19.0,6,120914.42,Web,Recurrente,Deportes,Web,2,344000.0,1
C0047,2025-09,19.0,7,89533.51,Aplicacion,Recurrente,Sin compra,Sin compra,0,0.0,0
C0047,2025-10,19.0,9,68473.28,Web,Recurrente,Electronica,Web,1,585000.0,1
C0047,2025-11,19.0,6,60659.22,Web,Recurrente,Electronica,Web,1,387000.0,1
C0047,2025-12,19.0,15,156111.15,Aplicacion,Recurrente,Hogar,Aplicacion,1,460000.0,1
C0048,2025-01,21.0,10,149892.43,Aplicacion,Recurrente,Hogar,Aplicacion,2,563000.0,1
C0048,2025-02,21.0,4,65635.09,Web,Recurrente,Sin compra,Sin compra,0,0.0,0
C0048,2025-03,21.0,6,111022.8,Aplicacion,Recurrente,Deportes,Aplicacion,1,388000.0,1
C0048,2025-04,21.0,4,63014.98,Aplicacion,Recurrente,Sin compra,Sin compra,0,0.0,0
C0048,2025-05,21.0,14,130911.6,Ambos,Recurrente,Sin compra,Sin compra,0,0.0,0
C0048,2025-06,21.0,9,100463.61,Web,Recurrente,Sin compra,Sin compra,0,0.0,0
C0048,2025-07,21.0,7,131625.62,Web,Recurrente,Sin compra,Sin compra,0,0.0,0
C0048,2025-08,21.0,11,141402.78,Ambos,Recurrente,Electronica,Web,1,1242000.0,1
C0048,2025-09,21.0,6,53816.24,Web,Recurrente,Sin compra,Sin compra,0,0.0,0
C0048,2025-10,21.0,21,166233.81,Ambos,Recurrente,Deportes,Web,1,526000.0,1
C0048,2025-11,21.0,6,121014.35,Aplicacion,Recurrente,Ropa,Aplicacion,2,378000.0,1
C0048,2025-12,21.0,9,74171.63,Aplicacion,Recurrente,Hogar,Aplicacion,1,264000.0,1
C0049,2025-01,38.0,10,104269.46,Web,Nuevo,Sin compra,Sin compra,0,0.0,0
C0049,2025-02,38.0,4,41380.87,Web,Nuevo,Sin compra,Sin compra,0,0.0,0
C0049,2025-03,38.0,5,130373.81,Web,Recurrente,Electronica,Web,2,992000.0,1
C0049,2025-04,38.0,12,79619.51,Aplicacion,Recurrente,Sin compra,Sin compra,0,0.0,0
C0049,2025-05,38.0,14,143176.76,Ambos,Recurrente,Belleza,Web,2,531000.0,1
C0049,2025-06,38.0,6,64995.13,Aplicacion,Recurrente,Belleza,Aplicacion,2,278000.0,1
C0049,2025-07,38.0,1,73572.01,Web,Recurrente,Sin compra,Sin compra,0,0.0,0
C0049,2025-08,38.0,7,84900.13,Aplicacion,Recurrente,Belleza,Aplicacion,1,312000.0,1
C0049,2025-09,38.0,11,137850.83,Web,Recurrente,Hogar,Web,4,426000.0,1
C0049,2025-10,38.0,6,49048.7,Aplicacion,Recurrente,Belleza,Aplicacion,1,192000.0,1
C0049,2025-11,38.0,8,79860.53,Aplicacion,Recurrente,Belleza,Aplicacion,1,219000.0,1
C0049,2025-12,38.0,6,108030.68,Web,Recurrente,Electronica,Web,2,554000.0,1
C0050,2025-01,58.0,8,90578.59,Aplicacion,Recurrente,Deportes,Aplicacion,2,341000.0,1
C0050,2025-02,58.0,15,120717.5,Aplicacion,Recurrente,Belleza,Aplicacion,1,408000.0,1
C0050,2025-03,58.0,5,49646.19,Web,Recurrente,Belleza,Web,1,210000.0,1
C0050,2025-04,58.0,7,128868.19,Aplicacion,Recurrente,Ropa,Aplicacion,1,484000.0,1
C0050,2025-05,58.0,12,160573.03,Aplicacion,Recurrente,Deportes,Aplicacion,2,424000.0,1
C0050,2025-06,58.0,14,72797.97,Aplicacion,Recurrente,Deportes,Aplicacion,1,256000.0,1
C0050,2025-07,58.0,13,57695.3,Ambos,Recurrente,Deportes,Web,1,259000.0,1
C0050,2025-08,58.0,13,129059.62,Aplicacion,Recurrente,Ropa,Aplicacion,1,442000.0,1
C0050,2025-09,58.0,12,181275.19,Web,Recurrente,Belleza,Web,2,586000.0,1
C0050,2025-10,58.0,5,103869.21,Web,Recurrente,Electronica,Web,1,597000.0,1
C0050,2025-11,58.0,7,123478.55,Web,Recurrente,Electronica,Web,1,871000.0,1
C0050,2025-12,58.0,5,78169.51,Web,Recurrente,Belleza,Web,1,287000.0,1
C0051,2025-01,41.0,10,151502.13,Ambos,Nuevo,Sin compra,Sin compra,0,0.0,0
C0051,2025-02,41.0,8,154466.4,Web,Recurrente,Ropa,Web,3,704000.0,1
C0051,2025-03,41.0,11,105048.65,Ambos,Recurrente,Sin compra,Sin compra,0,0.0,0
C0051,2025-04,41.0,9,115100.43,Web,Recurrente,Sin compra,Sin compra,0,0.0,0
C0051,2025-05,41.0,7,120909.3,Aplicacion,Recurrente,Ropa,Aplicacion,2,302000.0,1
C0051,2025-06,41.0,8,127256.53,Web,Recurrente,Sin compra,Sin compra,0,0.0,0
C0051,2025-07,41.0,15,153040.86,Ambos,Recurrente,Ropa,Web,3,702000.0,1
C0051,2025-08,41.0,15,115112.16,Ambos,Recurrente,Hogar,Aplicacion,1,425000.0,1
C0051,2025-09,41.0,13,124608.38,Web,Recurrente,Ropa,Web,1,317000.0,1
C0051,2025-10,41.0,11,102455.24,Aplicacion,Recurrente,Deportes,Aplicacion,1,489000.0,1
C0051,2025-11,41.0,15,142839.13,Ambos,Recurrente,Belleza,Aplicacion,1,368000.0,1
C0051,2025-12,41.0,8,129052.78,Aplicacion,Recurrente,Electronica,Aplicacion,1,759000.0,1
C0052,2025-01,69.0,14,111586.11,Aplicacion,Recurrente,Ropa,Aplicacion,1,454000.0,1
C0052,2025-02,69.0,6,104155.29,Web,Recurrente,Electronica,Web,2,967000.0,1
C0052,2025-03,69.0,8,83234.45,Aplicacion,Recurrente,Deportes,Aplicacion,1,312000.0,1
C0052,2025-04,69.0,7,69303.36,Web,Recurrente,Deportes,Web,1,229000.0,1
C0052,2025-05,,10,75969.07,Aplicacion,Recurrente,Electronica,Aplicacion,2,484000.0,1
C0052,2025-06,69.0,5,109718.83,Web,Recurrente,Ropa,Web,1,357000.0,1
C0052,2025-07,69.0,8,159203.32,Web,Recurrente,Electronica,Web,1,715000.0,1
C0052,2025-08,69.0,7,121110.1,Aplicacion,Recurrente,Ropa,Aplicacion,1,290000.0,1
C0052,2025-09,69.0,6,109155.24,Web,Recurrente,Electronica,Web,4,1007000.0,1
C0052,2025-10,69.0,11,,Aplicacion,Recurrente,Sin compra,Sin compra,0,0.0,0
C0052,2025-11,69.0,13,132219.12,Ambos,Recurrente,Hogar,Web,2,554000.0,1
C0052,2025-12,69.0,12,,Web,Recurrente,Ropa,Web,1,470000.0,1
C0053,2025-01,48.0,8,96352.79,Aplicacion,Nuevo,Sin compra,Sin compra,0,0.0,0
C0053,2025-02,48.0,13,93117.37,Aplicacion,Recurrente,Hogar,Aplicacion,1,407000.0,1
C0053,2025-03,48.0,14,127382.86,Ambos,Recurrente,Sin compra,Sin compra,0,0.0,0
C0053,2025-04,48.0,12,88757.77,Ambos,Recurrente,Sin compra,Sin compra,0,0.0,0
C0053,2025-05,48.0,19,152644.52,Ambos,Recurrente,Sin compra,Sin compra,0,0.0,0
C0053,2025-06,48.0,9,,Aplicacion,Recurrente,Sin compra,Sin compra,0,0.0,0
C0053,2025-07,48.0,10,61495.39,Ambos,Recurrente,Sin compra,Sin compra,0,0.0,0
C0053,2025-08,48.0,10,57290.91,Ambos,Recurrente,Sin compra,Sin compra,0,0.0,0
C0053,2025-09,48.0,5,115200.56,Aplicacion,Recurrente,Sin compra,Sin compra,0,0.0,0
C0053,2025-10,48.0,10,120045.18,Web,Recurrente,Sin compra,Sin compra,0,0.0,0
C0053,2025-11,,13,90449.68,Ambos,Recurrente,Electronica,Aplicacion,3,612000.0,1
C0053,2025-12,48.0,6,85843.56,Aplicacion,Recurrente,Belleza,Aplicacion,1,302000.0,1
C0054,2025-01,47.0,19,92478.66,Ambos,Recurrente,Ropa,Web,1,253000.0,1
C0054,2025-02,47.0,14,160331.88,Aplicacion,Recurrente,Sin compra,Sin compra,0,0.0,0
C0054,2025-03,47.0,6,78017.66,Aplicacion,Recurrente,Sin compra,Sin compra,0,0.0,0
C0054,2025-04,47.0,5,141950.47,Aplicacion,Recurrente,Sin compra,Sin compra,0,0.0,0
C0054,2025-05,47.0,13,89372.45,Ambos,Recurrente,Sin compra,Sin compra,0,0.0,0
C0054,2025-06,47.0,3,51187.9,Web,Recurrente,Sin compra,Sin compra,0,0.0,0
C0054,2025-07,47.0,9,61553.4,Web,Recurrente,Sin compra,Sin compra,0,0.0,0
C0054,2025-08,47.0,5,83036.43,Web,Recurrente,Belleza,Web,1,303000.0,1
C0054,2025-09,47.0,13,159530.96,Web,Recurrente,Sin compra,Sin compra,0,0.0,0
C0054,2025-10,47.0,18,142376.21,Ambos,Recurrente,Hogar,Aplicacion,1,711000.0,1
C0054,2025-11,47.0,15,115224.26,Ambos,Recurrente,Sin compra,Sin compra,0,0.0,0
C0054,2025-12,47.0,1,99540.74,Web,Recurrente,Sin compra,Sin compra,0,0.0,0
C0055,2025-01,70.0,10,110474.35,Aplicacion,Recurrente,Belleza,Aplicacion,4,288000.0,1
C0055,2025-02,70.0,2,137564.97,Aplicacion,Recurrente,Sin compra,Sin compra,0,0.0,0
C0055,2025-03,70.0,11,,Aplicacion,Recurrente,Ropa,Aplicacion,2,446000.0,1
C0055,2025-04,70.0,10,151250.2,Web,Recurrente,Ropa,Web,1,483000.0,1
C0055,2025-05,70.0,13,81662.78,Ambos,Recurrente,Ropa,Web,1,298000.0,1
C0055,2025-06,70.0,10,,Aplicacion,Recurrente,Belleza,Aplicacion,2,229000.0,1
C0055,2025-07,70.0,18,83545.46,Ambos,Recurrente,Belleza,Aplicacion,3,307000.0,1
C0055,2025-08,70.0,8,123835.94,Web,Recurrente,Ropa,Web,3,473000.0,1
C0055,2025-09,70.0,8,120791.96,Web,Recurrente,Hogar,Web,3,306000.0,1
C0055,2025-10,70.0,8,85067.21,Web,Recurrente,Deportes,Web,3,283000.0,1
C0055,2025-11,70.0,10,107863.44,Ambos,Recurrente,Electronica,Web,1,733000.0,1
C0055,2025-12,70.0,7,128334.22,Aplicacion,Recurrente,Electronica,Aplicacion,2,678000.0,1
C0056,2025-01,27.0,19,121529.69,Ambos,Recurrente,Belleza,Web,1,512000.0,1
C0056,2025-02,27.0,13,123278.65,Ambos,Recurrente,Hogar,Web,1,463000.0,1
C0056,2025-03,27.0,20,142400.41,Ambos,Recurrente,Electronica,Web,2,1162000.0,1
C0056,2025-04,27.0,10,73464.02,Aplicacion,Recurrente,Deportes,Aplicacion,3,351000.0,1
C0056,2025-05,27.0,4,70227.86,Web,Recurrente,Hogar,Web,1,228000.0,1
C0056,2025-06,27.0,10,97497.72,Ambos,Recurrente,Sin compra,Sin compra,0,0.0,0
C0056,2025-07,27.0,13,141606.05,Aplicacion,Recurrente,Deportes,Aplicacion,1,940000.0,1
C0056,2025-08,27.0,8,97011.91,Web,Recurrente,Electronica,Web,2,691000.0,1
C0056,2025-09,27.0,4,46448.58,Web,Recurrente,Ropa,Web,2,140000.0,1
C0056,2025-10,27.0,9,78571.01,Web,Recurrente,Deportes,Web,3,338000.0,1
C0056,2025-11,27.0,8,93971.68,Aplicacion,Recurrente,Hogar,Aplicacion,1,381000.0,1
C0056,2025-12,27.0,19,184205.23,Ambos,Recurrente,Belleza,Web,3,473000.0,1
C0057,2025-01,31.0,8,79326.57,Aplicacion,Nuevo,Sin compra,Sin compra,0,0.0,0
C0057,2025-02,31.0,10,113554.7,Aplicacion,Nuevo,Sin compra,Sin compra,0,0.0,0
C0057,2025-03,31.0,6,107146.58,Web,Nuevo,Sin compra,Sin compra,0,0.0,0
C0057,2025-04,31.0,11,162984.83,Aplicacion,Nuevo,Sin compra,Sin compra,0,0.0,0
C0057,2025-05,31.0,11,96586.6,Aplicacion,Nuevo,Sin compra,Sin compra,0,0.0,0
C0057,2025-06,31.0,9,107830.6,Aplicacion,Recurrente,Hogar,Aplicacion,1,333000.0,1
C0057,2025-07,31.0,9,79845.54,Web,Recurrente,Hogar,Web,1,375000.0,1
C0057,2025-08,31.0,12,141770.17,Web,Recurrente,Sin compra,Sin compra,0,0.0,0
C0057,2025-09,31.0,5,53376.99,Web,Recurrente,Deportes,Web,1,224000.0,1
C0057,2025-10,31.0,4,52421.4,Web,Recurrente,Sin compra,Sin compra,0,0.0,0
C0057,2025-11,31.0,2,61517.4,Web,Recurrente,Sin compra,Sin compra,0,0.0,0
C0057,2025-12,31.0,16,142767.48,Ambos,Recurrente,Electronica,Aplicacion,4,1217000.0,1
C0058,2025-01,,13,114382.29,Ambos,Nuevo,Sin compra,Sin compra,0,0.0,0
C0058,2025-02,43.0,5,134827.16,Web,Recurrente,Deportes,Web,3,522000.0,1
C0058,2025-03,43.0,8,40984.91,Aplicacion,Recurrente,Ropa,Aplicacion,1,160000.0,1
C0058,2025-04,43.0,3,89763.65,Aplicacion,Recurrente,Hogar,Aplicacion,2,411000.0,1
C0058,2025-05,,4,,Aplicacion,Recurrente,Sin compra,Sin compra,0,0.0,0
C0058,2025-06,43.0,4,65891.02,Web,Recurrente,Sin compra,Sin compra,0,0.0,0
C0058,2025-07,43.0,16,162414.66,Ambos,Recurrente,Ropa,Web,1,540000.0,1
C0058,2025-08,43.0,10,80018.97,Aplicacion,Recurrente,Sin compra,Sin compra,0,0.0,0
C0058,2025-09,43.0,9,72235.5,Ambos,Recurrente,Sin compra,Sin compra,0,0.0,0
C0058,2025-10,,6,81308.64,Aplicacion,Recurrente,Belleza,Aplicacion,3,306000.0,1
C0058,2025-11,43.0,10,109227.92,Web,Recurrente,Sin compra,Sin compra,0,0.0,0
C0058,2025-12,43.0,6,108583.45,Web,Recurrente,Ropa,Web,1,293000.0,1
C0059,2025-01,34.0,8,39616.14,Web,Nuevo,Sin compra,Sin compra,0,0.0,0
C0059,2025-02,34.0,10,73565.89,Web,Recurrente,Hogar,Web,2,355000.0,1
C0059,2025-03,34.0,12,80159.61,Aplicacion,Recurrente,Hogar,Aplicacion,3,353000.0,1
C0059,2025-04,34.0,12,173099.24,Web,Recurrente,Electronica,Web,1,2089000.0,1
C0059,2025-05,34.0,24,182848.61,Ambos,Recurrente,Ropa,Web,2,608000.0,1
C0059,2025-06,34.0,8,,Web,Recurrente,Ropa,Web,2,480000.0,1
C0059,2025-07,34.0,11,132035.16,Ambos,Recurrente,Belleza,Web,1,470000.0,1
C0059,2025-08,34.0,6,65444.23,Aplicacion,Recurrente,Ropa,Aplicacion,2,326000.0,1
C0059,2025-09,34.0,13,124387.5,Aplicacion,Recurrente,Belleza,Aplicacion,2,423000.0,1
C0059,2025-10,34.0,10,88906.31,Aplicacion,Recurrente,Hogar,Aplicacion,3,387000.0,1
C0059,2025-11,34.0,8,118477.0,Aplicacion,Recurrente,Deportes,Aplicacion,1,262000.0,1
C0059,2025-12,34.0,6,86043.75,Web,Recurrente,Belleza,Web,1,215000.0,1
C0060,2025-01,66.0,8,114860.73,Aplicacion,Nuevo,Sin compra,Sin compra,0,0.0,0
C0060,2025-02,66.0,13,110199.17,Aplicacion,Recurrente,Hogar,Aplicacion,2,528000.0,1
C0060,2025-03,66.0,9,93073.1,Web,Recurrente,Sin compra,Sin compra,0,0.0,0
C0060,2025-04,,7,145949.52,Aplicacion,Recurrente,Ropa,Aplicacion,1,498000.0,1
C0060,2025-05,66.0,6,18095.94,Web,Recurrente,Sin compra,Sin compra,0,0.0,0
C0060,2025-06,66.0,7,72413.04,Web,Recurrente,Sin compra,Sin compra,0,0.0,0
C0060,2025-07,66.0,8,82820.25,Aplicacion,Recurrente,Sin compra,Sin compra,0,0.0,0
C0060,2025-08,66.0,15,153397.79,Aplicacion,Recurrente,Sin compra,Sin compra,0,0.0,0
C0060,2025-09,66.0,12,150384.74,Web,Recurrente,Sin compra,Sin compra,0,0.0,0
C0060,2025-10,66.0,18,107152.91,Ambos,Recurrente,Deportes,Aplicacion,1,493000.0,1
C0060,2025-11,66.0,8,97265.13,Aplicacion,Recurrente,Electronica,Aplicacion,1,730000.0,1
C0060,2025-12,66.0,12,68701.38,Aplicacion,Recurrente,Sin compra,Sin compra,0,0.0,0
C0061,2025-01,39.0,10,114074.46,Web,Recurrente,Electronica,Web,1,1044000.0,1
C0061,2025-02,39.0,7,104356.57,Aplicacion,Recurrente,Belleza,Aplicacion,1,306000.0,1
C0061,2025-03,39.0,6,124154.77,Web,Recurrente,Belleza,Web,1,370000.0,1
C0061,2025-04,39.0,8,114846.19,Web,Recurrente,Sin compra,Sin compra,0,0.0,0
C0061,2025-05,39.0,9,79010.94,Aplicacion,Recurrente,Belleza,Aplicacion,2,347000.0,1
C0061,2025-06,39.0,10,64045.84,Aplicacion,Recurrente,Sin compra,Sin compra,0,0.0,0
C0061,2025-07,39.0,15,162146.06,Ambos,Recurrente,Ropa,Web,1,664000.0,1
C0061,2025-08,39.0,14,158725.8,Ambos,Recurrente,Ropa,Aplicacion,3,478000.0,1
C0061,2025-09,39.0,12,104124.98,Aplicacion,Recurrente,Electronica,Aplicacion,3,860000.0,1
C0061,2025-10,39.0,8,92199.71,Aplicacion,Recurrente,Belleza,Aplicacion,2,316000.0,1
C0061,2025-11,39.0,9,66734.59,Web,Recurrente,Deportes,Web,1,261000.0,1
C0061,2025-12,39.0,5,37048.05,Web,Recurrente,Electronica,Web,1,360000.0,1
C0062,2025-01,29.0,5,90814.6,Web,Nuevo,Sin compra,Sin compra,0,0.0,0
C0062,2025-02,29.0,14,104977.47,Ambos,Nuevo,Sin compra,Sin compra,0,0.0,0
C0062,2025-03,29.0,7,88346.59,Web,Recurrente,Belleza,Web,1,239000.0,1
C0062,2025-04,29.0,9,,Web,Recurrente,Hogar,Web,3,444000.0,1
C0062,2025-05,29.0,14,122582.66,Ambos,Recurrente,Belleza,Web,1,327000.0,1
C0062,2025-06,29.0,1,50451.85,Web,Recurrente,Sin compra,Sin compra,0,0.0,0
C0062,2025-07,29.0,4,47763.34,Web,Recurrente,Ropa,Web,1,151000.0,1
C0062,2025-08,29.0,14,196172.05,Aplicacion,Recurrente,Deportes,Aplicacion,1,844000.0,1
C0062,2025-09,29.0,6,50763.94,Web,Recurrente,Hogar,Web,4,317000.0,1
C0062,2025-10,29.0,4,40375.51,Aplicacion,Recurrente,Sin compra,Sin compra,0,0.0,0
C0062,2025-11,29.0,6,47989.96,Web,Recurrente,Deportes,Web,3,292000.0,1
C0062,2025-12,29.0,7,129631.97,Aplicacion,Recurrente,Electronica,Aplicacion,2,1029000.0,1
C0063,2025-01,69.0,11,126231.36,Aplicacion,Nuevo,Sin compra,Sin compra,0,0.0,0
C0063,2025-02,69.0,9,88214.44,Web,Nuevo,Sin compra,Sin compra,0,0.0,0
C0063,2025-03,69.0,10,147109.68,Aplicacion,Recurrente,Belleza,Aplicacion,1,403000.0,1
C0063,2025-04,69.0,13,150979.04,Aplicacion,Recurrente,Sin compra,Sin compra,0,0.0,0
C0063,2025-05,69.0,15,146376.24,Ambos,Recurrente,Sin compra,Sin compra,0,0.0,0
C0063,2025-06,69.0,3,69274.95,Web,Recurrente,Sin compra,Sin compra,0,0.0,0
C0063,2025-07,69.0,4,121823.96,Web,Recurrente,Sin compra,Sin compra,0,0.0,0
C0063,2025-08,69.0,11,143085.84,Ambos,Recurrente,Sin compra,Sin compra,0,0.0,0
C0063,2025-09,69.0,3,49621.04,Web,Recurrente,Sin compra,Sin compra,0,0.0,0
C0063,2025-10,69.0,10,127478.31,Aplicacion,Recurrente,Sin compra,Sin compra,0,0.0,0
C0063,2025-11,69.0,11,136658.19,Aplicacion,Recurrente,Ropa,Aplicacion,2,522000.0,1
C0063,2025-12,69.0,13,114660.31,Ambos,Recurrente,Sin compra,Sin compra,0,0.0,0
C0064,2025-01,33.0,3,71725.22,Web,Recurrente,Ropa,Web,3,330000.0,1
C0064,2025-02,33.0,20,132151.72,Ambos,Recurrente,Belleza,Aplicacion,2,462000.0,1
C0064,2025-03,33.0,7,100773.56,Web,Recurrente,Sin compra,Sin compra,0,0.0,0
C0064,2025-04,33.0,9,131219.76,Aplicacion,Recurrente,Hogar,Aplicacion,1,435000.0,1
C0064,2025-05,33.0,14,169124.08,Ambos,Recurrente,Ropa,Web,2,394000.0,1
C0064,2025-06,33.0,8,84560.28,Aplicacion,Recurrente,Sin compra,Sin compra,0,0.0,0
C0064,2025-07,33.0,10,150301.53,Aplicacion,Recurrente,Sin compra,Sin compra,0,0.0,0
C0064,2025-08,33.0,4,58593.27,Web,Recurrente,Sin compra,Sin compra,0,0.0,0
C0064,2025-09,33.0,4,88465.93,Web,Recurrente,Sin compra,Sin compra,0,0.0,0
C0064,2025-10,33.0,4,44740.21,Web,Recurrente,Hogar,Web,1,138000.0,1
C0064,2025-11,33.0,6,97823.93,Web,Recurrente,Ropa,Web,1,458000.0,1
C0064,2025-12,33.0,5,113653.97,Web,Recurrente,Electronica,Web,4,627000.0,1
C0065,2025-01,35.0,5,87247.69,Web,Nuevo,Sin compra,Sin compra,0,0.0,0
C0065,2025-02,35.0,6,46139.41,Aplicacion,Nuevo,Sin compra,Sin compra,0,0.0,0
C0065,2025-03,35.0,10,152135.48,Aplicacion,Recurrente,Ropa,Aplicacion,2,426000.0,1
C0065,2025-04,35.0,11,142904.42,Ambos,Recurrente,Sin compra,Sin compra,0,0.0,0
C0065,2025-05,35.0,9,109552.48,Ambos,Recurrente,Sin compra,Sin compra,0,0.0,0
C0065,2025-06,35.0,8,68624.16,Aplicacion,Recurrente,Electronica,Aplicacion,2,557000.0,1
C0065,2025-07,35.0,12,65415.51,Aplicacion,Recurrente,Electronica,Aplicacion,2,642000.0,1
C0065,2025-08,35.0,8,,Aplicacion,Recurrente,Sin compra,Sin compra,0,0.0,0
C0065,2025-09,35.0,7,76203.27,Web,Recurrente,Hogar,Web,2,231000.0,1
C0065,2025-10,35.0,4,88005.79,Aplicacion,Recurrente,Ropa,Aplicacion,1,325000.0,1
C0065,2025-11,35.0,11,142944.46,Web,Recurrente,Deportes,Web,1,551000.0,1
C0065,2025-12,35.0,11,106294.25,Aplicacion,Recurrente,Sin compra,Sin compra,0,0.0,0
C0066,2025-01,40.0,5,116941.93,Aplicacion,Recurrente,Belleza,Aplicacion,3,357000.0,1
C0066,2025-02,40.0,5,22450.67,Web,Recurrente,Sin compra,Sin compra,0,0.0,0
C0066,2025-03,40.0,14,126553.68,Aplicacion,Recurrente,Hogar,Aplicacion,3,425000.0,1
C0066,2025-04,40.0,7,80015.33,Web,Recurrente,Deportes,Web,1,275000.0,1
C0066,2025-05,40.0,13,170608.89,Aplicacion,Recurrente,Sin compra,Sin compra,0,0.0,0
C0066,2025-06,40.0,5,122204.42,Web,Recurrente,Electronica,Web,1,607000.0,1
C0066,2025-07,40.0,13,117314.5,Aplicacion,Recurrente,Deportes,Aplicacion,3,484000.0,1
C0066,2025-08,40.0,7,,Web,Recurrente,Electronica,Web,3,728000.0,1
C0066,2025-09,40.0,23,166204.94,Ambos,Recurrente,Electronica,Web,2,1020000.0,1
C0066,2025-10,40.0,6,33811.01,Web,Recurrente,Ropa,Web,2,152000.0,1
C0066,2025-11,40.0,13,144940.26,Ambos,Recurrente,Ropa,Web,1,529000.0,1
C0066,2025-12,40.0,8,,Aplicacion,Recurrente,Electronica,Aplicacion,3,877000.0,1
C0067,2025-01,35.0,3,29705.46,Web,Nuevo,Sin compra,Sin compra,0,0.0,0
C0067,2025-02,35.0,10,114519.24,Aplicacion,Nuevo,Sin compra,Sin compra,0,0.0,0
C0067,2025-03,35.0,11,130654.04,Web,Nuevo,Sin compra,Sin compra,0,0.0,0
C0067,2025-04,35.0,5,34054.93,Web,Nuevo,Sin compra,Sin compra,0,0.0,0
C0067,2025-05,35.0,5,86677.13,Web,Nuevo,Sin compra,Sin compra,0,0.0,0
C0067,2025-06,35.0,5,119954.02,Web,Nuevo,Sin compra,Sin compra,0,0.0,0
C0067,2025-07,35.0,5,83644.16,Web,Nuevo,Sin compra,Sin compra,0,0.0,0
C0067,2025-08,35.0,6,63975.63,Aplicacion,Nuevo,Sin compra,Sin compra,0,0.0,0
C0067,2025-09,35.0,8,145841.1,Aplicacion,Nuevo,Sin compra,Sin compra,0,0.0,0
C0067,2025-10,35.0,7,109529.83,Web,Recurrente,Belleza,Web,2,385000.0,1
C0067,2025-11,35.0,22,105174.05,Ambos,Recurrente,Sin compra,Sin compra,0,0.0,0
C0067,2025-12,35.0,6,101610.09,Web,Recurrente,Deportes,Web,4,443000.0,1
C0068,2025-01,20.0,9,147408.26,Aplicacion,Recurrente,Belleza,Aplicacion,2,399000.0,1
C0068,2025-02,20.0,8,,Aplicacion,Recurrente,Sin compra,Sin compra,0,0.0,0
C0068,2025-03,20.0,11,113577.97,Aplicacion,Recurrente,Sin compra,Sin compra,0,0.0,0
C0068,2025-04,20.0,5,60223.72,Aplicacion,Recurrente,Sin compra,Sin compra,0,0.0,0
C0068,2025-05,20.0,15,149448.06,Ambos,Recurrente,Ropa,Web,1,518000.0,1
C0068,2025-06,20.0,8,146949.88,Web,Recurrente,Sin compra,Sin compra,0,0.0,0
C0068,2025-07,20.0,14,124682.19,Ambos,Recurrente,Belleza,Aplicacion,1,427000.0,1
C0068,2025-08,20.0,10,115030.62,Web,Recurrente,Ropa,Web,1,288000.0,1
C0068,2025-09,20.0,11,108273.27,Aplicacion,Recurrente,Hogar,Aplicacion,2,511000.0,1
C0068,2025-10,20.0,7,97312.73,Web,Recurrente,Belleza,Web,2,289000.0,1
C0068,2025-11,20.0,21,165429.01,Ambos,Recurrente,Belleza,Web,1,563000.0,1
C0068,2025-12,20.0,4,56329.6,Web,Recurrente,Electronica,Web,1,502000.0,1
C0069,2025-01,44.0,10,69222.74,Aplicacion,Nuevo,Sin compra,Sin compra,0,0.0,0
C0069,2025-02,44.0,11,74423.22,Web,Nuevo,Sin compra,Sin compra,0,0.0,0
C0069,2025-03,44.0,9,112151.92,Aplicacion,Nuevo,Sin compra,Sin compra,0,0.0,0
C0069,2025-04,44.0,9,103748.79,Web,Nuevo,Sin compra,Sin compra,0,0.0,0
C0069,2025-05,44.0,7,92463.38,Web,Recurrente,Deportes,Web,2,280000.0,1
C0069,2025-06,44.0,8,66374.72,Aplicacion,Recurrente,Sin compra,Sin compra,0,0.0,0
C0069,2025-07,44.0,5,114553.88,Web,Recurrente,Sin compra,Sin compra,0,0.0,0
C0069,2025-08,,11,125577.66,Web,Recurrente,Ropa,Web,2,491000.0,1
C0069,2025-09,44.0,8,120750.66,Aplicacion,Recurrente,Electronica,Aplicacion,3,1101000.0,1
C0069,2025-10,44.0,7,94132.44,Web,Recurrente,Electronica,Web,1,759000.0,1
C0069,2025-11,44.0,6,57614.72,Web,Recurrente,Electronica,Web,2,281000.0,1
C0069,2025-12,44.0,7,132025.0,Web,Recurrente,Ropa,Web,1,547000.0,1
C0070,2025-01,31.0,4,100168.07,Aplicacion,Recurrente,Deportes,Aplicacion,2,327000.0,1
C0070,2025-02,31.0,5,68131.76,Web,Recurrente,Ropa,Web,3,210000.0,1
C0070,2025-03,31.0,14,164497.67,Ambos,Recurrente,Belleza,Web,4,449000.0,1
C0070,2025-04,31.0,16,152792.94,Ambos,Recurrente,Electronica,Web,2,952000.0,1
C0070,2025-05,31.0,8,127443.02,Web,Recurrente,Hogar,Web,3,420000.0,1
C0070,2025-06,31.0,13,70385.82,Aplicacion,Recurrente,Hogar,Aplicacion,1,349000.0,1
C0070,2025-07,31.0,9,44906.34,Aplicacion,Recurrente,Electronica,Aplicacion,2,362000.0,1
C0070,2025-08,31.0,7,123713.19,Web,Recurrente,Sin compra,Sin compra,0,0.0,0
C0070,2025-09,31.0,11,69285.47,Ambos,Recurrente,Hogar,Aplicacion,2,309000.0,1
C0070,2025-10,31.0,13,100451.5,Ambos,Recurrente,Electronica,Aplicacion,2,738000.0,1
C0070,2025-11,31.0,5,114159.01,Web,Recurrente,Sin compra,Sin compra,0,0.0,0
C0070,2025-12,31.0,8,132884.89,Aplicacion,Recurrente,Belleza,Aplicacion,2,381000.0,1
C0071,2025-01,22.0,4,81324.54,Web,Nuevo,Sin compra,Sin compra,0,0.0,0
C0071,2025-02,22.0,4,69129.9,Web,Nuevo,Sin compra,Sin compra,0,0.0,0
C0071,2025-03,22.0,3,18060.12,Web,Nuevo,Sin compra,Sin compra,0,0.0,0
C0071,2025-04,22.0,13,122625.37,Ambos,Recurrente,Belleza,Aplicacion,1,367000.0,1
C0071,2025-05,22.0,15,178278.48,Ambos,Recurrente,Sin compra,Sin compra,0,0.0,0
C0071,2025-06,22.0,12,102296.46,Aplicacion,Recurrente,Electronica,Aplicacion,2,885000.0,1
C0071,2025-07,22.0,10,117719.19,Web,Recurrente,Deportes,Web,3,505000.0,1
C0071,2025-08,22.0,9,63745.44,Web,Recurrente,Belleza,Web,2,231000.0,1
C0071,2025-09,22.0,7,55634.45,Aplicacion,Recurrente,Sin compra,Sin compra,0,0.0,0
C0071,2025-10,22.0,9,106193.66,Aplicacion,Recurrente,Ropa,Aplicacion,1,427000.0,1
C0071,2025-11,22.0,9,135740.29,Aplicacion,Recurrente,Deportes,Aplicacion,1,616000.0,1
C0071,2025-12,22.0,11,132963.86,Web,Recurrente,Hogar,Web,1,361000.0,1
C0072,2025-01,65.0,8,61955.52,Web,Nuevo,Sin compra,Sin compra,0,0.0,0
C0072,2025-02,65.0,14,64892.49,Ambos,Recurrente,Hogar,Aplicacion,1,348000.0,1
C0072,2025-03,65.0,6,89560.96,Web,Recurrente,Hogar,Web,2,313000.0,1
C0072,2025-04,65.0,7,121147.52,Web,Recurrente,Electronica,Web,1,866000.0,1
C0072,2025-05,65.0,5,85554.37,Web,Recurrente,Sin compra,Sin compra,0,0.0,0
C0072,2025-06,65.0,9,130055.47,Ambos,Recurrente,Sin compra,Sin compra,0,0.0,0
C0072,2025-07,65.0,11,42446.47,Aplicacion,Recurrente,Belleza,Aplicacion,2,227000.0,1
C0072,2025-08,65.0,10,113850.81,Aplicacion,Recurrente,Sin compra,Sin compra,0,0.0,0
C0072,2025-09,65.0,7,83913.69,Aplicacion,Recurrente,Deportes,Aplicacion,2,291000.0,1
C0072,2025-10,65.0,4,75838.02,Web,Recurrente,Electronica,Web,3,522000.0,1
C0072,2025-11,65.0,7,120243.27,Web,Recurrente,Ropa,Web,1,497000.0,1
C0072,2025-12,65.0,6,63042.22,Web,Recurrente,Deportes,Web,1,299000.0,1
C0073,2025-01,54.0,4,104281.32,Web,Nuevo,Sin compra,Sin compra,0,0.0,0
C0073,2025-02,,3,69969.55,Web,Nuevo,Sin compra,Sin compra,0,0.0,0
C0073,2025-03,54.0,5,96755.23,Aplicacion,Recurrente,Deportes,Aplicacion,1,361000.0,1
C0073,2025-04,54.0,15,137815.4,Ambos,Recurrente,Hogar,Aplicacion,1,908000.0,1
C0073,2025-05,54.0,12,150823.46,Aplicacion,Recurrente,Sin compra,Sin compra,0,0.0,0
C0073,2025-06,54.0,4,96710.53,Aplicacion,Recurrente,Sin compra,Sin compra,0,0.0,0
C0073,2025-07,54.0,12,117746.26,Aplicacion,Recurrente,Deportes,Aplicacion,3,347000.0,1
C0073,2025-08,,8,106238.43,Web,Recurrente,Hogar,Web,1,283000.0,1
C0073,2025-09,54.0,10,111931.43,Ambos,Recurrente,Sin compra,Sin compra,0,0.0,0
C0073,2025-10,,5,32271.91,Web,Recurrente,Belleza,Web,3,132000.0,1
C0073,2025-11,54.0,11,64487.69,Aplicacion,Recurrente,Hogar,Aplicacion,1,226000.0,1
C0073,2025-12,54.0,19,178822.36,Ambos,Recurrente,Ropa,Web,1,640000.0,1
C0074,2025-01,52.0,18,,Ambos,Recurrente,Hogar,Web,1,389000.0,1
C0074,2025-02,52.0,8,83528.05,Aplicacion,Recurrente,Ropa,Aplicacion,2,261000.0,1
C0074,2025-03,52.0,13,125125.84,Ambos,Recurrente,Deportes,Aplicacion,1,449000.0,1
C0074,2025-04,52.0,9,116371.41,Web,Recurrente,Sin compra,Sin compra,0,0.0,0
C0074,2025-05,52.0,2,51998.43,Web,Recurrente,Sin compra,Sin compra,0,0.0,0
C0074,2025-06,52.0,14,138009.15,Ambos,Recurrente,Belleza,Web,1,372000.0,1
C0074,2025-07,52.0,10,193843.62,Aplicacion,Recurrente,Deportes,Aplicacion,2,428000.0,1
C0074,2025-08,52.0,9,39767.26,Aplicacion,Recurrente,Electronica,Aplicacion,3,365000.0,1
C0074,2025-09,52.0,4,68569.02,Web,Recurrente,Electronica,Web,2,633000.0,1
C0074,2025-10,,9,145086.19,Aplicacion,Recurrente,Sin compra,Sin compra,0,0.0,0
C0074,2025-11,52.0,7,78907.14,Web,Recurrente,Hogar,Web,2,322000.0,1
C0074,2025-12,52.0,2,119137.51,Web,Recurrente,Deportes,Web,2,461000.0,1
C0075,2025-01,46.0,8,109893.4,Web,Nuevo,Sin compra,Sin compra,0,0.0,0
C0075,2025-02,46.0,10,44707.41,Aplicacion,Recurrente,Belleza,Aplicacion,1,265000.0,1
C0075,2025-03,46.0,7,55065.02,Ambos,Recurrente,Electronica,Web,1,591000.0,1
C0075,2025-04,46.0,19,111141.14,Aplicacion,Recurrente,Deportes,Aplicacion,1,432000.0,1
C0075,2025-05,46.0,7,101447.93,Aplicacion,Recurrente,Sin compra,Sin compra,0,0.0,0
C0075,2025-06,46.0,14,100854.75,Ambos,Recurrente,Ropa,Web,2,315000.0,1
C0075,2025-07,46.0,13,119490.77,Aplicacion,Recurrente,Ropa,Aplicacion,1,451000.0,1
C0075,2025-08,46.0,8,116471.83,Aplicacion,Recurrente,Sin compra,Sin compra,0,0.0,0
C0075,2025-09,46.0,15,120387.77,Aplicacion,Recurrente,Hogar,Aplicacion,1,643000.0,1
C0075,2025-10,46.0,7,85836.83,Web,Recurrente,Ropa,Web,1,393000.0,1
C0075,2025-11,46.0,10,154242.42,Ambos,Recurrente,Belleza,Web,2,561000.0,1
C0075,2025-12,46.0,7,121076.63,Web,Recurrente,Deportes,Web,2,350000.0,1
C0076,2025-01,19.0,6,81702.33,Aplicacion,Nuevo,Sin compra,Sin compra,0,0.0,0
C0076,2025-02,19.0,5,71844.74,Web,Nuevo,Sin compra,Sin compra,0,0.0,0
C0076,2025-03,19.0,2,25554.08,Web,Recurrente,Hogar,Web,1,142000.0,1
C0076,2025-04,19.0,11,81107.46,Ambos,Recurrente,Sin compra,Sin compra,0,0.0,0
C0076,2025-05,19.0,4,58788.4,Aplicacion,Recurrente,Hogar,Aplicacion,1,269000.0,1
C0076,2025-06,19.0,11,130213.16,Web,Recurrente,Belleza,Web,3,522000.0,1
C0076,2025-07,19.0,4,105483.32,Web,Recurrente,Electronica,Web,1,604000.0,1
C0076,2025-08,19.0,7,79828.26,Web,Recurrente,Sin compra,Sin compra,0,0.0,0
C0076,2025-09,19.0,9,137582.93,Aplicacion,Recurrente,Ropa,Aplicacion,2,385000.0,1
C0076,2025-10,19.0,10,122345.04,Aplicacion,Recurrente,Ropa,Aplicacion,1,418000.0,1
C0076,2025-11,19.0,13,131251.36,Ambos,Recurrente,Belleza,Web,1,430000.0,1
C0076,2025-12,19.0,6,72303.26,Aplicacion,Recurrente,Ropa,Aplicacion,2,227000.0,1
C0077,2025-01,65.0,16,154134.68,Ambos,Recurrente,Deportes,Aplicacion,3,601000.0,1
C0077,2025-02,65.0,7,92542.0,Web,Recurrente,Electronica,Web,3,686000.0,1
C0077,2025-03,65.0,11,119197.95,Aplicacion,Recurrente,Ropa,Aplicacion,2,502000.0,1
C0077,2025-04,65.0,9,67788.34,Aplicacion,Recurrente,Belleza,Aplicacion,2,221000.0,1
C0077,2025-05,65.0,12,,Aplicacion,Recurrente,Hogar,Aplicacion,1,426000.0,1
C0077,2025-06,65.0,11,122267.28,Web,Recurrente,Ropa,Web,1,270000.0,1
C0077,2025-07,65.0,9,93652.41,Web,Recurrente,Hogar,Web,1,375000.0,1
C0077,2025-08,65.0,7,81695.42,Web,Recurrente,Ropa,Web,1,250000.0,1
C0077,2025-09,65.0,5,64194.81,Web,Recurrente,Sin compra,Sin compra,0,0.0,0
C0077,2025-10,65.0,6,149339.47,Aplicacion,Recurrente,Deportes,Aplicacion,1,559000.0,1
C0077,2025-11,65.0,6,84282.72,Aplicacion,Recurrente,Hogar,Aplicacion,1,307000.0,1
C0077,2025-12,65.0,7,136229.7,Web,Recurrente,Electronica,Web,1,1274000.0,1
C0078,2025-01,41.0,20,164672.05,Ambos,Recurrente,Electronica,Aplicacion,4,1170000.0,1
C0078,2025-02,,11,115852.67,Aplicacion,Recurrente,Sin compra,Sin compra,0,0.0,0
C0078,2025-03,41.0,6,5533.39,Web,Recurrente,Sin compra,Sin compra,0,0.0,0
C0078,2025-04,41.0,2,68911.91,Aplicacion,Recurrente,Electronica,Aplicacion,1,400000.0,1
C0078,2025-05,41.0,7,110246.65,Web,Recurrente,Ropa,Web,1,379000.0,1
C0078,2025-06,41.0,10,77407.86,Aplicacion,Recurrente,Hogar,Aplicacion,1,356000.0,1
C0078,2025-07,41.0,7,152405.84,Ambos,Recurrente,Sin compra,Sin compra,0,0.0,0
C0078,2025-08,41.0,11,114142.3,Aplicacion,Recurrente,Sin compra,Sin compra,0,0.0,0
C0078,2025-09,41.0,5,90692.51,Web,Recurrente,Ropa,Web,1,259000.0,1
C0078,2025-10,,7,93698.84,Web,Recurrente,Ropa,Web,1,245000.0,1
C0078,2025-11,41.0,9,112638.53,Aplicacion,Recurrente,Deportes,Aplicacion,1,460000.0,1
C0078,2025-12,41.0,3,49008.62,Web,Recurrente,Hogar,Web,1,247000.0,1
C0079,2025-01,18.0,18,143629.57,Ambos,Nuevo,Sin compra,Sin compra,0,0.0,0
C0079,2025-02,18.0,6,71903.3,Web,Nuevo,Sin compra,Sin compra,0,0.0,0
C0079,2025-03,18.0,13,117280.28,Web,Recurrente,Ropa,Web,1,469000.0,1
C0079,2025-04,18.0,5,72943.7,Aplicacion,Recurrente,Sin compra,Sin compra,0,0.0,0
C0079,2025-05,18.0,9,102608.68,Aplicacion,Recurrente,Sin compra,Sin compra,0,0.0,0
C0079,2025-06,18.0,10,90014.1,Web,Recurrente,Sin compra,Sin compra,0,0.0,0
C0079,2025-07,18.0,7,115005.2,Web,Recurrente,Hogar,Web,1,421000.0,1
C0079,2025-08,18.0,19,174492.42,Ambos,Recurrente,Hogar,Aplicacion,3,645000.0,1
C0079,2025-09,18.0,16,162010.28,Aplicacion,Recurrente,Sin compra,Sin compra,0,0.0,0
C0079,2025-10,18.0,3,138387.68,Web,Recurrente,Sin compra,Sin compra,0,0.0,0
C0079,2025-11,18.0,13,124553.24,Aplicacion,Recurrente,Deportes,Aplicacion,1,620000.0,1
C0079,2025-12,18.0,4,77484.85,Web,Recurrente,Electronica,Web,1,710000.0,1
C0080,2025-01,42.0,6,119159.84,Web,Nuevo,Sin compra,Sin compra,0,0.0,0
C0080,2025-02,42.0,6,99579.6,Aplicacion,Nuevo,Sin compra,Sin compra,0,0.0,0
C0080,2025-03,42.0,8,70211.23,Aplicacion,Nuevo,Sin compra,Sin compra,0,0.0,0
C0080,2025-04,42.0,6,75362.33,Aplicacion,Nuevo,Sin compra,Sin compra,0,0.0,0
C0080,2025-05,42.0,18,132093.08,Ambos,Recurrente,Hogar,Web,1,430000.0,1
C0080,2025-06,42.0,6,77813.2,Web,Recurrente,Sin compra,Sin compra,0,0.0,0
C0080,2025-07,42.0,10,102851.13,Ambos,Recurrente,Sin compra,Sin compra,0,0.0,0
C0080,2025-08,42.0,12,176840.78,Aplicacion,Recurrente,Hogar,Aplicacion,1,499000.0,1
C0080,2025-09,42.0,10,67552.24,Aplicacion,Recurrente,Hogar,Aplicacion,3,326000.0,1
C0080,2025-10,42.0,6,82179.62,Aplicacion,Recurrente,Sin compra,Sin compra,0,0.0,0
C0080,2025-11,42.0,6,82602.62,Aplicacion,Recurrente,Electronica,Aplicacion,1,760000.0,1
C0080,2025-12,42.0,5,63488.07,Web,Recurrente,Hogar,Web,1,223000.0,1
C0081,2025-01,40.0,12,146885.09,Aplicacion,Recurrente,Hogar,Aplicacion,2,456000.0,1
C0081,2025-02,40.0,4,46166.0,Aplicacion,Recurrente,Sin compra,Sin compra,0,0.0,0
C0081,2025-03,40.0,13,91934.83,Aplicacion,Recurrente,Sin compra,Sin compra,0,0.0,0
C0081,2025-04,40.0,6,38406.54,Aplicacion,Recurrente,Ropa,Aplicacion,1,201000.0,1
C0081,2025-05,40.0,12,135026.17,Ambos,Recurrente,Belleza,Aplicacion,3,399000.0,1
C0081,2025-06,40.0,6,95296.94,Web,Recurrente,Sin compra,Sin compra,0,0.0,0
C0081,2025-07,40.0,8,59969.03,Web,Recurrente,Hogar,Web,1,303000.0,1
C0081,2025-08,40.0,18,117145.58,Ambos,Recurrente,Sin compra,Sin compra,0,0.0,0
C0081,2025-09,40.0,12,148136.21,Aplicacion,Recurrente,Belleza,Aplicacion,1,368000.0,1
C0081,2025-10,40.0,7,135950.22,Aplicacion,Recurrente,Electronica,Aplicacion,3,818000.0,1
C0081,2025-11,40.0,8,116443.04,Web,Recurrente,Ropa,Web,1,272000.0,1
C0081,2025-12,40.0,5,45650.28,Aplicacion,Recurrente,Deportes,Aplicacion,4,189000.0,1
C0082,2025-01,33.0,5,74378.76,Web,Nuevo,Sin compra,Sin compra,0,0.0,0
C0082,2025-02,33.0,15,168530.96,Ambos,Recurrente,Deportes,Web,4,535000.0,1
C0082,2025-03,33.0,11,182306.42,Aplicacion,Recurrente,Deportes,Aplicacion,1,430000.0,1
C0082,2025-04,33.0,14,148100.54,Ambos,Recurrente,Electronica,Web,1,1176000.0,1
C0082,2025-05,33.0,8,133770.81,Aplicacion,Recurrente,Sin compra,Sin compra,0,0.0,0
C0082,2025-06,33.0,9,89007.08,Aplicacion,Recurrente,Ropa,Aplicacion,2,282000.0,1
C0082,2025-07,33.0,10,124346.31,Aplicacion,Recurrente,Ropa,Aplicacion,1,394000.0,1
C0082,2025-08,33.0,11,47816.22,Aplicacion,Recurrente,Sin compra,Sin compra,0,0.0,0
C0082,2025-09,33.0,12,95872.33,Ambos,Recurrente,Ropa,Aplicacion,2,455000.0,1
C0082,2025-10,33.0,5,83238.87,Web,Recurrente,Sin compra,Sin compra,0,0.0,0
C0082,2025-11,33.0,9,159058.2,Aplicacion,Recurrente,Electronica,Aplicacion,2,1404000.0,1
C0082,2025-12,33.0,10,116625.48,Web,Recurrente,Deportes,Web,1,454000.0,1
C0083,2025-01,59.0,5,100537.77,Aplicacion,Nuevo,Sin compra,Sin compra,0,0.0,0
C0083,2025-02,59.0,13,116818.2,Aplicacion,Nuevo,Sin compra,Sin compra,0,0.0,0
C0083,2025-03,59.0,11,102237.62,Aplicacion,Recurrente,Hogar,Aplicacion,3,370000.0,1
C0083,2025-04,59.0,16,123243.2,Ambos,Recurrente,Sin compra,Sin compra,0,0.0,0
C0083,2025-05,59.0,5,85307.66,Web,Recurrente,Deportes,Web,1,238000.0,1
C0083,2025-06,59.0,12,105414.5,Aplicacion,Recurrente,Sin compra,Sin compra,0,0.0,0
C0083,2025-07,59.0,6,110824.39,Web,Recurrente,Sin compra,Sin compra,0,0.0,0
C0083,2025-08,59.0,7,83588.34,Web,Recurrente,Sin compra,Sin compra,0,0.0,0
C0083,2025-09,59.0,6,53793.19,Web,Recurrente,Sin compra,Sin compra,0,0.0,0
C0083,2025-10,59.0,12,133914.48,Ambos,Recurrente,Electronica,Aplicacion,2,906000.0,1
C0083,2025-11,,9,,Web,Recurrente,Electronica,Web,1,768000.0,1
C0083,2025-12,59.0,18,114653.41,Ambos,Recurrente,Hogar,Aplicacion,1,597000.0,1
C0084,2025-01,48.0,10,116152.98,Web,Recurrente,Hogar,Web,3,358000.0,1
C0084,2025-02,48.0,17,62793.44,Ambos,Recurrente,Electronica,Aplicacion,2,577000.0,1
C0084,2025-03,48.0,7,115096.1,Web,Recurrente,Sin compra,Sin compra,0,0.0,0
C0084,2025-04,48.0,10,65333.3,Web,Recurrente,Sin compra,Sin compra,0,0.0,0
C0084,2025-05,48.0,4,131686.7,Web,Recurrente,Sin compra,Sin compra,0,0.0,0
C0084,2025-06,48.0,7,79928.15,Web,Recurrente,Sin compra,Sin compra,0,0.0,0
C0084,2025-07,48.0,12,147974.64,Aplicacion,Recurrente,Hogar,Aplicacion,1,533000.0,1
C0084,2025-08,48.0,15,149652.44,Aplicacion,Recurrente,Belleza,Aplicacion,3,512000.0,1
C0084,2025-09,48.0,23,203039.77,Ambos,Recurrente,Electronica,Web,3,1944000.0,1
C0084,2025-10,48.0,7,,Aplicacion,Recurrente,Hogar,Aplicacion,2,502000.0,1
C0084,2025-11,48.0,4,51934.47,Web,Recurrente,Sin compra,Sin compra,0,0.0,0
C0084,2025-12,48.0,11,117116.19,Ambos,Recurrente,Deportes,Web,2,405000.0,1
C0085,2025-01,33.0,11,,Web,Nuevo,Sin compra,Sin compra,0,0.0,0
C0085,2025-02,33.0,12,138071.56,Web,Nuevo,Sin compra,Sin compra,0,0.0,0
C0085,2025-03,33.0,6,116937.74,Web,Nuevo,Sin compra,Sin compra,0,0.0,0
C0085,2025-04,33.0,14,83019.46,Aplicacion,Recurrente,Belleza,Aplicacion,1,443000.0,1
C0085,2025-05,33.0,7,115713.96,Aplicacion,Recurrente,Sin compra,Sin compra,0,0.0,0
C0085,2025-06,33.0,12,135809.17,Aplicacion,Recurrente,Sin compra,Sin compra,0,0.0,0
C0085,2025-07,33.0,5,81374.12,Aplicacion,Recurrente,Ropa,Aplicacion,1,315000.0,1
C0085,2025-08,33.0,4,128361.36,Web,Recurrente,Sin compra,Sin compra,0,0.0,0
C0085,2025-09,33.0,8,146670.42,Web,Recurrente,Deportes,Web,1,416000.0,1
C0085,2025-10,33.0,6,99065.54,Aplicacion,Recurrente,Belleza,Aplicacion,1,255000.0,1
C0085,2025-11,33.0,8,108340.05,Aplicacion,Recurrente,Sin compra,Sin compra,0,0.0,0
C0085,2025-12,33.0,13,61775.78,Web,Recurrente,Hogar,Web,2,262000.0,1
C0086,2025-01,22.0,9,86536.62,Web,Nuevo,Sin compra,Sin compra,0,0.0,0
C0086,2025-02,22.0,13,160711.96,Ambos,Nuevo,Sin compra,Sin compra,0,0.0,0
C0086,2025-03,22.0,6,120200.36,Aplicacion,Nuevo,Sin compra,Sin compra,0,0.0,0
C0086,2025-04,22.0,8,122003.66,Aplicacion,Recurrente,Electronica,Aplicacion,1,874000.0,1
C0086,2025-05,22.0,8,128681.8,Web,Recurrente,Sin compra,Sin compra,0,0.0,0
C0086,2025-06,22.0,11,129673.05,Aplicacion,Recurrente,Ropa,Aplicacion,3,503000.0,1
C0086,2025-07,22.0,12,82400.09,Ambos,Recurrente,Hogar,Web,1,290000.0,1
C0086,2025-08,22.0,10,94725.85,Aplicacion,Recurrente,Deportes,Aplicacion,2,313000.0,1
C0086,2025-09,22.0,12,117648.71,Ambos,Recurrente,Ropa,Web,1,339000.0,1
C0086,2025-10,22.0,19,122115.16,Ambos,Recurrente,Hogar,Web,2,517000.0,1
C0086,2025-11,22.0,12,136121.64,Web,Recurrente,Belleza,Web,1,320000.0,1
C0086,2025-12,22.0,3,74777.49,Web,Recurrente,Sin compra,Sin compra,0,0.0,0
C0087,2025-01,22.0,11,,Ambos,Recurrente,Belleza,Aplicacion,1,387000.0,1
C0087,2025-02,22.0,5,109320.05,Web,Recurrente,Sin compra,Sin compra,0,0.0,0
C0087,2025-03,22.0,19,190772.95,Ambos,Recurrente,Electronica,Web,1,1239000.0,1
C0087,2025-04,22.0,4,51932.48,Web,Recurrente,Ropa,Web,1,185000.0,1
C0087,2025-05,22.0,9,117261.76,Web,Recurrente,Sin compra,Sin compra,0,0.0,0
C0087,2025-06,22.0,5,91680.93,Web,Recurrente,Sin compra,Sin compra,0,0.0,0
C0087,2025-07,22.0,11,59168.73,Aplicacion,Recurrente,Sin compra,Sin compra,0,0.0,0
C0087,2025-08,22.0,6,132804.53,Web,Recurrente,Sin compra,Sin compra,0,0.0,0
C0087,2025-09,22.0,3,71530.98,Aplicacion,Recurrente,Sin compra,Sin compra,0,0.0,0
C0087,2025-10,22.0,13,100661.92,Ambos,Recurrente,Sin compra,Sin compra,0,0.0,0
C0087,2025-11,22.0,6,86481.55,Web,Recurrente,Sin compra,Sin compra,0,0.0,0
C0087,2025-12,22.0,20,144916.74,Web,Recurrente,Deportes,Web,4,584000.0,1
C0088,2025-01,28.0,5,103151.89,Web,Nuevo,Sin compra,Sin compra,0,0.0,0
C0088,2025-02,28.0,12,98143.42,Ambos,Nuevo,Sin compra,Sin compra,0,0.0,0
C0088,2025-03,28.0,15,135013.15,Aplicacion,Recurrente,Ropa,Aplicacion,1,489000.0,1
C0088,2025-04,28.0,17,178957.52,Ambos,Recurrente,Sin compra,Sin compra,0,0.0,0
C0088,2025-05,28.0,12,176606.37,Aplicacion,Recurrente,Electronica,Aplicacion,2,2254000.0,1
C0088,2025-06,28.0,14,145462.74,Ambos,Recurrente,Sin compra,Sin compra,0,0.0,0
C0088,2025-07,28.0,9,129989.33,Aplicacion,Recurrente,Hogar,Aplicacion,2,389000.0,1
C0088,2025-08,28.0,11,98402.56,Web,Recurrente,Deportes,Web,1,241000.0,1
C0088,2025-09,28.0,7,123249.48,Aplicacion,Recurrente,Belleza,Aplicacion,2,288000.0,1
C0088,2025-10,28.0,6,97960.82,Web,Recurrente,Belleza,Web,1,362000.0,1
C0088,2025-11,28.0,15,116092.98,Ambos,Recurrente,Hogar,Aplicacion,2,367000.0,1
C0088,2025-12,28.0,12,131520.69,Aplicacion,Recurrente,Ropa,Aplicacion,1,539000.0,1
C0089,2025-01,31.0,4,76292.52,Web,Recurrente,Ropa,Web,2,247000.0,1
C0089,2025-02,31.0,8,113725.52,Web,Recurrente,Sin compra,Sin compra,0,0.0,0
C0089,2025-03,31.0,6,18984.18,Web,Recurrente,Sin compra,Sin compra,0,0.0,0
C0089,2025-04,31.0,9,114294.59,Web,Recurrente,Sin compra,Sin compra,0,0.0,0
C0089,2025-05,31.0,6,102549.91,Aplicacion,Recurrente,Deportes,Aplicacion,1,410000.0,1
C0089,2025-06,31.0,7,99508.91,Web,Recurrente,Hogar,Web,2,271000.0,1
C0089,2025-07,31.0,7,111078.93,Web,Recurrente,Sin compra,Sin compra,0,0.0,0
C0089,2025-08,31.0,8,89691.03,Aplicacion,Recurrente,Sin compra,Sin compra,0,0.0,0
C0089,2025-09,31.0,4,112139.2,Web,Recurrente,Belleza,Web,1,412000.0,1
C0089,2025-10,31.0,10,114075.97,Web,Recurrente,Sin compra,Sin compra,0,0.0,0
C0089,2025-11,31.0,6,5949.93,Web,Recurrente,Ropa,Web,1,100000.0,1
C0089,2025-12,31.0,5,33950.41,Web,Recurrente,Belleza,Web,1,118000.0,1
C0090,2025-01,48.0,5,84347.72,Web,Recurrente,Deportes,Web,3,388000.0,1
C0090,2025-02,48.0,11,155732.63,Ambos,Recurrente,Sin compra,Sin compra,0,0.0,0
C0090,2025-03,48.0,5,92463.75,Web,Recurrente,Ropa,Web,3,516000.0,1
C0090,2025-04,48.0,9,90295.52,Web,Recurrente,Ropa,Web,1,316000.0,1
C0090,2025-05,48.0,7,82669.14,Web,Recurrente,Electronica,Web,1,553000.0,1
C0090,2025-06,48.0,10,97032.44,Aplicacion,Recurrente,Ropa,Aplicacion,2,301000.0,1
C0090,2025-07,48.0,7,87327.27,Web,Recurrente,Ropa,Web,2,283000.0,1
C0090,2025-08,48.0,4,81971.67,Web,Recurrente,Ropa,Web,1,334000.0,1
C0090,2025-09,48.0,3,100206.98,Web,Recurrente,Ropa,Web,4,457000.0,1
C0090,2025-10,48.0,2,50868.6,Web,Recurrente,Deportes,Web,2,176000.0,1
C0090,2025-11,48.0,11,108200.88,Ambos,Recurrente,Ropa,Web,1,356000.0,1
C0090,2025-12,48.0,5,146613.06,Aplicacion,Recurrente,Ropa,Aplicacion,1,341000.0,1
C0091,2025-01,68.0,8,109223.59,Web,Nuevo,Sin compra,Sin compra,0,0.0,0
C0091,2025-02,68.0,13,146135.92,Ambos,Recurrente,Deportes,Aplicacion,2,457000.0,1
C0091,2025-03,68.0,9,71741.91,Web,Recurrente,Sin compra,Sin compra,0,0.0,0
C0091,2025-04,68.0,5,108628.68,Web,Recurrente,Sin compra,Sin compra,0,0.0,0
C0091,2025-05,68.0,4,39741.39,Aplicacion,Recurrente,Sin compra,Sin compra,0,0.0,0
C0091,2025-06,68.0,7,88275.95,Web,Recurrente,Electronica,Web,2,770000.0,1
C0091,2025-07,68.0,11,124897.9,Web,Recurrente,Sin compra,Sin compra,0,0.0,0
C0091,2025-08,68.0,7,51231.75,Web,Recurrente,Deportes,Web,2,144000.0,1
C0091,2025-09,68.0,4,14279.67,Web,Recurrente,Sin compra,Sin compra,0,0.0,0
C0091,2025-10,68.0,12,128969.85,Aplicacion,Recurrente,Sin compra,Sin compra,0,0.0,0
C0091,2025-11,68.0,5,73163.73,Web,Recurrente,Sin compra,Sin compra,0,0.0,0
C0091,2025-12,68.0,6,110618.14,Web,Recurrente,Electronica,Web,1,951000.0,1
C0092,2025-01,32.0,9,84381.48,Web,Nuevo,Sin compra,Sin compra,0,0.0,0
C0092,2025-02,32.0,19,102927.61,Ambos,Recurrente,Ropa,Aplicacion,1,470000.0,1
C0092,2025-03,32.0,4,53249.21,Aplicacion,Recurrente,Sin compra,Sin compra,0,0.0,0
C0092,2025-04,32.0,9,89476.56,Web,Recurrente,Sin compra,Sin compra,0,0.0,0
C0092,2025-05,32.0,9,141145.61,Web,Recurrente,Belleza,Web,2,545000.0,1
C0092,2025-06,32.0,11,163619.86,Web,Recurrente,Sin compra,Sin compra,0,0.0,0
C0092,2025-07,32.0,8,113993.32,Web,Recurrente,Hogar,Web,3,370000.0,1
C0092,2025-08,32.0,12,,Aplicacion,Recurrente,Belleza,Aplicacion,1,256000.0,1
C0092,2025-09,32.0,5,101801.15,Web,Recurrente,Electronica,Web,1,723000.0,1
C0092,2025-10,32.0,8,126212.08,Web,Recurrente,Ropa,Web,1,332000.0,1
C0092,2025-11,,7,77779.6,Web,Recurrente,Ropa,Web,1,193000.0,1
C0092,2025-12,32.0,7,89425.11,Web,Recurrente,Ropa,Web,2,263000.0,1
C0093,2025-01,,7,88667.6,Web,Nuevo,Sin compra,Sin compra,0,0.0,0
C0093,2025-02,41.0,5,123301.45,Web,Recurrente,Deportes,Web,1,309000.0,1
C0093,2025-03,41.0,7,113284.77,Aplicacion,Recurrente,Sin compra,Sin compra,0,0.0,0
C0093,2025-04,41.0,6,39354.6,Web,Recurrente,Sin compra,Sin compra,0,0.0,0
C0093,2025-05,41.0,9,123751.19,Aplicacion,Recurrente,Sin compra,Sin compra,0,0.0,0
C0093,2025-06,41.0,7,88023.29,Web,Recurrente,Belleza,Web,1,420000.0,1
C0093,2025-07,41.0,7,164096.75,Web,Recurrente,Sin compra,Sin compra,0,0.0,0
C0093,2025-08,41.0,11,144496.31,Aplicacion,Recurrente,Hogar,Aplicacion,1,602000.0,1
C0093,2025-09,41.0,8,47249.93,Web,Recurrente,Belleza,Web,1,223000.0,1
C0093,2025-10,41.0,11,98839.73,Aplicacion,Recurrente,Electronica,Aplicacion,4,645000.0,1
C0093,2025-11,41.0,13,113954.76,Aplicacion,Recurrente,Hogar,Aplicacion,2,576000.0,1
C0093,2025-12,41.0,13,121414.24,Aplicacion,Recurrente,Belleza,Aplicacion,1,366000.0,1
C0094,2025-01,68.0,11,80030.53,Aplicacion,Nuevo,Sin compra,Sin compra,0,0.0,0
C0094,2025-02,,7,30440.34,Aplicacion,Recurrente,Belleza,Aplicacion,3,167000.0,1
C0094,2025-03,68.0,11,149927.02,Aplicacion,Recurrente,Sin compra,Sin compra,0,0.0,0
C0094,2025-04,68.0,9,108911.54,Aplicacion,Recurrente,Ropa,Aplicacion,2,299000.0,1
C0094,2025-05,68.0,6,39048.46,Web,Recurrente,Hogar,Web,1,210000.0,1
C0094,2025-06,68.0,9,89845.98,Web,Recurrente,Sin compra,Sin compra,0,0.0,0
C0094,2025-07,68.0,5,85878.47,Web,Recurrente,Sin compra,Sin compra,0,0.0,0
C0094,2025-08,68.0,13,90533.39,Aplicacion,Recurrente,Hogar,Aplicacion,1,264000.0,1
C0094,2025-09,68.0,18,186685.24,Ambos,Recurrente,Ropa,Web,1,591000.0,1
C0094,2025-10,68.0,8,36415.12,Aplicacion,Recurrente,Sin compra,Sin compra,0,0.0,0
C0094,2025-11,68.0,9,111599.72,Web,Recurrente,Deportes,Web,2,374000.0,1
C0094,2025-12,,4,114349.5,Aplicacion,Recurrente,Sin compra,Sin compra,0,0.0,0
C0095,2025-01,52.0,7,132072.84,Web,Nuevo,Sin compra,Sin compra,0,0.0,0
C0095,2025-02,52.0,5,50230.39,Web,Nuevo,Sin compra,Sin compra,0,0.0,0
C0095,2025-03,52.0,16,130706.78,Ambos,Recurrente,Hogar,Aplicacion,2,382000.0,1
C0095,2025-04,52.0,9,126311.21,Aplicacion,Recurrente,Electronica,Aplicacion,1,960000.0,1
C0095,2025-05,52.0,11,68534.9,Aplicacion,Recurrente,Sin compra,Sin compra,0,0.0,0
C0095,2025-06,52.0,6,139634.61,Web,Recurrente,Sin compra,Sin compra,0,0.0,0
C0095,2025-07,52.0,10,96833.87,Aplicacion,Recurrente,Sin compra,Sin compra,0,0.0,0
C0095,2025-08,52.0,11,131436.34,Ambos,Recurrente,Electronica,Aplicacion,1,898000.0,1
C0095,2025-09,52.0,7,69665.06,Aplicacion,Recurrente,Electronica,Aplicacion,3,542000.0,1
C0095,2025-10,52.0,6,132242.49,Aplicacion,Recurrente,Sin compra,Sin compra,0,0.0,0
C0095,2025-11,52.0,4,120599.47,Aplicacion,Recurrente,Sin compra,Sin compra,0,0.0,0
C0095,2025-12,52.0,10,190594.73,Web,Recurrente,Hogar,Web,1,752000.0,1
C0096,2025-01,54.0,5,100503.91,Web,Nuevo,Sin compra,Sin compra,0,0.0,0
C0096,2025-02,54.0,8,78391.68,Web,Nuevo,Sin compra,Sin compra,0,0.0,0
C0096,2025-03,54.0,4,45306.56,Aplicacion,Nuevo,Sin compra,Sin compra,0,0.0,0
C0096,2025-04,54.0,7,138752.42,Aplicacion,Recurrente,Deportes,Aplicacion,3,596000.0,1
C0096,2025-05,54.0,9,49955.42,Aplicacion,Recurrente,Ropa,Aplicacion,1,201000.0,1
C0096,2025-06,54.0,17,,Ambos,Recurrente,Ropa,Aplicacion,1,506000.0,1
C0096,2025-07,54.0,6,55272.72,Web,Recurrente,Electronica,Web,2,596000.0,1
C0096,2025-08,54.0,7,132877.25,Web,Recurrente,Belleza,Web,1,463000.0,1
C0096,2025-09,54.0,11,120701.7,Web,Recurrente,Electronica,Web,3,1291000.0,1
C0096,2025-10,54.0,7,79099.28,Web,Recurrente,Deportes,Web,1,217000.0,1
C0096,2025-11,54.0,9,83947.33,Web,Recurrente,Ropa,Web,2,391000.0,1
C0096,2025-12,54.0,5,60745.08,Aplicacion,Recurrente,Ropa,Aplicacion,1,238000.0,1
C0097,2025-01,59.0,18,100596.92,Ambos,Recurrente,Deportes,Web,2,372000.0,1
C0097,2025-02,59.0,10,139873.24,Web,Recurrente,Sin compra,Sin compra,0,0.0,0
C0097,2025-03,59.0,18,,Ambos,Recurrente,Hogar,Web,1,423000.0,1
C0097,2025-04,59.0,5,115285.49,Web,Recurrente,Sin compra,Sin compra,0,0.0,0
C0097,2025-05,59.0,12,119460.2,Aplicacion,Recurrente,Sin compra,Sin compra,0,0.0,0
C0097,2025-06,59.0,3,90153.96,Aplicacion,Recurrente,Sin compra,Sin compra,0,0.0,0
C0097,2025-07,59.0,18,139979.19,Ambos,Recurrente,Electronica,Aplicacion,2,1383000.0,1
C0097,2025-08,59.0,9,114098.04,Aplicacion,Recurrente,Belleza,Aplicacion,1,458000.0,1
C0097,2025-09,59.0,8,109234.44,Aplicacion,Recurrente,Hogar,Aplicacion,1,463000.0,1
C0097,2025-10,59.0,14,146897.24,Aplicacion,Recurrente,Ropa,Aplicacion,1,388000.0,1
C0097,2025-11,59.0,5,90523.52,Web,Recurrente,Sin compra,Sin compra,0,0.0,0
C0097,2025-12,59.0,5,105955.16,Web,Recurrente,Sin compra,Sin compra,0,0.0,0
C0098,2025-01,19.0,9,105937.7,Aplicacion,Recurrente,Deportes,Aplicacion,2,282000.0,1
C0098,2025-02,19.0,6,94614.24,Web,Recurrente,Sin compra,Sin compra,0,0.0,0
C0098,2025-03,19.0,14,139700.9,Ambos,Recurrente,Ropa,Web,1,474000.0,1
C0098,2025-04,19.0,5,47728.88,Aplicacion,Recurrente,Sin compra,Sin compra,0,0.0,0
C0098,2025-05,19.0,14,130498.69,Ambos,Recurrente,Ropa,Aplicacion,2,506000.0,1
C0098,2025-06,19.0,18,141494.24,Ambos,Recurrente,Ropa,Aplicacion,1,429000.0,1
C0098,2025-07,19.0,9,72098.47,Aplicacion,Recurrente,Sin compra,Sin compra,0,0.0,0
C0098,2025-08,19.0,13,95736.05,Ambos,Recurrente,Ropa,Web,1,416000.0,1
C0098,2025-09,19.0,8,136785.09,Web,Recurrente,Sin compra,Sin compra,0,0.0,0
C0098,2025-10,19.0,10,111700.65,Aplicacion,Recurrente,Sin compra,Sin compra,0,0.0,0
C0098,2025-11,19.0,14,91548.84,Ambos,Recurrente,Electronica,Aplicacion,3,895000.0,1
C0098,2025-12,19.0,6,96481.55,Web,Recurrente,Ropa,Web,2,353000.0,1
C0099,2025-01,19.0,6,102792.93,Web,Nuevo,Sin compra,Sin compra,0,0.0,0
C0099,2025-02,19.0,8,91205.9,Web,Nuevo,Sin compra,Sin compra,0,0.0,0
C0099,2025-03,19.0,12,132587.25,Aplicacion,Nuevo,Sin compra,Sin compra,0,0.0,0
C0099,2025-04,19.0,8,88267.38,Aplicacion,Nuevo,Sin compra,Sin compra,0,0.0,0
C0099,2025-05,19.0,5,,Web,Nuevo,Sin compra,Sin compra,0,0.0,0
C0099,2025-06,19.0,5,57196.2,Aplicacion,Recurrente,Deportes,Aplicacion,1,192000.0,1
C0099,2025-07,19.0,6,100795.21,Web,Recurrente,Sin compra,Sin compra,0,0.0,0
C0099,2025-08,19.0,7,64289.41,Ambos,Recurrente,Sin compra,Sin compra,0,0.0,0
C0099,2025-09,,10,87560.82,Web,Recurrente,Sin compra,Sin compra,0,0.0,0
C0099,2025-10,19.0,7,67996.83,Aplicacion,Recurrente,Sin compra,Sin compra,0,0.0,0
C0099,2025-11,19.0,12,124262.36,Ambos,Recurrente,Deportes,Aplicacion,1,568000.0,1
C0099,2025-12,19.0,6,111516.31,Web,Recurrente,Hogar,Web,1,484000.0,1
C0100,2025-01,37.0,11,161544.73,Aplicacion,Nuevo,Sin compra,Sin compra,0,0.0,0
C0100,2025-02,37.0,12,91979.53,Web,Recurrente,Belleza,Web,1,416000.0,1
C0100,2025-03,37.0,10,65055.39,Aplicacion,Recurrente,Sin compra,Sin compra,0,0.0,0
C0100,2025-04,37.0,23,168590.38,Ambos,Recurrente,Electronica,Aplicacion,2,1465000.0,1
C0100,2025-05,37.0,10,101719.79,Web,Recurrente,Hogar,Web,2,303000.0,1
C0100,2025-06,37.0,10,141922.36,Aplicacion,Recurrente,Ropa,Aplicacion,2,496000.0,1
C0100,2025-07,37.0,17,207542.28,Ambos,Recurrente,Electronica,Aplicacion,2,1830000.0,1
C0100,2025-08,37.0,8,107146.52,Aplicacion,Recurrente,Belleza,Aplicacion,1,330000.0,1
C0100,2025-09,37.0,5,129113.79,Aplicacion,Recurrente,Sin compra,Sin compra,0,0.0,0
C0100,2025-10,37.0,2,114280.95,Web,Recurrente,Electronica,Web,1,648000.0,1
C0100,2025-11,37.0,8,102764.01,Web,Recurrente,Electronica,Web,2,897000.0,1
C0100,2025-12,37.0,4,46134.45,Aplicacion,Recurrente,Belleza,Aplicacion,2,192000.0,1
C0101,2025-01,65.0,9,140974.49,Web,Nuevo,Sin compra,Sin compra,0,0.0,0
C0101,2025-02,65.0,16,149776.48,Ambos,Recurrente,Belleza,Aplicacion,2,374000.0,1
C0101,2025-03,65.0,14,116004.68,Aplicacion,Recurrente,Sin compra,Sin compra,0,0.0,0
C0101,2025-04,65.0,12,126146.09,Aplicacion,Recurrente,Deportes,Aplicacion,2,388000.0,1
C0101,2025-05,65.0,7,60767.53,Aplicacion,Recurrente,Ropa,Aplicacion,2,172000.0,1
C0101,2025-06,65.0,9,107778.5,Web,Recurrente,Sin compra,Sin compra,0,0.0,0
C0101,2025-07,65.0,12,84920.9,Aplicacion,Recurrente,Hogar,Aplicacion,2,373000.0,1
C0101,2025-08,65.0,9,95760.34,Aplicacion,Recurrente,Electronica,Aplicacion,1,796000.0,1
C0101,2025-09,65.0,7,75854.78,Web,Recurrente,Ropa,Web,2,382000.0,1
C0101,2025-10,65.0,12,122743.51,Web,Recurrente,Deportes,Web,1,365000.0,1
C0101,2025-11,65.0,16,125457.91,Ambos,Recurrente,Sin compra,Sin compra,0,0.0,0
C0101,2025-12,65.0,11,111062.39,Aplicacion,Recurrente,Electronica,Aplicacion,1,1150000.0,1
C0102,2025-01,18.0,7,64288.65,Web,Recurrente,Deportes,Web,1,241000.0,1
C0102,2025-02,18.0,15,181096.99,Ambos,Recurrente,Electronica,Web,1,1428000.0,1
C0102,2025-03,18.0,6,96530.53,Web,Recurrente,Deportes,Web,1,264000.0,1
C0102,2025-04,18.0,8,98735.95,Aplicacion,Recurrente,Sin compra,Sin compra,0,0.0,0
C0102,2025-05,18.0,9,107632.27,Web,Recurrente,Sin compra,Sin compra,0,0.0,0
C0102,2025-06,18.0,4,,Web,Recurrente,Ropa,Web,2,338000.0,1
C0102,2025-07,18.0,7,80998.93,Web,Recurrente,Deportes,Web,3,269000.0,1
C0102,2025-08,18.0,7,,Web,Recurrente,Sin compra,Sin compra,0,0.0,0
C0102,2025-09,18.0,12,,Ambos,Recurrente,Electronica,Aplicacion,1,839000.0,1
C0102,2025-10,18.0,10,138894.24,Aplicacion,Recurrente,Electronica,Aplicacion,1,1082000.0,1
C0102,2025-11,18.0,7,117257.52,Web,Recurrente,Ropa,Web,4,419000.0,1
C0102,2025-12,18.0,10,113256.32,Aplicacion,Recurrente,Sin compra,Sin compra,0,0.0,0
C0103,2025-01,54.0,12,107996.05,Web,Nuevo,Sin compra,Sin compra,0,0.0,0
C0103,2025-02,54.0,11,134799.01,Ambos,Recurrente,Electronica,Aplicacion,2,1214000.0,1
C0103,2025-03,54.0,9,104768.25,Aplicacion,Recurrente,Ropa,Aplicacion,1,354000.0,1
C0103,2025-04,54.0,5,133649.9,Web,Recurrente,Sin compra,Sin compra,0,0.0,0
C0103,2025-05,54.0,11,71344.93,Ambos,Recurrente,Sin compra,Sin compra,0,0.0,0
C0103,2025-06,54.0,9,108795.35,Web,Recurrente,Sin compra,Sin compra,0,0.0,0
C0103,2025-07,54.0,9,117451.55,Aplicacion,Recurrente,Deportes,Aplicacion,1,343000.0,1
C0103,2025-08,54.0,9,89882.89,Aplicacion,Recurrente,Deportes,Aplicacion,1,408000.0,1
C0103,2025-09,54.0,6,117054.62,Web,Recurrente,Belleza,Web,4,361000.0,1
C0103,2025-10,54.0,4,93874.25,Web,Recurrente,Ropa,Web,3,270000.0,1
C0103,2025-11,54.0,9,138642.26,Aplicacion,Recurrente,Deportes,Aplicacion,1,617000.0,1
C0103,2025-12,54.0,10,112471.27,Ambos,Recurrente,Ropa,Web,3,403000.0,1
C0104,2025-01,55.0,14,124044.44,Aplicacion,Recurrente,Hogar,Aplicacion,1,547000.0,1
C0104,2025-02,55.0,9,81712.98,Aplicacion,Recurrente,Sin compra,Sin compra,0,0.0,0
C0104,2025-03,55.0,14,93060.81,Aplicacion,Recurrente,Sin compra,Sin compra,0,0.0,0
C0104,2025-04,55.0,9,77408.41,Aplicacion,Recurrente,Ropa,Aplicacion,3,202000.0,1
C0104,2025-05,55.0,7,91960.47,Aplicacion,Recurrente,Electronica,Aplicacion,2,640000.0,1
C0104,2025-06,55.0,14,123235.78,Aplicacion,Recurrente,Electronica,Aplicacion,4,1475000.0,1
C0104,2025-07,55.0,5,112685.48,Web,Recurrente,Electronica,Web,1,920000.0,1
C0104,2025-08,55.0,8,123949.67,Web,Recurrente,Belleza,Web,2,420000.0,1
C0104,2025-09,55.0,9,156391.59,Aplicacion,Recurrente,Deportes,Aplicacion,1,451000.0,1
C0104,2025-10,55.0,8,95189.93,Web,Recurrente,Sin compra,Sin compra,0,0.0,0
C0104,2025-11,55.0,15,197299.45,Ambos,Recurrente,Deportes,Web,3,643000.0,1
C0104,2025-12,55.0,8,,Web,Recurrente,Ropa,Web,1,380000.0,1
C0105,2025-01,21.0,8,46426.8,Aplicacion,Nuevo,Sin compra,Sin compra,0,0.0,0
C0105,2025-02,21.0,12,122050.66,Ambos,Nuevo,Sin compra,Sin compra,0,0.0,0
C0105,2025-03,21.0,11,118693.66,Aplicacion,Recurrente,Ropa,Aplicacion,1,395000.0,1
C0105,2025-04,21.0,13,136360.26,Aplicacion,Recurrente,Sin compra,Sin compra,0,0.0,0
C0105,2025-05,21.0,13,154893.24,Web,Recurrente,Sin compra,Sin compra,0,0.0,0
C0105,2025-06,21.0,6,152790.51,Web,Recurrente,Deportes,Web,3,484000.0,1
C0105,2025-07,21.0,4,104286.39,Aplicacion,Recurrente,Sin compra,Sin compra,0,0.0,0
C0105,2025-08,21.0,10,108725.89,Aplicacion,Recurrente,Electronica,Aplicacion,4,604000.0,1
C0105,2025-09,21.0,8,119467.76,Web,Recurrente,Hogar,Web,2,368000.0,1
C0105,2025-10,21.0,5,75208.07,Web,Recurrente,Sin compra,Sin compra,0,0.0,0
C0105,2025-11,21.0,9,48956.67,Web,Recurrente,Belleza,Web,3,179000.0,1
C0105,2025-12,21.0,11,65661.72,Web,Recurrente,Belleza,Web,3,275000.0,1
C0106,2025-01,41.0,16,164811.17,Aplicacion,Recurrente,Deportes,Aplicacion,3,635000.0,1
C0106,2025-02,41.0,9,133622.66,Web,Recurrente,Hogar,Web,2,476000.0,1
C0106,2025-03,41.0,7,92092.9,Web,Recurrente,Sin compra,Sin compra,0,0.0,0
C0106,2025-04,41.0,3,87457.44,Web,Recurrente,Deportes,Web,2,258000.0,1
C0106,2025-05,41.0,5,80458.26,Web,Recurrente,Belleza,Web,1,224000.0,1
C0106,2025-06,41.0,13,65612.19,Aplicacion,Recurrente,Deportes,Aplicacion,3,296000.0,1
C0106,2025-07,41.0,16,134693.75,Aplicacion,Recurrente,Sin compra,Sin compra,0,0.0,0
C0106,2025-08,41.0,4,65001.56,Web,Recurrente,Deportes,Web,3,183000.0,1
C0106,2025-09,41.0,11,70334.43,Aplicacion,Recurrente,Belleza,Aplicacion,1,246000.0,1
C0106,2025-10,41.0,10,118146.34,Ambos,Recurrente,Ropa,Web,1,370000.0,1
C0106,2025-11,41.0,7,145082.86,Web,Recurrente,Hogar,Web,3,476000.0,1
C0106,2025-12,41.0,9,93719.63,Aplicacion,Recurrente,Hogar,Aplicacion,1,500000.0,1
C0107,2025-01,32.0,6,31311.38,Aplicacion,Nuevo,Sin compra,Sin compra,0,0.0,0
C0107,2025-02,32.0,12,117877.16,Ambos,Recurrente,Deportes,Web,1,411000.0,1
C0107,2025-03,,12,147416.26,Ambos,Recurrente,Electronica,Aplicacion,1,1320000.0,1
C0107,2025-04,32.0,13,111102.7,Ambos,Recurrente,Sin compra,Sin compra,0,0.0,0
C0107,2025-05,32.0,5,114282.78,Aplicacion,Recurrente,Sin compra,Sin compra,0,0.0,0
C0107,2025-06,32.0,12,144469.51,Ambos,Recurrente,Sin compra,Sin compra,0,0.0,0
C0107,2025-07,32.0,14,81212.06,Ambos,Recurrente,Ropa,Aplicacion,1,430000.0,1
C0107,2025-08,32.0,9,129576.22,Web,Recurrente,Sin compra,Sin compra,0,0.0,0
C0107,2025-09,32.0,9,162068.06,Web,Recurrente,Sin compra,Sin compra,0,0.0,0
C0107,2025-10,32.0,8,131897.54,Web,Recurrente,Sin compra,Sin compra,0,0.0,0
C0107,2025-11,32.0,15,98600.6,Ambos,Recurrente,Electronica,Aplicacion,1,932000.0,1
C0107,2025-12,32.0,5,117254.05,Web,Recurrente,Sin compra,Sin compra,0,0.0,0
C0108,2025-01,32.0,7,108151.09,Aplicacion,Recurrente,Hogar,Aplicacion,1,392000.0,1
C0108,2025-02,32.0,11,135169.91,Web,Recurrente,Sin compra,Sin compra,0,0.0,0
C0108,2025-03,32.0,14,157538.17,Aplicacion,Recurrente,Electronica,Aplicacion,1,929000.0,1
C0108,2025-04,32.0,6,54296.29,Web,Recurrente,Hogar,Web,1,317000.0,1
C0108,2025-05,32.0,6,190642.87,Aplicacion,Recurrente,Sin compra,Sin compra,0,0.0,0
C0108,2025-06,32.0,5,,Web,Recurrente,Sin compra,Sin compra,0,0.0,0
C0108,2025-07,32.0,11,120756.9,Aplicacion,Recurrente,Electronica,Aplicacion,4,752000.0,1
C0108,2025-08,32.0,5,112318.13,Web,Recurrente,Electronica,Web,2,550000.0,1
C0108,2025-09,32.0,4,98008.29,Aplicacion,Recurrente,Sin compra,Sin compra,0,0.0,0
C0108,2025-10,32.0,6,73006.4,Web,Recurrente,Sin compra,Sin compra,0,0.0,0
C0108,2025-11,32.0,4,97218.45,Web,Recurrente,Sin compra,Sin compra,0,0.0,0
C0108,2025-12,32.0,16,163159.34,Ambos,Recurrente,Sin compra,Sin compra,0,0.0,0
C0109,2025-01,39.0,16,145507.0,Ambos,Nuevo,Sin compra,Sin compra,0,0.0,0
C0109,2025-02,39.0,7,98284.97,Web,Nuevo,Sin compra,Sin compra,0,0.0,0
C0109,2025-03,39.0,11,171461.23,Aplicacion,Nuevo,Sin compra,Sin compra,0,0.0,0
C0109,2025-04,39.0,11,87651.78,Aplicacion,Recurrente,Ropa,Aplicacion,2,392000.0,1
C0109,2025-05,39.0,12,,Aplicacion,Recurrente,Deportes,Aplicacion,2,290000.0,1
C0109,2025-06,39.0,11,98837.41,Ambos,Recurrente,Deportes,Aplicacion,2,287000.0,1
C0109,2025-07,39.0,12,127021.16,Aplicacion,Recurrente,Sin compra,Sin compra,0,0.0,0
C0109,2025-08,39.0,18,120909.64,Ambos,Recurrente,Hogar,Aplicacion,3,416000.0,1
C0109,2025-09,39.0,9,105457.68,Aplicacion,Recurrente,Electronica,Aplicacion,2,649000.0,1
C0109,2025-10,39.0,9,127411.93,Web,Recurrente,Belleza,Web,2,253000.0,1
C0109,2025-11,39.0,13,100507.01,Ambos,Recurrente,Belleza,Web,2,352000.0,1
C0109,2025-12,39.0,5,104086.24,Web,Recurrente,Hogar,Web,1,406000.0,1
C0110,2025-01,37.0,6,137661.57,Web,Recurrente,Ropa,Web,1,495000.0,1
C0110,2025-02,37.0,1,117338.75,Web,Recurrente,Sin compra,Sin compra,0,0.0,0
C0110,2025-03,37.0,7,107782.13,Web,Recurrente,Sin compra,Sin compra,0,0.0,0
C0110,2025-04,37.0,7,81406.23,Aplicacion,Recurrente,Deportes,Aplicacion,2,295000.0,1
C0110,2025-05,37.0,9,74332.76,Web,Recurrente,Sin compra,Sin compra,0,0.0,0
C0110,2025-06,,15,125063.33,Ambos,Recurrente,Belleza,Aplicacion,1,377000.0,1
C0110,2025-07,37.0,8,58998.47,Aplicacion,Recurrente,Sin compra,Sin compra,0,0.0,0
C0110,2025-08,37.0,14,102807.25,Aplicacion,Recurrente,Hogar,Aplicacion,1,366000.0,1
C0110,2025-09,37.0,6,56456.96,Aplicacion,Recurrente,Belleza,Aplicacion,4,256000.0,1
C0110,2025-10,37.0,10,145304.56,Web,Recurrente,Belleza,Web,1,518000.0,1
C0110,2025-11,37.0,11,122103.07,Aplicacion,Recurrente,Electronica,Aplicacion,2,860000.0,1
C0110,2025-12,37.0,14,104590.8,Ambos,Recurrente,Ropa,Web,1,396000.0,1
C0111,2025-01,41.0,9,152722.99,Aplicacion,Nuevo,Sin compra,Sin compra,0,0.0,0
C0111,2025-02,41.0,7,67885.05,Aplicacion,Nuevo,Sin compra,Sin compra,0,0.0,0
C0111,2025-03,41.0,9,137804.07,Aplicacion,Recurrente,Ropa,Aplicacion,2,346000.0,1
C0111,2025-04,41.0,15,154729.8,Aplicacion,Recurrente,Sin compra,Sin compra,0,0.0,0
C0111,2025-05,41.0,9,138187.18,Aplicacion,Recurrente,Ropa,Aplicacion,1,485000.0,1
C0111,2025-06,41.0,15,115836.23,Ambos,Recurrente,Deportes,Aplicacion,1,345000.0,1
C0111,2025-07,41.0,4,33663.83,Web,Recurrente,Ropa,Web,1,139000.0,1
C0111,2025-08,41.0,13,113785.96,Aplicacion,Recurrente,Belleza,Aplicacion,2,354000.0,1
C0111,2025-09,41.0,12,130485.12,Aplicacion,Recurrente,Deportes,Aplicacion,2,266000.0,1
C0111,2025-10,41.0,9,113522.93,Aplicacion,Recurrente,Hogar,Aplicacion,1,472000.0,1
C0111,2025-11,41.0,14,109798.61,Ambos,Recurrente,Ropa,Aplicacion,1,383000.0,1
C0111,2025-12,41.0,7,92279.29,Web,Recurrente,Electronica,Web,2,613000.0,1
C0112,2025-01,51.0,7,83184.68,Aplicacion,Nuevo,Sin compra,Sin compra,0,0.0,0
C0112,2025-02,51.0,14,155483.63,Ambos,Recurrente,Electronica,Aplicacion,2,1013000.0,1
C0112,2025-03,51.0,6,30259.52,Aplicacion,Recurrente,Sin compra,Sin compra,0,0.0,0
C0112,2025-04,51.0,8,135684.44,Web,Recurrente,Sin compra,Sin compra,0,0.0,0
C0112,2025-05,51.0,17,139662.48,Ambos,Recurrente,Ropa,Web,3,466000.0,1
C0112,2025-06,51.0,9,82307.82,Aplicacion,Recurrente,Sin compra,Sin compra,0,0.0,0
C0112,2025-07,,10,187716.56,Web,Recurrente,Electronica,Web,2,1282000.0,1
C0112,2025-08,51.0,3,127060.8,Web,Recurrente,Belleza,Web,1,397000.0,1
C0112,2025-09,51.0,7,63371.0,Web,Recurrente,Ropa,Web,1,240000.0,1
C0112,2025-10,51.0,5,70043.75,Web,Recurrente,Electronica,Web,4,633000.0,1
C0112,2025-11,51.0,10,125542.73,Aplicacion,Recurrente,Electronica,Aplicacion,3,994000.0,1
C0112,2025-12,51.0,6,94458.31,Web,Recurrente,Ropa,Web,2,235000.0,1
C0113,2025-01,45.0,7,77752.46,Aplicacion,Nuevo,Sin compra,Sin compra,0,0.0,0
C0113,2025-02,45.0,10,63466.66,Aplicacion,Nuevo,Sin compra,Sin compra,0,0.0,0
C0113,2025-03,45.0,5,81093.89,Web,Recurrente,Electronica,Web,1,475000.0,1
C0113,2025-04,45.0,12,63072.75,Web,Recurrente,Sin compra,Sin compra,0,0.0,0
C0113,2025-05,45.0,6,74444.73,Aplicacion,Recurrente,Deportes,Aplicacion,2,298000.0,1
C0113,2025-06,45.0,6,89122.16,Web,Recurrente,Hogar,Web,1,354000.0,1
C0113,2025-07,45.0,6,88358.12,Web,Recurrente,Hogar,Web,2,325000.0,1
C0113,2025-08,45.0,4,69015.15,Aplicacion,Recurrente,Sin compra,Sin compra,0,0.0,0
C0113,2025-09,45.0,17,128788.88,Ambos,Recurrente,Ropa,Web,3,345000.0,1
C0113,2025-10,45.0,8,65835.12,Aplicacion,Recurrente,Hogar,Aplicacion,1,235000.0,1
C0113,2025-11,45.0,9,127521.33,Web,Recurrente,Sin compra,Sin compra,0,0.0,0
C0113,2025-12,45.0,4,101391.23,Web,Recurrente,Deportes,Web,4,287000.0,1
C0114,2025-01,34.0,8,94036.25,Web,Nuevo,Sin compra,Sin compra,0,0.0,0
C0114,2025-02,34.0,7,86760.19,Aplicacion,Nuevo,Sin compra,Sin compra,0,0.0,0
C0114,2025-03,34.0,9,128185.22,Aplicacion,Nuevo,Sin compra,Sin compra,0,0.0,0
C0114,2025-04,34.0,6,92273.97,Aplicacion,Nuevo,Sin compra,Sin compra,0,0.0,0
C0114,2025-05,34.0,6,52980.67,Web,Nuevo,Sin compra,Sin compra,0,0.0,0
C0114,2025-06,34.0,10,60492.35,Web,Nuevo,Sin compra,Sin compra,0,0.0,0
C0114,2025-07,34.0,8,132629.71,Web,Recurrente,Deportes,Web,4,504000.0,1
C0114,2025-08,34.0,9,82932.5,Aplicacion,Recurrente,Deportes,Aplicacion,2,263000.0,1
C0114,2025-09,34.0,13,171932.67,Ambos,Recurrente,Electronica,Web,2,963000.0,1
C0114,2025-10,,7,,Web,Recurrente,Sin compra,Sin compra,0,0.0,0
C0114,2025-11,34.0,10,94600.75,Web,Recurrente,Hogar,Web,2,310000.0,1
C0114,2025-12,34.0,16,72756.65,Ambos,Recurrente,Ropa,Aplicacion,2,315000.0,1
C0115,2025-01,53.0,14,121184.98,Ambos,Nuevo,Sin compra,Sin compra,0,0.0,0
C0115,2025-02,53.0,8,95697.17,Aplicacion,Nuevo,Sin compra,Sin compra,0,0.0,0
C0115,2025-03,53.0,11,134288.76,Ambos,Recurrente,Deportes,Aplicacion,2,629000.0,1
C0115,2025-04,53.0,7,71480.27,Web,Recurrente,Sin compra,Sin compra,0,0.0,0
C0115,2025-05,53.0,13,169197.85,Aplicacion,Recurrente,Deportes,Aplicacion,1,513000.0,1
C0115,2025-06,53.0,19,139100.9,Ambos,Recurrente,Ropa,Aplicacion,2,604000.0,1
C0115,2025-07,53.0,8,129907.97,Web,Recurrente,Sin compra,Sin compra,0,0.0,0
C0115,2025-08,53.0,10,75976.99,Aplicacion,Recurrente,Ropa,Aplicacion,1,256000.0,1
C0115,2025-09,53.0,8,96406.3,Aplicacion,Recurrente,Sin compra,Sin compra,0,0.0,0
C0115,2025-10,53.0,13,75387.76,Ambos,Recurrente,Deportes,Web,2,281000.0,1
C0115,2025-11,53.0,5,72666.0,Web,Recurrente,Sin compra,Sin compra,0,0.0,0
C0115,2025-12,53.0,12,132406.09,Ambos,Recurrente,Belleza,Aplicacion,2,350000.0,1
C0116,2025-01,63.0,10,102958.55,Web,Nuevo,Sin compra,Sin compra,0,0.0,0
C0116,2025-02,63.0,7,129050.35,Web,Nuevo,Sin compra,Sin compra,0,0.0,0
C0116,2025-03,63.0,18,141761.55,Ambos,Recurrente,Electronica,Aplicacion,2,1319000.0,1
C0116,2025-04,63.0,7,104343.49,Aplicacion,Recurrente,Sin compra,Sin compra,0,0.0,0
C0116,2025-05,63.0,9,40315.07,Web,Recurrente,Sin compra,Sin compra,0,0.0,0
C0116,2025-06,63.0,3,,Aplicacion,Recurrente,Deportes,Aplicacion,2,314000.0,1
C0116,2025-07,63.0,7,101275.26,Web,Recurrente,Electronica,Web,1,933000.0,1
C0116,2025-08,63.0,16,140349.4,Ambos,Recurrente,Sin compra,Sin compra,0,0.0,0
C0116,2025-09,63.0,10,98935.26,Web,Recurrente,Hogar,Web,1,348000.0,1
C0116,2025-10,63.0,16,136013.76,Ambos,Recurrente,Hogar,Web,3,724000.0,1
C0116,2025-11,63.0,10,164858.58,Aplicacion,Recurrente,Sin compra,Sin compra,0,0.0,0
C0116,2025-12,63.0,16,107401.51,Ambos,Recurrente,Sin compra,Sin compra,0,0.0,0
C0117,2025-01,60.0,8,95563.7,Web,Nuevo,Sin compra,Sin compra,0,0.0,0
C0117,2025-02,60.0,14,132054.33,Ambos,Nuevo,Sin compra,Sin compra,0,0.0,0
C0117,2025-03,60.0,5,106559.07,Aplicacion,Nuevo,Sin compra,Sin compra,0,0.0,0
C0117,2025-04,60.0,16,136968.74,Ambos,Recurrente,Ropa,Web,1,488000.0,1
C0117,2025-05,60.0,11,101912.36,Ambos,Recurrente,Sin compra,Sin compra,0,0.0,0
C0117,2025-06,60.0,7,114446.84,Aplicacion,Recurrente,Belleza,Aplicacion,4,354000.0,1
C0117,2025-07,60.0,11,114336.57,Aplicacion,Recurrente,Belleza,Aplicacion,2,289000.0,1
C0117,2025-08,60.0,7,77777.81,Web,Recurrente,Sin compra,Sin compra,0,0.0,0
C0117,2025-09,60.0,8,86906.01,Aplicacion,Recurrente,Sin compra,Sin compra,0,0.0,0
C0117,2025-10,60.0,11,75441.39,Web,Recurrente,Sin compra,Sin compra,0,0.0,0
C0117,2025-11,,7,76545.09,Aplicacion,Recurrente,Sin compra,Sin compra,0,0.0,0
C0117,2025-12,60.0,7,49950.05,Aplicacion,Recurrente,Sin compra,Sin compra,0,0.0,0
C0118,2025-01,30.0,10,102369.86,Aplicacion,Nuevo,Sin compra,Sin compra,0,0.0,0
C0118,2025-02,30.0,11,105322.14,Web,Nuevo,Sin compra,Sin compra,0,0.0,0
C0118,2025-03,,2,88188.56,Web,Recurrente,Hogar,Web,1,399000.0,1
C0118,2025-04,30.0,8,129204.41,Web,Recurrente,Belleza,Web,2,416000.0,1
C0118,2025-05,30.0,10,120091.05,Aplicacion,Recurrente,Belleza,Aplicacion,1,383000.0,1
C0118,2025-06,30.0,10,,Aplicacion,Recurrente,Hogar,Aplicacion,3,400000.0,1
C0118,2025-07,30.0,11,89367.85,Ambos,Recurrente,Ropa,Web,1,292000.0,1
C0118,2025-08,30.0,3,60863.72,Aplicacion,Recurrente,Sin compra,Sin compra,0,0.0,0
C0118,2025-09,30.0,21,193800.14,Ambos,Recurrente,Electronica,Aplicacion,1,1340000.0,1
C0118,2025-10,30.0,6,103363.06,Aplicacion,Recurrente,Sin compra,Sin compra,0,0.0,0
C0118,2025-11,30.0,9,112810.87,Web,Recurrente,Electronica,Web,1,931000.0,1
C0118,2025-12,30.0,6,82358.42,Web,Recurrente,Ropa,Web,1,241000.0,1
C0119,2025-01,58.0,9,116654.42,Aplicacion,Recurrente,Belleza,Aplicacion,2,356000.0,1
C0119,2025-02,58.0,7,,Web,Recurrente,Sin compra,Sin compra,0,0.0,0
C0119,2025-03,58.0,14,145947.52,Web,Recurrente,Electronica,Web,2,1759000.0,1
C0119,2025-04,58.0,6,123502.19,Aplicacion,Recurrente,Electronica,Aplicacion,2,884000.0,1
C0119,2025-05,58.0,9,111785.55,Ambos,Recurrente,Ropa,Web,1,353000.0,1
C0119,2025-06,58.0,10,88228.39,Aplicacion,Recurrente,Sin compra,Sin compra,0,0.0,0
C0119,2025-07,58.0,6,79273.87,Aplicacion,Recurrente,Deportes,Aplicacion,1,345000.0,1
C0119,2025-08,58.0,12,118741.28,Web,Recurrente,Ropa,Web,1,334000.0,1
C0119,2025-09,58.0,12,131081.44,Aplicacion,Recurrente,Ropa,Aplicacion,1,577000.0,1
C0119,2025-10,58.0,7,58583.08,Web,Recurrente,Belleza,Web,1,212000.0,1
C0119,2025-11,58.0,3,68247.3,Web,Recurrente,Hogar,Web,1,204000.0,1
C0119,2025-12,58.0,6,96161.38,Web,Recurrente,Ropa,Web,1,310000.0,1
C0120,2025-01,56.0,4,114527.89,Web,Recurrente,Deportes,Web,1,330000.0,1
C0120,2025-02,56.0,16,152677.49,Ambos,Recurrente,Sin compra,Sin compra,0,0.0,0
C0120,2025-03,56.0,6,77665.92,Web,Recurrente,Deportes,Web,3,326000.0,1
C0120,2025-04,56.0,9,113886.47,Aplicacion,Recurrente,Sin compra,Sin compra,0,0.0,0
C0120,2025-05,56.0,2,17729.02,Web,Recurrente,Sin compra,Sin compra,0,0.0,0
C0120,2025-06,56.0,11,92549.84,Aplicacion,Recurrente,Belleza,Aplicacion,2,286000.0,1
C0120,2025-07,56.0,17,156001.85,Ambos,Recurrente,Ropa,Web,3,606000.0,1
C0120,2025-08,56.0,8,98783.26,Aplicacion,Recurrente,Belleza,Aplicacion,1,217000.0,1
C0120,2025-09,56.0,12,,Aplicacion,Recurrente,Sin compra,Sin compra,0,0.0,0
C0120,2025-10,56.0,9,130407.53,Aplicacion,Recurrente,Hogar,Aplicacion,2,429000.0,1
C0120,2025-11,56.0,10,180788.95,Web,Recurrente,Belleza,Web,1,595000.0,1
C0120,2025-12,56.0,7,89672.38,Web,Recurrente,Deportes,Web,4,356000.0,1
C0121,2025-01,23.0,4,94675.92,Web,Recurrente,Belleza,Web,2,294000.0,1
C0121,2025-02,23.0,6,134726.97,Aplicacion,Recurrente,Sin compra,Sin compra,0,0.0,0
C0121,2025-03,23.0,12,105396.49,Ambos,Recurrente,Sin compra,Sin compra,0,0.0,0
C0121,2025-04,23.0,14,128853.84,Aplicacion,Recurrente,Belleza,Aplicacion,1,484000.0,1
C0121,2025-05,23.0,20,202619.09,Ambos,Recurrente,Hogar,Aplicacion,1,854000.0,1
C0121,2025-06,23.0,12,119356.99,Web,Recurrente,Hogar,Web,1,449000.0,1
C0121,2025-07,23.0,6,119843.29,Web,Recurrente,Electronica,Web,1,923000.0,1
C0121,2025-08,23.0,7,100774.93,Web,Recurrente,Ropa,Web,4,401000.0,1
C0121,2025-09,23.0,11,120714.43,Aplicacion,Recurrente,Electronica,Aplicacion,2,972000.0,1
C0121,2025-10,23.0,12,114776.47,Aplicacion,Recurrente,Electronica,Aplicacion,2,550000.0,1
C0121,2025-11,23.0,7,99754.33,Web,Recurrente,Deportes,Web,3,257000.0,1
C0121,2025-12,23.0,8,81552.76,Web,Recurrente,Hogar,Web,1,281000.0,1
C0122,2025-01,51.0,10,54860.71,Aplicacion,Nuevo,Sin compra,Sin compra,0,0.0,0
C0122,2025-02,51.0,17,155124.92,Ambos,Recurrente,Ropa,Aplicacion,1,599000.0,1
C0122,2025-03,51.0,5,,Web,Recurrente,Sin compra,Sin compra,0,0.0,0
C0122,2025-04,51.0,9,109622.62,Aplicacion,Recurrente,Hogar,Aplicacion,1,412000.0,1
C0122,2025-05,51.0,13,132668.85,Ambos,Recurrente,Sin compra,Sin compra,0,0.0,0
C0122,2025-06,51.0,7,98045.64,Web,Recurrente,Hogar,Web,1,413000.0,1
C0122,2025-07,51.0,5,52690.42,Web,Recurrente,Sin compra,Sin compra,0,0.0,0
C0122,2025-08,51.0,6,64359.94,Web,Recurrente,Sin compra,Sin compra,0,0.0,0
C0122,2025-09,51.0,7,,Web,Recurrente,Hogar,Web,2,470000.0,1
C0122,2025-10,,12,99878.68,Aplicacion,Recurrente,Ropa,Aplicacion,2,395000.0,1
C0122,2025-11,51.0,9,126177.09,Aplicacion,Recurrente,Sin compra,Sin compra,0,0.0,0
C0122,2025-12,51.0,12,153880.57,Web,Recurrente,Hogar,Web,1,457000.0,1
C0123,2025-01,31.0,4,70778.28,Web,Nuevo,Sin compra,Sin compra,0,0.0,0
C0123,2025-02,31.0,16,191294.72,Ambos,Recurrente,Ropa,Aplicacion,1,726000.0,1
C0123,2025-03,31.0,8,102143.35,Web,Recurrente,Sin compra,Sin compra,0,0.0,0
C0123,2025-04,31.0,13,155352.81,Ambos,Recurrente,Belleza,Aplicacion,1,367000.0,1
C0123,2025-05,31.0,6,139657.37,Aplicacion,Recurrente,Belleza,Aplicacion,3,319000.0,1
C0123,2025-06,31.0,11,164732.53,Web,Recurrente,Belleza,Web,1,453000.0,1
C0123,2025-07,31.0,4,92377.31,Aplicacion,Recurrente,Hogar,Aplicacion,4,211000.0,1
C0123,2025-08,31.0,6,107744.13,Aplicacion,Recurrente,Deportes,Aplicacion,2,511000.0,1
C0123,2025-09,31.0,6,41305.72,Web,Recurrente,Electronica,Web,2,638000.0,1
C0123,2025-10,31.0,10,70651.9,Aplicacion,Recurrente,Ropa,Aplicacion,1,258000.0,1
C0123,2025-11,31.0,12,166805.2,Web,Recurrente,Belleza,Web,1,464000.0,1
C0123,2025-12,31.0,9,106017.47,Web,Recurrente,Ropa,Web,1,235000.0,1
C0124,2025-01,21.0,10,126766.23,Aplicacion,Nuevo,Sin compra,Sin compra,0,0.0,0
C0124,2025-02,21.0,8,132205.91,Aplicacion,Nuevo,Sin compra,Sin compra,0,0.0,0
C0124,2025-03,21.0,10,102413.73,Aplicacion,Nuevo,Sin compra,Sin compra,0,0.0,0
C0124,2025-04,21.0,12,84680.96,Aplicacion,Recurrente,Hogar,Aplicacion,1,382000.0,1
C0124,2025-05,21.0,1,18013.74,Web,Recurrente,Ropa,Web,3,100000.0,1
C0124,2025-06,21.0,6,72928.85,Aplicacion,Recurrente,Electronica,Aplicacion,1,464000.0,1
C0124,2025-07,21.0,7,75753.88,Aplicacion,Recurrente,Hogar,Aplicacion,1,223000.0,1
C0124,2025-08,21.0,7,83930.3,Web,Recurrente,Electronica,Web,1,649000.0,1
C0124,2025-09,21.0,18,140721.61,Ambos,Recurrente,Electronica,Web,1,1069000.0,1
C0124,2025-10,21.0,7,67203.0,Aplicacion,Recurrente,Sin compra,Sin compra,0,0.0,0
C0124,2025-11,21.0,11,122593.51,Ambos,Recurrente,Ropa,Web,1,394000.0,1
C0124,2025-12,21.0,6,59877.76,Aplicacion,Recurrente,Ropa,Aplicacion,2,194000.0,1
C0125,2025-01,21.0,10,125886.12,Ambos,Nuevo,Sin compra,Sin compra,0,0.0,0
C0125,2025-02,21.0,11,137417.09,Ambos,Nuevo,Sin compra,Sin compra,0,0.0,0
C0125,2025-03,21.0,8,95120.09,Web,Nuevo,Sin compra,Sin compra,0,0.0,0
C0125,2025-04,21.0,7,50259.56,Web,Nuevo,Sin compra,Sin compra,0,0.0,0
C0125,2025-05,21.0,20,107374.46,Ambos,Nuevo,Sin compra,Sin compra,0,0.0,0
C0125,2025-06,21.0,6,34880.22,Aplicacion,Recurrente,Hogar,Aplicacion,3,121000.0,1
C0125,2025-07,21.0,6,129079.87,Web,Recurrente,Sin compra,Sin compra,0,0.0,0
C0125,2025-08,21.0,9,119211.75,Web,Recurrente,Sin compra,Sin compra,0,0.0,0
C0125,2025-09,21.0,4,102906.62,Web,Recurrente,Sin compra,Sin compra,0,0.0,0
C0125,2025-10,21.0,12,150660.25,Aplicacion,Recurrente,Ropa,Aplicacion,2,640000.0,1
C0125,2025-11,21.0,13,168306.84,Aplicacion,Recurrente,Belleza,Aplicacion,1,592000.0,1
C0125,2025-12,21.0,12,146677.47,Aplicacion,Recurrente,Sin compra,Sin compra,0,0.0,0
C0126,2025-01,62.0,9,55022.01,Aplicacion,Nuevo,Sin compra,Sin compra,0,0.0,0
C0126,2025-02,62.0,22,128206.45,Ambos,Nuevo,Sin compra,Sin compra,0,0.0,0
C0126,2025-03,62.0,11,105502.18,Ambos,Nuevo,Sin compra,Sin compra,0,0.0,0
C0126,2025-04,62.0,12,51413.53,Web,Recurrente,Hogar,Web,3,218000.0,1
C0126,2025-05,62.0,5,48711.39,Web,Recurrente,Ropa,Web,2,142000.0,1
C0126,2025-06,62.0,5,60479.28,Aplicacion,Recurrente,Electronica,Aplicacion,1,410000.0,1
C0126,2025-07,62.0,3,115643.95,Web,Recurrente,Ropa,Web,2,404000.0,1
C0126,2025-08,62.0,5,69824.83,Aplicacion,Recurrente,Hogar,Aplicacion,1,294000.0,1
C0126,2025-09,62.0,5,94908.66,Web,Recurrente,Sin compra,Sin compra,0,0.0,0
C0126,2025-10,62.0,12,129627.51,Aplicacion,Recurrente,Hogar,Aplicacion,1,499000.0,1
C0126,2025-11,62.0,8,61075.46,Web,Recurrente,Sin compra,Sin compra,0,0.0,0
C0126,2025-12,62.0,6,76988.0,Web,Recurrente,Electronica,Web,1,774000.0,1
C0127,2025-01,35.0,12,169974.77,Ambos,Recurrente,Deportes,Aplicacion,3,502000.0,1
C0127,2025-02,35.0,9,168399.44,Aplicacion,Recurrente,Sin compra,Sin compra,0,0.0,0
C0127,2025-03,35.0,7,122514.0,Web,Recurrente,Sin compra,Sin compra,0,0.0,0
C0127,2025-04,35.0,8,111721.16,Aplicacion,Recurrente,Belleza,Aplicacion,2,457000.0,1
C0127,2025-05,35.0,11,103417.35,Ambos,Recurrente,Sin compra,Sin compra,0,0.0,0
C0127,2025-06,35.0,7,85511.24,Web,Recurrente,Sin compra,Sin compra,0,0.0,0
C0127,2025-07,35.0,10,58929.46,Web,Recurrente,Sin compra,Sin compra,0,0.0,0
C0127,2025-08,35.0,13,88679.12,Aplicacion,Recurrente,Sin compra,Sin compra,0,0.0,0
C0127,2025-09,35.0,11,53516.89,Aplicacion,Recurrente,Hogar,Aplicacion,3,255000.0,1
C0127,2025-10,35.0,3,30429.13,Web,Recurrente,Sin compra,Sin compra,0,0.0,0
C0127,2025-11,35.0,15,134415.18,Ambos,Recurrente,Belleza,Web,1,369000.0,1
C0127,2025-12,35.0,10,121545.7,Web,Recurrente,Hogar,Web,2,486000.0,1
C0128,2025-01,40.0,7,138767.63,Web,Recurrente,Ropa,Web,1,458000.0,1
C0128,2025-02,40.0,5,111604.65,Web,Recurrente,Sin compra,Sin compra,0,0.0,0
C0128,2025-03,40.0,7,45305.66,Aplicacion,Recurrente,Ropa,Aplicacion,2,161000.0,1
C0128,2025-04,40.0,8,93381.44,Web,Recurrente,Sin compra,Sin compra,0,0.0,0
C0128,2025-05,40.0,10,130741.16,Web,Recurrente,Sin compra,Sin compra,0,0.0,0
C0128,2025-06,40.0,22,156546.31,Ambos,Recurrente,Ropa,Aplicacion,1,770000.0,1
C0128,2025-07,40.0,8,96517.88,Aplicacion,Recurrente,Ropa,Aplicacion,2,234000.0,1
C0128,2025-08,40.0,4,32823.31,Web,Recurrente,Belleza,Web,1,140000.0,1
C0128,2025-09,40.0,16,116048.6,Ambos,Recurrente,Deportes,Aplicacion,1,466000.0,1
C0128,2025-10,40.0,14,94082.57,Web,Recurrente,Ropa,Web,3,298000.0,1
C0128,2025-11,40.0,6,101711.38,Aplicacion,Recurrente,Deportes,Aplicacion,2,350000.0,1
C0128,2025-12,40.0,16,163735.18,Aplicacion,Recurrente,Deportes,Aplicacion,1,729000.0,1
C0129,2025-01,55.0,11,110511.57,Aplicacion,Nuevo,Sin compra,Sin compra,0,0.0,0
C0129,2025-02,55.0,7,117416.41,Web,Nuevo,Sin compra,Sin compra,0,0.0,0
C0129,2025-03,55.0,14,122736.42,Aplicacion,Recurrente,Belleza,Aplicacion,3,317000.0,1
C0129,2025-04,55.0,6,88064.5,Aplicacion,Recurrente,Hogar,Aplicacion,3,262000.0,1
C0129,2025-05,55.0,10,116577.35,Aplicacion,Recurrente,Ropa,Aplicacion,1,360000.0,1
C0129,2025-06,55.0,6,33066.39,Web,Recurrente,Sin compra,Sin compra,0,0.0,0
C0129,2025-07,55.0,3,33602.04,Web,Recurrente,Ropa,Web,2,153000.0,1
C0129,2025-08,55.0,12,152374.07,Ambos,Recurrente,Ropa,Aplicacion,3,610000.0,1
C0129,2025-09,55.0,12,152149.22,Ambos,Recurrente,Electronica,Web,1,1268000.0,1
C0129,2025-10,55.0,3,101481.62,Web,Recurrente,Ropa,Web,4,253000.0,1
C0129,2025-11,55.0,10,129979.06,Aplicacion,Recurrente,Ropa,Aplicacion,2,525000.0,1
C0129,2025-12,55.0,6,120579.03,Aplicacion,Recurrente,Sin compra,Sin compra,0,0.0,0
C0130,2025-01,38.0,9,109847.32,Aplicacion,Recurrente,Ropa,Aplicacion,2,419000.0,1
C0130,2025-02,38.0,17,155340.84,Ambos,Recurrente,Hogar,Aplicacion,1,701000.0,1
C0130,2025-03,38.0,9,166173.75,Aplicacion,Recurrente,Sin compra,Sin compra,0,0.0,0
C0130,2025-04,38.0,3,89064.2,Aplicacion,Recurrente,Deportes,Aplicacion,1,215000.0,1
C0130,2025-05,38.0,5,61588.05,Web,Recurrente,Hogar,Web,4,174000.0,1
C0130,2025-06,38.0,6,89534.03,Web,Recurrente,Ropa,Web,1,260000.0,1
C0130,2025-07,38.0,11,95026.21,Aplicacion,Recurrente,Hogar,Aplicacion,1,335000.0,1
C0130,2025-08,38.0,10,85223.74,Web,Recurrente,Sin compra,Sin compra,0,0.0,0
C0130,2025-09,38.0,7,104866.94,Web,Recurrente,Sin compra,Sin compra,0,0.0,0
C0130,2025-10,38.0,8,157501.8,Aplicacion,Recurrente,Ropa,Aplicacion,1,481000.0,1
C0130,2025-11,38.0,9,119050.6,Web,Recurrente,Ropa,Web,1,310000.0,1
C0130,2025-12,38.0,10,124736.78,Ambos,Recurrente,Hogar,Aplicacion,2,361000.0,1
C0131,2025-01,39.0,6,85765.25,Web,Nuevo,Sin compra,Sin compra,0,0.0,0
C0131,2025-02,39.0,10,100284.52,Aplicacion,Nuevo,Sin compra,Sin compra,0,0.0,0
C0131,2025-03,39.0,18,135579.15,Ambos,Recurrente,Deportes,Web,1,533000.0,1
C0131,2025-04,39.0,13,91000.0,Ambos,Recurrente,Sin compra,Sin compra,0,0.0,0
C0131,2025-05,39.0,4,96269.79,Web,Recurrente,Belleza,Web,3,189000.0,1
C0131,2025-06,39.0,13,91495.08,Aplicacion,Recurrente,Sin compra,Sin compra,0,0.0,0
C0131,2025-07,39.0,11,136244.62,Web,Recurrente,Sin compra,Sin compra,0,0.0,0
C0131,2025-08,39.0,12,160424.61,Ambos,Recurrente,Hogar,Aplicacion,1,441000.0,1
C0131,2025-09,39.0,7,93974.31,Aplicacion,Recurrente,Hogar,Aplicacion,3,345000.0,1
C0131,2025-10,39.0,4,110605.02,Aplicacion,Recurrente,Sin compra,Sin compra,0,0.0,0
C0131,2025-11,39.0,16,152528.66,Ambos,Recurrente,Belleza,Aplicacion,1,550000.0,1
C0131,2025-12,39.0,8,125366.94,Web,Recurrente,Belleza,Web,2,397000.0,1
C0132,2025-01,64.0,11,130960.39,Aplicacion,Nuevo,Sin compra,Sin compra,0,0.0,0
C0132,2025-02,64.0,7,52802.33,Aplicacion,Nuevo,Sin compra,Sin compra,0,0.0,0
C0132,2025-03,64.0,11,124692.38,Aplicacion,Recurrente,Ropa,Aplicacion,2,559000.0,1
C0132,2025-04,64.0,7,99751.08,Web,Recurrente,Sin compra,Sin compra,0,0.0,0
C0132,2025-05,64.0,8,61089.35,Web,Recurrente,Hogar,Web,1,269000.0,1
C0132,2025-06,64.0,16,147334.49,Aplicacion,Recurrente,Hogar,Aplicacion,2,620000.0,1
C0132,2025-07,64.0,17,,Ambos,Recurrente,Electronica,Web,2,1042000.0,1
C0132,2025-08,64.0,8,130508.56,Aplicacion,Recurrente,Ropa,Aplicacion,2,413000.0,1
C0132,2025-09,64.0,8,140133.8,Aplicacion,Recurrente,Hogar,Aplicacion,2,370000.0,1
C0132,2025-10,64.0,5,88478.47,Aplicacion,Recurrente,Belleza,Aplicacion,2,258000.0,1
C0132,2025-11,64.0,8,61816.5,Web,Recurrente,Deportes,Web,3,233000.0,1
C0132,2025-12,64.0,10,78784.21,Ambos,Recurrente,Hogar,Aplicacion,1,263000.0,1
C0133,2025-01,36.0,10,111334.26,Aplicacion,Nuevo,Sin compra,Sin compra,0,0.0,0
C0133,2025-02,36.0,5,83061.95,Web,Nuevo,Sin compra,Sin compra,0,0.0,0
C0133,2025-03,36.0,11,120240.91,Ambos,Nuevo,Sin compra,Sin compra,0,0.0,0
C0133,2025-04,36.0,8,89626.37,Aplicacion,Nuevo,Sin compra,Sin compra,0,0.0,0
C0133,2025-05,36.0,9,64020.77,Web,Nuevo,Sin compra,Sin compra,0,0.0,0
C0133,2025-06,36.0,16,137567.24,Ambos,Recurrente,Hogar,Web,1,581000.0,1
C0133,2025-07,36.0,12,133552.57,Ambos,Recurrente,Sin compra,Sin compra,0,0.0,0
C0133,2025-08,36.0,11,53827.58,Web,Recurrente,Electronica,Web,2,463000.0,1
C0133,2025-09,36.0,9,89411.3,Web,Recurrente,Electronica,Web,2,527000.0,1
C0133,2025-10,36.0,3,59320.18,Web,Recurrente,Electronica,Web,1,469000.0,1
C0133,2025-11,36.0,14,72877.71,Aplicacion,Recurrente,Sin compra,Sin compra,0,0.0,0
C0133,2025-12,36.0,13,161567.27,Ambos,Recurrente,Hogar,Web,1,460000.0,1
C0134,2025-01,62.0,4,50539.29,Web,Nuevo,Sin compra,Sin compra,0,0.0,0
C0134,2025-02,62.0,19,154375.73,Ambos,Nuevo,Sin compra,Sin compra,0,0.0,0
C0134,2025-03,62.0,13,85167.09,Aplicacion,Nuevo,Sin compra,Sin compra,0,0.0,0
C0134,2025-04,62.0,3,112689.08,Web,Nuevo,Sin compra,Sin compra,0,0.0,0
C0134,2025-05,62.0,5,61405.49,Web,Nuevo,Sin compra,Sin compra,0,0.0,0
C0134,2025-06,62.0,12,162093.88,Ambos,Recurrente,Hogar,Web,2,621000.0,1
C0134,2025-07,62.0,10,90979.22,Aplicacion,Recurrente,Sin compra,Sin compra,0,0.0,0
C0134,2025-08,62.0,7,86963.77,Web,Recurrente,Belleza,Web,2,164000.0,1
C0134,2025-09,62.0,7,81911.19,Web,Recurrente,Sin compra,Sin compra,0,0.0,0
C0134,2025-10,62.0,10,97271.31,Web,Recurrente,Sin compra,Sin compra,0,0.0,0
C0134,2025-11,62.0,17,165102.87,Ambos,Recurrente,Electronica,Aplicacion,1,882000.0,1
C0134,2025-12,62.0,15,133073.16,Ambos,Recurrente,Sin compra,Sin compra,0,0.0,0
C0135,2025-01,39.0,8,147996.87,Aplicacion,Recurrente,Electronica,Aplicacion,1,1049000.0,1
C0135,2025-02,39.0,8,81481.24,Aplicacion,Recurrente,Electronica,Aplicacion,1,682000.0,1
C0135,2025-03,39.0,10,118133.56,Aplicacion,Recurrente,Sin compra,Sin compra,0,0.0,0
C0135,2025-04,39.0,6,20875.61,Web,Recurrente,Deportes,Web,2,124000.0,1
C0135,2025-05,39.0,6,,Web,Recurrente,Sin compra,Sin compra,0,0.0,0
C0135,2025-06,39.0,7,49485.14,Web,Recurrente,Hogar,Web,3,289000.0,1
C0135,2025-07,39.0,9,107330.26,Aplicacion,Recurrente,Ropa,Aplicacion,1,334000.0,1
C0135,2025-08,39.0,10,118489.97,Aplicacion,Recurrente,Deportes,Aplicacion,2,365000.0,1
C0135,2025-09,39.0,8,126792.14,Aplicacion,Recurrente,Sin compra,Sin compra,0,0.0,0
C0135,2025-10,39.0,22,142905.11,Ambos,Recurrente,Ropa,Web,2,586000.0,1
C0135,2025-11,39.0,5,150564.58,Web,Recurrente,Hogar,Web,2,463000.0,1
C0135,2025-12,39.0,13,126511.19,Ambos,Recurrente,Deportes,Aplicacion,1,475000.0,1
C0136,2025-01,65.0,5,142468.5,Aplicacion,Nuevo,Sin compra,Sin compra,0,0.0,0
C0136,2025-02,65.0,8,177555.93,Web,Recurrente,Electronica,Web,3,1573000.0,1
C0136,2025-03,65.0,9,108767.11,Ambos,Recurrente,Electronica,Aplicacion,2,797000.0,1
C0136,2025-04,65.0,9,137896.97,Web,Recurrente,Sin compra,Sin compra,0,0.0,0
C0136,2025-05,65.0,9,129522.44,Aplicacion,Recurrente,Sin compra,Sin compra,0,0.0,0
C0136,2025-06,65.0,9,139370.39,Web,Recurrente,Ropa,Web,2,425000.0,1
C0136,2025-07,65.0,6,97122.94,Aplicacion,Recurrente,Ropa,Aplicacion,2,277000.0,1
C0136,2025-08,65.0,9,98619.81,Aplicacion,Recurrente,Electronica,Aplicacion,1,825000.0,1
C0136,2025-09,65.0,10,106213.14,Aplicacion,Recurrente,Hogar,Aplicacion,4,442000.0,1
C0136,2025-10,65.0,4,91849.04,Aplicacion,Recurrente,Deportes,Aplicacion,2,377000.0,1
C0136,2025-11,65.0,13,156895.71,Ambos,Recurrente,Ropa,Web,2,569000.0,1
C0136,2025-12,65.0,8,102999.52,Web,Recurrente,Ropa,Web,4,502000.0,1
C0137,2025-01,18.0,5,97873.06,Web,Nuevo,Sin compra,Sin compra,0,0.0,0
C0137,2025-02,18.0,8,94558.27,Web,Nuevo,Sin compra,Sin compra,0,0.0,0
C0137,2025-03,18.0,14,137615.29,Web,Recurrente,Deportes,Web,1,492000.0,1
C0137,2025-04,18.0,11,121041.54,Web,Recurrente,Electronica,Web,1,946000.0,1
C0137,2025-05,18.0,19,180656.08,Ambos,Recurrente,Deportes,Aplicacion,1,584000.0,1
C0137,2025-06,18.0,14,166228.64,Ambos,Recurrente,Hogar,Aplicacion,1,753000.0,1
C0137,2025-07,18.0,10,109413.72,Aplicacion,Recurrente,Belleza,Aplicacion,1,351000.0,1
C0137,2025-08,18.0,14,108134.6,Aplicacion,Recurrente,Electronica,Aplicacion,1,828000.0,1
C0137,2025-09,18.0,8,106545.11,Aplicacion,Recurrente,Sin compra,Sin compra,0,0.0,0
C0137,2025-10,18.0,12,69934.97,Ambos,Recurrente,Hogar,Web,1,231000.0,1
C0137,2025-11,18.0,19,119298.67,Ambos,Recurrente,Electronica,Aplicacion,3,968000.0,1
C0137,2025-12,18.0,11,106911.46,Ambos,Recurrente,Hogar,Web,4,476000.0,1
C0138,2025-01,33.0,9,125990.18,Aplicacion,Recurrente,Hogar,Aplicacion,1,268000.0,1
C0138,2025-02,33.0,15,,Ambos,Recurrente,Hogar,Aplicacion,2,334000.0,1
C0138,2025-03,33.0,6,142539.54,Web,Recurrente,Ropa,Web,1,363000.0,1
C0138,2025-04,33.0,9,87844.53,Web,Recurrente,Sin compra,Sin compra,0,0.0,0
C0138,2025-05,33.0,17,153393.45,Web,Recurrente,Sin compra,Sin compra,0,0.0,0
C0138,2025-06,33.0,8,79837.37,Aplicacion,Recurrente,Sin compra,Sin compra,0,0.0,0
C0138,2025-07,33.0,10,112545.67,Web,Recurrente,Ropa,Web,1,318000.0,1
C0138,2025-08,33.0,6,71181.18,Web,Recurrente,Belleza,Web,1,238000.0,1
C0138,2025-09,33.0,8,157346.01,Web,Recurrente,Sin compra,Sin compra,0,0.0,0
C0138,2025-10,33.0,7,85069.86,Ambos,Recurrente,Ropa,Aplicacion,4,269000.0,1
C0138,2025-11,33.0,7,90919.66,Web,Recurrente,Electronica,Web,1,726000.0,1
C0138,2025-12,33.0,8,111657.68,Web,Recurrente,Sin compra,Sin compra,0,0.0,0
C0139,2025-01,24.0,10,146780.62,Web,Recurrente,Belleza,Web,1,466000.0,1
C0139,2025-02,24.0,5,98147.75,Web,Recurrente,Belleza,Web,1,391000.0,1
C0139,2025-03,24.0,9,72376.83,Aplicacion,Recurrente,Hogar,Aplicacion,1,279000.0,1
C0139,2025-04,24.0,5,104177.71,Aplicacion,Recurrente,Sin compra,Sin compra,0,0.0,0
C0139,2025-05,24.0,3,105544.6,Web,Recurrente,Electronica,Web,1,812000.0,1
C0139,2025-06,24.0,3,113521.96,Web,Recurrente,Sin compra,Sin compra,0,0.0,0
C0139,2025-07,24.0,5,112459.03,Web,Recurrente,Sin compra,Sin compra,0,0.0,0
C0139,2025-08,24.0,3,87680.07,Web,Recurrente,Sin compra,Sin compra,0,0.0,0
C0139,2025-09,24.0,5,100775.23,Web,Recurrente,Deportes,Web,1,326000.0,1
C0139,2025-10,24.0,5,127627.28,Web,Recurrente,Sin compra,Sin compra,0,0.0,0
C0139,2025-11,24.0,16,,Ambos,Recurrente,Belleza,Aplicacion,1,374000.0,1
C0139,2025-12,24.0,10,105350.16,Web,Recurrente,Deportes,Web,1,351000.0,1
C0140,2025-01,70.0,13,67156.91,Aplicacion,Nuevo,Sin compra,Sin compra,0,0.0,0
C0140,2025-02,70.0,12,78099.23,Aplicacion,Nuevo,Sin compra,Sin compra,0,0.0,0
C0140,2025-03,70.0,8,86712.22,Ambos,Nuevo,Sin compra,Sin compra,0,0.0,0
C0140,2025-04,70.0,3,63712.85,Web,Nuevo,Sin compra,Sin compra,0,0.0,0
C0140,2025-05,70.0,15,135391.95,Ambos,Nuevo,Sin compra,Sin compra,0,0.0,0
C0140,2025-06,70.0,2,81954.85,Web,Nuevo,Sin compra,Sin compra,0,0.0,0
C0140,2025-07,70.0,5,71151.91,Web,Nuevo,Sin compra,Sin compra,0,0.0,0
C0140,2025-08,70.0,7,81659.55,Web,Recurrente,Hogar,Web,2,248000.0,1
C0140,2025-09,70.0,5,96530.96,Web,Recurrente,Ropa,Web,1,338000.0,1
C0140,2025-10,70.0,6,104902.28,Web,Recurrente,Sin compra,Sin compra,0,0.0,0
C0140,2025-11,70.0,6,62977.78,Aplicacion,Recurrente,Ropa,Aplicacion,2,283000.0,1
C0140,2025-12,70.0,11,72692.17,Web,Recurrente,Electronica,Web,2,530000.0,1
C0141,2025-01,28.0,14,,Aplicacion,Nuevo,Sin compra,Sin compra,0,0.0,0
C0141,2025-02,28.0,4,123672.56,Web,Recurrente,Electronica,Web,2,875000.0,1
C0141,2025-03,28.0,5,63765.84,Aplicacion,Recurrente,Belleza,Aplicacion,4,213000.0,1
C0141,2025-04,28.0,10,69657.7,Aplicacion,Recurrente,Hogar,Aplicacion,1,191000.0,1
C0141,2025-05,28.0,7,83740.56,Aplicacion,Recurrente,Ropa,Aplicacion,2,422000.0,1
C0141,2025-06,28.0,7,87830.58,Web,Recurrente,Hogar,Web,1,440000.0,1
C0141,2025-07,28.0,9,115911.85,Aplicacion,Recurrente,Hogar,Aplicacion,1,531000.0,1
C0141,2025-08,28.0,5,128720.11,Web,Recurrente,Hogar,Web,1,535000.0,1
C0141,2025-09,28.0,8,64188.47,Aplicacion,Recurrente,Deportes,Aplicacion,2,214000.0,1
C0141,2025-10,28.0,4,59166.44,Web,Recurrente,Hogar,Web,4,143000.0,1
C0141,2025-11,28.0,12,113240.99,Web,Recurrente,Electronica,Web,1,884000.0,1
C0141,2025-12,28.0,6,112230.96,Aplicacion,Recurrente,Belleza,Aplicacion,1,345000.0,1
C0142,2025-01,22.0,7,84206.59,Web,Nuevo,Sin compra,Sin compra,0,0.0,0
C0142,2025-02,22.0,13,74800.9,Ambos,Nuevo,Sin compra,Sin compra,0,0.0,0
C0142,2025-03,22.0,7,109361.42,Aplicacion,Recurrente,Deportes,Aplicacion,1,354000.0,1
C0142,2025-04,22.0,6,98101.7,Web,Recurrente,Sin compra,Sin compra,0,0.0,0
C0142,2025-05,22.0,11,113732.17,Ambos,Recurrente,Belleza,Web,1,333000.0,1
C0142,2025-06,22.0,10,99146.82,Aplicacion,Recurrente,Hogar,Aplicacion,3,458000.0,1
C0142,2025-07,22.0,8,122177.4,Aplicacion,Recurrente,Electronica,Aplicacion,2,1061000.0,1
C0142,2025-08,22.0,5,62684.84,Web,Recurrente,Electronica,Web,1,516000.0,1
C0142,2025-09,22.0,16,116865.34,Ambos,Recurrente,Hogar,Aplicacion,3,413000.0,1
C0142,2025-10,22.0,12,143048.65,Aplicacion,Recurrente,Ropa,Aplicacion,3,728000.0,1
C0142,2025-11,22.0,11,78889.99,Web,Recurrente,Ropa,Web,1,343000.0,1
C0142,2025-12,22.0,14,154161.87,Ambos,Recurrente,Electronica,Aplicacion,1,1188000.0,1
C0143,2025-01,60.0,9,,Ambos,Nuevo,Sin compra,Sin compra,0,0.0,0
C0143,2025-02,60.0,6,128452.77,Web,Nuevo,Sin compra,Sin compra,0,0.0,0
C0143,2025-03,60.0,2,76485.32,Aplicacion,Nuevo,Sin compra,Sin compra,0,0.0,0
C0143,2025-04,60.0,9,148624.97,Web,Nuevo,Sin compra,Sin compra,0,0.0,0
C0143,2025-05,60.0,13,126807.33,Aplicacion,Nuevo,Sin compra,Sin compra,0,0.0,0
C0143,2025-06,60.0,10,75046.7,Web,Nuevo,Sin compra,Sin compra,0,0.0,0
C0143,2025-07,60.0,10,123162.38,Aplicacion,Nuevo,Sin compra,Sin compra,0,0.0,0
C0143,2025-08,60.0,10,154335.17,Web,Recurrente,Electronica,Web,4,870000.0,1
C0143,2025-09,60.0,7,114151.85,Web,Recurrente,Belleza,Web,2,257000.0,1
C0143,2025-10,60.0,4,66215.33,Web,Recurrente,Hogar,Web,1,146000.0,1
C0143,2025-11,60.0,12,106928.67,Aplicacion,Recurrente,Belleza,Aplicacion,1,333000.0,1
C0143,2025-12,60.0,5,,Aplicacion,Recurrente,Hogar,Aplicacion,1,394000.0,1
C0144,2025-01,63.0,12,134538.8,Aplicacion,Recurrente,Deportes,Aplicacion,1,450000.0,1
C0144,2025-02,63.0,8,126629.86,Web,Recurrente,Ropa,Web,1,404000.0,1
C0144,2025-03,63.0,8,66517.38,Web,Recurrente,Hogar,Web,2,286000.0,1
C0144,2025-04,63.0,12,121628.16,Web,Recurrente,Sin compra,Sin compra,0,0.0,0
C0144,2025-05,63.0,11,123849.12,Ambos,Recurrente,Hogar,Web,1,534000.0,1
C0144,2025-06,63.0,4,67985.9,Web,Recurrente,Sin compra,Sin compra,0,0.0,0
C0144,2025-07,63.0,14,147866.93,Web,Recurrente,Ropa,Web,2,342000.0,1
C0144,2025-08,63.0,8,90607.79,Web,Recurrente,Sin compra,Sin compra,0,0.0,0
C0144,2025-09,63.0,8,73044.87,Web,Recurrente,Hogar,Web,4,228000.0,1
C0144,2025-10,63.0,11,141403.56,Aplicacion,Recurrente,Belleza,Aplicacion,1,515000.0,1
C0144,2025-11,63.0,10,121036.8,Web,Recurrente,Electronica,Web,1,975000.0,1
C0144,2025-12,63.0,7,96116.41,Web,Recurrente,Ropa,Web,2,354000.0,1
C0145,2025-01,33.0,17,194568.79,Ambos,Recurrente,Electronica,Web,1,1181000.0,1
C0145,2025-02,33.0,6,47301.66,Aplicacion,Recurrente,Sin compra,Sin compra,0,0.0,0
C0145,2025-03,33.0,5,111869.7,Aplicacion,Recurrente,Sin compra,Sin compra,0,0.0,0
C0145,2025-04,33.0,12,103699.46,Ambos,Recurrente,Sin compra,Sin compra,0,0.0,0
C0145,2025-05,33.0,8,43675.25,Aplicacion,Recurrente,Sin compra,Sin compra,0,0.0,0
C0145,2025-06,33.0,10,62520.64,Aplicacion,Recurrente,Ropa,Aplicacion,4,329000.0,1
C0145,2025-07,33.0,7,98849.6,Aplicacion,Recurrente,Sin compra,Sin compra,0,0.0,0
C0145,2025-08,33.0,5,52078.23,Web,Recurrente,Sin compra,Sin compra,0,0.0,0
C0145,2025-09,33.0,13,122176.1,Web,Recurrente,Sin compra,Sin compra,0,0.0,0
C0145,2025-10,33.0,9,110365.77,Web,Recurrente,Sin compra,Sin compra,0,0.0,0
C0145,2025-11,33.0,16,137528.6,Ambos,Recurrente,Belleza,Aplicacion,1,454000.0,1
C0145,2025-12,33.0,22,157282.3,Ambos,Recurrente,Electronica,Web,2,1206000.0,1
C0146,2025-01,30.0,13,116052.02,Aplicacion,Nuevo,Sin compra,Sin compra,0,0.0,0
C0146,2025-02,30.0,11,84603.6,Web,Nuevo,Sin compra,Sin compra,0,0.0,0
C0146,2025-03,30.0,8,101992.13,Web,Nuevo,Sin compra,Sin compra,0,0.0,0
C0146,2025-04,30.0,5,84870.1,Web,Recurrente,Belleza,Web,1,225000.0,1
C0146,2025-05,30.0,13,93266.98,Ambos,Recurrente,Belleza,Aplicacion,1,333000.0,1
C0146,2025-06,30.0,14,180898.13,Ambos,Recurrente,Electronica,Web,1,1374000.0,1
C0146,2025-07,30.0,12,144745.89,Aplicacion,Recurrente,Sin compra,Sin compra,0,0.0,0
C0146,2025-08,30.0,8,61220.1,Web,Recurrente,Sin compra,Sin compra,0,0.0,0
C0146,2025-09,30.0,7,112962.4,Web,Recurrente,Sin compra,Sin compra,0,0.0,0
C0146,2025-10,30.0,6,92616.3,Aplicacion,Recurrente,Sin compra,Sin compra,0,0.0,0
C0146,2025-11,30.0,11,152022.09,Ambos,Recurrente,Hogar,Aplicacion,3,524000.0,1
C0146,2025-12,30.0,7,105621.95,Web,Recurrente,Sin compra,Sin compra,0,0.0,0
C0147,2025-01,44.0,5,109724.55,Web,Nuevo,Sin compra,Sin compra,0,0.0,0
C0147,2025-02,44.0,8,92984.39,Web,Nuevo,Sin compra,Sin compra,0,0.0,0
C0147,2025-03,44.0,18,135308.26,Ambos,Nuevo,Sin compra,Sin compra,0,0.0,0
C0147,2025-04,44.0,13,113074.61,Ambos,Recurrente,Hogar,Aplicacion,2,596000.0,1
C0147,2025-05,44.0,11,145400.79,Aplicacion,Recurrente,Electronica,Aplicacion,1,1373000.0,1
C0147,2025-06,44.0,12,183669.61,Ambos,Recurrente,Sin compra,Sin compra,0,0.0,0
C0147,2025-07,44.0,12,137463.03,Aplicacion,Recurrente,Hogar,Aplicacion,3,499000.0,1
C0147,2025-08,44.0,6,111136.37,Web,Recurrente,Sin compra,Sin compra,0,0.0,0
C0147,2025-09,44.0,12,115693.7,Aplicacion,Recurrente,Belleza,Aplicacion,1,333000.0,1
C0147,2025-10,,18,155940.42,Ambos,Recurrente,Hogar,Aplicacion,3,534000.0,1
C0147,2025-11,44.0,7,139426.42,Aplicacion,Recurrente,Electronica,Aplicacion,3,1082000.0,1
C0147,2025-12,,11,,Aplicacion,Recurrente,Hogar,Aplicacion,1,232000.0,1
C0148,2025-01,19.0,12,113830.77,Ambos,Recurrente,Electronica,Web,1,961000.0,1
C0148,2025-02,19.0,8,111475.41,Web,Recurrente,Sin compra,Sin compra,0,0.0,0
C0148,2025-03,19.0,7,87207.12,Aplicacion,Recurrente,Sin compra,Sin compra,0,0.0,0
C0148,2025-04,19.0,7,94575.4,Aplicacion,Recurrente,Belleza,Aplicacion,1,289000.0,1
C0148,2025-05,19.0,8,123556.76,Web,Recurrente,Sin compra,Sin compra,0,0.0,0
C0148,2025-06,19.0,12,83285.44,Aplicacion,Recurrente,Ropa,Aplicacion,1,472000.0,1
C0148,2025-07,19.0,10,126637.83,Aplicacion,Recurrente,Hogar,Aplicacion,1,502000.0,1
C0148,2025-08,19.0,19,145473.09,Ambos,Recurrente,Sin compra,Sin compra,0,0.0,0
C0148,2025-09,19.0,9,66872.17,Aplicacion,Recurrente,Ropa,Aplicacion,3,246000.0,1
C0148,2025-10,19.0,14,102215.59,Web,Recurrente,Hogar,Web,3,412000.0,1
C0148,2025-11,19.0,11,132041.96,Aplicacion,Recurrente,Electronica,Aplicacion,1,891000.0,1
C0148,2025-12,19.0,6,75110.49,Web,Recurrente,Sin compra,Sin compra,0,0.0,0
C0149,2025-01,41.0,10,151825.9,Web,Nuevo,Sin compra,Sin compra,0,0.0,0
C0149,2025-02,41.0,11,76861.28,Web,Nuevo,Sin compra,Sin compra,0,0.0,0
C0149,2025-03,41.0,17,152465.04,Ambos,Nuevo,Sin compra,Sin compra,0,0.0,0
C0149,2025-04,41.0,5,77145.47,Web,Nuevo,Sin compra,Sin compra,0,0.0,0
C0149,2025-05,41.0,3,54962.05,Web,Nuevo,Sin compra,Sin compra,0,0.0,0
C0149,2025-06,41.0,5,124570.54,Web,Nuevo,Sin compra,Sin compra,0,0.0,0
C0149,2025-07,41.0,10,115695.44,Aplicacion,Recurrente,Deportes,Aplicacion,1,356000.0,1
C0149,2025-08,41.0,8,108028.94,Web,Recurrente,Sin compra,Sin compra,0,0.0,0
C0149,2025-09,41.0,11,152571.25,Aplicacion,Recurrente,Hogar,Aplicacion,2,536000.0,1
C0149,2025-10,41.0,3,55106.16,Web,Recurrente,Sin compra,Sin compra,0,0.0,0
C0149,2025-11,41.0,9,99853.72,Aplicacion,Recurrente,Sin compra,Sin compra,0,0.0,0
C0149,2025-12,41.0,7,63703.38,Web,Recurrente,Belleza,Web,1,151000.0,1
C0150,2025-01,21.0,7,103827.39,Web,Nuevo,Sin compra,Sin compra,0,0.0,0
C0150,2025-02,21.0,12,141702.81,Web,Nuevo,Sin compra,Sin compra,0,0.0,0
C0150,2025-03,21.0,7,160773.18,Aplicacion,Nuevo,Sin compra,Sin compra,0,0.0,0
C0150,2025-04,21.0,7,119029.67,Web,Recurrente,Electronica,Web,2,892000.0,1
C0150,2025-05,21.0,8,80856.77,Web,Recurrente,Electronica,Web,1,477000.0,1
C0150,2025-06,21.0,5,90962.78,Web,Recurrente,Sin compra,Sin compra,0,0.0,0
C0150,2025-07,21.0,3,,Web,Recurrente,Hogar,Web,3,318000.0,1
C0150,2025-08,21.0,13,170235.42,Aplicacion,Recurrente,Ropa,Aplicacion,3,473000.0,1
C0150,2025-09,21.0,8,154177.51,Web,Recurrente,Sin compra,Sin compra,0,0.0,0
C0150,2025-10,21.0,13,150434.95,Ambos,Recurrente,Electronica,Aplicacion,1,1314000.0,1
C0150,2025-11,21.0,5,52685.24,Aplicacion,Recurrente,Electronica,Aplicacion,2,631000.0,1
C0150,2025-12,21.0,11,147689.45,Aplicacion,Recurrente,Electronica,Aplicacion,1,1469000.0,1
C0151,2025-01,53.0,7,120581.46,Web,Recurrente,Hogar,Web,1,391000.0,1
C0151,2025-02,53.0,14,138471.53,Ambos,Recurrente,Electronica,Aplicacion,3,1033000.0,1
C0151,2025-03,53.0,9,182291.82,Aplicacion,Recurrente,Sin compra,Sin compra,0,0.0,0
C0151,2025-04,53.0,9,41273.91,Web,Recurrente,Belleza,Web,1,178000.0,1
C0151,2025-05,53.0,5,124883.2,Aplicacion,Recurrente,Ropa,Aplicacion,2,405000.0,1
C0151,2025-06,53.0,10,103396.31,Web,Recurrente,Belleza,Web,1,422000.0,1
C0151,2025-07,53.0,8,91961.62,Web,Recurrente,Deportes,Web,2,382000.0,1
C0151,2025-08,53.0,10,88515.05,Web,Recurrente,Belleza,Web,1,300000.0,1
C0151,2025-09,53.0,10,100022.98,Web,Recurrente,Belleza,Web,2,483000.0,1
C0151,2025-10,53.0,7,149969.08,Web,Recurrente,Ropa,Web,2,560000.0,1
C0151,2025-11,53.0,13,113085.55,Ambos,Recurrente,Deportes,Aplicacion,1,600000.0,1
C0151,2025-12,53.0,6,,Web,Recurrente,Hogar,Web,3,378000.0,1
C0152,2025-01,32.0,8,48657.46,Web,Nuevo,Sin compra,Sin compra,0,0.0,0
C0152,2025-02,32.0,9,137130.15,Aplicacion,Nuevo,Sin compra,Sin compra,0,0.0,0
C0152,2025-03,32.0,9,194101.83,Aplicacion,Nuevo,Sin compra,Sin compra,0,0.0,0
C0152,2025-04,32.0,15,153268.1,Ambos,Recurrente,Ropa,Aplicacion,1,574000.0,1
C0152,2025-05,32.0,12,169546.17,Ambos,Recurrente,Deportes,Aplicacion,2,610000.0,1
C0152,2025-06,32.0,9,143519.01,Aplicacion,Recurrente,Sin compra,Sin compra,0,0.0,0
C0152,2025-07,32.0,7,73191.03,Aplicacion,Recurrente,Sin compra,Sin compra,0,0.0,0
C0152,2025-08,32.0,6,109008.62,Web,Recurrente,Sin compra,Sin compra,0,0.0,0
C0152,2025-09,32.0,8,90186.81,Web,Recurrente,Sin compra,Sin compra,0,0.0,0
C0152,2025-10,32.0,10,79858.01,Aplicacion,Recurrente,Sin compra,Sin compra,0,0.0,0
C0152,2025-11,32.0,21,,Ambos,Recurrente,Hogar,Aplicacion,1,470000.0,1
C0152,2025-12,32.0,4,79456.33,Web,Recurrente,Sin compra,Sin compra,0,0.0,0
C0153,2025-01,48.0,13,84213.62,Aplicacion,Recurrente,Ropa,Aplicacion,2,259000.0,1
C0153,2025-02,48.0,10,158806.39,Aplicacion,Recurrente,Belleza,Aplicacion,2,504000.0,1
C0153,2025-03,48.0,8,84218.8,Web,Recurrente,Deportes,Web,1,235000.0,1
C0153,2025-04,48.0,16,130029.55,Ambos,Recurrente,Deportes,Aplicacion,1,517000.0,1
C0153,2025-05,48.0,13,131354.31,Ambos,Recurrente,Ropa,Web,1,628000.0,1
C0153,2025-06,48.0,14,62838.66,Aplicacion,Recurrente,Electronica,Aplicacion,1,774000.0,1
C0153,2025-07,48.0,6,113130.75,Web,Recurrente,Belleza,Web,3,369000.0,1
C0153,2025-08,48.0,14,80005.74,Ambos,Recurrente,Sin compra,Sin compra,0,0.0,0
C0153,2025-09,48.0,6,113579.6,Web,Recurrente,Sin compra,Sin compra,0,0.0,0
C0153,2025-10,48.0,8,132892.89,Aplicacion,Recurrente,Ropa,Aplicacion,2,405000.0,1
C0153,2025-11,48.0,6,,Aplicacion,Recurrente,Hogar,Aplicacion,1,446000.0,1
C0153,2025-12,48.0,10,80167.06,Aplicacion,Recurrente,Ropa,Aplicacion,3,241000.0,1
C0154,2025-01,52.0,8,85384.55,Web,Nuevo,Sin compra,Sin compra,0,0.0,0
C0154,2025-02,52.0,7,74182.1,Web,Nuevo,Sin compra,Sin compra,0,0.0,0
C0154,2025-03,52.0,12,116619.7,Ambos,Nuevo,Sin compra,Sin compra,0,0.0,0
C0154,2025-04,52.0,5,76999.99,Web,Nuevo,Sin compra,Sin compra,0,0.0,0
C0154,2025-05,52.0,8,112398.53,Aplicacion,Nuevo,Sin compra,Sin compra,0,0.0,0
C0154,2025-06,52.0,18,135747.86,Ambos,Nuevo,Sin compra,Sin compra,0,0.0,0
C0154,2025-07,52.0,10,131750.02,Web,Recurrente,Ropa,Web,3,342000.0,1
C0154,2025-08,52.0,14,104874.86,Ambos,Recurrente,Deportes,Aplicacion,1,308000.0,1
C0154,2025-09,52.0,7,100556.3,Web,Recurrente,Electronica,Web,1,845000.0,1
C0154,2025-10,52.0,9,109566.05,Ambos,Recurrente,Belleza,Aplicacion,1,270000.0,1
C0154,2025-11,52.0,7,112891.65,Aplicacion,Recurrente,Electronica,Aplicacion,1,965000.0,1
C0154,2025-12,52.0,7,69007.41,Web,Recurrente,Belleza,Web,2,293000.0,1
C0155,2025-01,66.0,7,110649.42,Aplicacion,Recurrente,Ropa,Aplicacion,1,417000.0,1
C0155,2025-02,66.0,10,77319.48,Web,Recurrente,Hogar,Web,1,312000.0,1
C0155,2025-03,66.0,7,196250.06,Aplicacion,Recurrente,Sin compra,Sin compra,0,0.0,0
C0155,2025-04,66.0,10,107629.23,Aplicacion,Recurrente,Sin compra,Sin compra,0,0.0,0
C0155,2025-05,66.0,5,109186.77,Aplicacion,Recurrente,Sin compra,Sin compra,0,0.0,0
C0155,2025-06,66.0,6,52646.55,Aplicacion,Recurrente,Sin compra,Sin compra,0,0.0,0
C0155,2025-07,66.0,12,117637.81,Aplicacion,Recurrente,Sin compra,Sin compra,0,0.0,0
C0155,2025-08,66.0,16,130550.73,Ambos,Recurrente,Deportes,Aplicacion,1,522000.0,1
C0155,2025-09,66.0,9,59427.1,Aplicacion,Recurrente,Deportes,Aplicacion,1,196000.0,1
C0155,2025-10,66.0,4,89495.69,Web,Recurrente,Sin compra,Sin compra,0,0.0,0
C0155,2025-11,66.0,13,35867.5,Aplicacion,Recurrente,Hogar,Aplicacion,1,218000.0,1
C0155,2025-12,66.0,10,101944.54,Aplicacion,Recurrente,Sin compra,Sin compra,0,0.0,0
C0156,2025-01,34.0,9,86991.16,Aplicacion,Nuevo,Sin compra,Sin compra,0,0.0,0
C0156,2025-02,34.0,22,152670.87,Ambos,Recurrente,Deportes,Aplicacion,1,794000.0,1
C0156,2025-03,34.0,8,98328.84,Aplicacion,Recurrente,Electronica,Aplicacion,2,1038000.0,1
C0156,2025-04,34.0,5,89472.89,Aplicacion,Recurrente,Sin compra,Sin compra,0,0.0,0
C0156,2025-05,34.0,9,125111.0,Aplicacion,Recurrente,Hogar,Aplicacion,1,332000.0,1
C0156,2025-06,34.0,8,134993.6,Web,Recurrente,Belleza,Web,2,405000.0,1
C0156,2025-07,34.0,14,131401.18,Ambos,Recurrente,Hogar,Aplicacion,3,464000.0,1
C0156,2025-08,34.0,6,145198.99,Web,Recurrente,Electronica,Web,1,1253000.0,1
C0156,2025-09,34.0,4,66266.48,Web,Recurrente,Electronica,Web,3,568000.0,1
C0156,2025-10,34.0,12,146778.38,Ambos,Recurrente,Hogar,Aplicacion,1,522000.0,1
C0156,2025-11,34.0,6,74628.54,Web,Recurrente,Deportes,Web,1,244000.0,1
C0156,2025-12,34.0,10,118221.36,Aplicacion,Recurrente,Belleza,Aplicacion,2,387000.0,1
C0157,2025-01,29.0,8,52377.76,Web,Nuevo,Sin compra,Sin compra,0,0.0,0
C0157,2025-02,29.0,7,103308.87,Web,Nuevo,Sin compra,Sin compra,0,0.0,0
C0157,2025-03,29.0,14,134534.69,Ambos,Nuevo,Sin compra,Sin compra,0,0.0,0
C0157,2025-04,29.0,13,115462.56,Aplicacion,Nuevo,Sin compra,Sin compra,0,0.0,0
C0157,2025-05,29.0,9,94253.3,Web,Recurrente,Electronica,Web,3,739000.0,1
C0157,2025-06,29.0,4,86445.1,Web,Recurrente,Sin compra,Sin compra,0,0.0,0
C0157,2025-07,29.0,5,85501.44,Web,Recurrente,Sin compra,Sin compra,0,0.0,0
C0157,2025-08,29.0,5,62123.61,Web,Recurrente,Sin compra,Sin compra,0,0.0,0
C0157,2025-09,29.0,9,142469.96,Aplicacion,Recurrente,Sin compra,Sin compra,0,0.0,0
C0157,2025-10,29.0,7,73247.22,Web,Recurrente,Deportes,Web,1,281000.0,1
C0157,2025-11,29.0,10,151447.46,Aplicacion,Recurrente,Electronica,Aplicacion,2,1090000.0,1
C0157,2025-12,29.0,11,125641.31,Aplicacion,Recurrente,Sin compra,Sin compra,0,0.0,0
C0158,2025-01,59.0,5,150313.54,Web,Nuevo,Sin compra,Sin compra,0,0.0,0
C0158,2025-02,59.0,17,205347.93,Ambos,Nuevo,Sin compra,Sin compra,0,0.0,0
C0158,2025-03,59.0,9,125105.08,Web,Recurrente,Hogar,Web,1,355000.0,1
C0158,2025-04,59.0,12,112520.51,Ambos,Recurrente,Sin compra,Sin compra,0,0.0,0
C0158,2025-05,59.0,12,136713.44,Ambos,Recurrente,Ropa,Web,1,493000.0,1
C0158,2025-06,59.0,14,,Ambos,Recurrente,Electronica,Web,1,961000.0,1
C0158,2025-07,59.0,8,123914.84,Web,Recurrente,Sin compra,Sin compra,0,0.0,0
C0158,2025-08,59.0,7,68534.98,Web,Recurrente,Sin compra,Sin compra,0,0.0,0
C0158,2025-09,59.0,7,50609.46,Web,Recurrente,Belleza,Web,1,201000.0,1
C0158,2025-10,59.0,11,139125.71,Aplicacion,Recurrente,Electronica,Aplicacion,1,1112000.0,1
C0158,2025-11,59.0,13,86994.69,Web,Recurrente,Belleza,Web,1,393000.0,1
C0158,2025-12,59.0,6,,Web,Recurrente,Hogar,Web,1,474000.0,1
C0159,2025-01,32.0,7,104276.85,Web,Nuevo,Sin compra,Sin compra,0,0.0,0
C0159,2025-02,32.0,8,114078.58,Web,Nuevo,Sin compra,Sin compra,0,0.0,0
C0159,2025-03,32.0,5,72257.31,Web,Nuevo,Sin compra,Sin compra,0,0.0,0
C0159,2025-04,32.0,11,41545.96,Ambos,Nuevo,Sin compra,Sin compra,0,0.0,0
C0159,2025-05,32.0,7,122047.08,Web,Nuevo,Sin compra,Sin compra,0,0.0,0
C0159,2025-06,32.0,16,127388.85,Aplicacion,Nuevo,Sin compra,Sin compra,0,0.0,0
C0159,2025-07,32.0,10,106109.5,Web,Nuevo,Sin compra,Sin compra,0,0.0,0
C0159,2025-08,32.0,6,84974.37,Web,Recurrente,Electronica,Web,2,934000.0,1
C0159,2025-09,32.0,19,173975.99,Ambos,Recurrente,Deportes,Web,1,705000.0,1
C0159,2025-10,32.0,16,167027.46,Ambos,Recurrente,Hogar,Aplicacion,2,722000.0,1
C0159,2025-11,32.0,13,142194.45,Aplicacion,Recurrente,Ropa,Aplicacion,2,478000.0,1
C0159,2025-12,32.0,8,103135.9,Web,Recurrente,Electronica,Web,1,655000.0,1
C0160,2025-01,39.0,6,99758.13,Aplicacion,Nuevo,Sin compra,Sin compra,0,0.0,0
C0160,2025-02,39.0,9,73838.38,Web,Recurrente,Hogar,Web,1,240000.0,1
C0160,2025-03,39.0,9,116365.39,Web,Recurrente,Electronica,Web,3,994000.0,1
C0160,2025-04,39.0,12,125880.04,Aplicacion,Recurrente,Sin compra,Sin compra,0,0.0,0
C0160,2025-05,39.0,7,136604.54,Web,Recurrente,Sin compra,Sin compra,0,0.0,0
C0160,2025-06,39.0,15,143259.27,Aplicacion,Recurrente,Sin compra,Sin compra,0,0.0,0
C0160,2025-07,39.0,7,79349.83,Aplicacion,Recurrente,Sin compra,Sin compra,0,0.0,0
C0160,2025-08,39.0,16,103789.04,Aplicacion,Recurrente,Ropa,Aplicacion,2,394000.0,1
C0160,2025-09,39.0,11,125113.09,Aplicacion,Recurrente,Belleza,Aplicacion,3,442000.0,1
C0160,2025-10,39.0,10,84044.11,Web,Recurrente,Sin compra,Sin compra,0,0.0,0
C0160,2025-11,39.0,4,98660.52,Web,Recurrente,Belleza,Web,1,191000.0,1
C0160,2025-12,39.0,15,95899.49,Ambos,Recurrente,Hogar,Aplicacion,1,378000.0,1
C0161,2025-01,70.0,11,92987.02,Aplicacion,Nuevo,Sin compra,Sin compra,0,0.0,0
C0161,2025-02,70.0,7,64877.27,Web,Nuevo,Sin compra,Sin compra,0,0.0,0
C0161,2025-03,,9,120863.54,Aplicacion,Nuevo,Sin compra,Sin compra,0,0.0,0
C0161,2025-04,70.0,12,95834.61,Web,Recurrente,Ropa,Web,3,352000.0,1
C0161,2025-05,70.0,6,65012.09,Aplicacion,Recurrente,Sin compra,Sin compra,0,0.0,0
C0161,2025-06,70.0,6,110535.9,Web,Recurrente,Ropa,Web,1,331000.0,1
C0161,2025-07,70.0,6,106255.06,Web,Recurrente,Ropa,Web,3,327000.0,1
C0161,2025-08,70.0,6,109417.49,Web,Recurrente,Ropa,Web,1,247000.0,1
C0161,2025-09,70.0,7,73006.0,Aplicacion,Recurrente,Deportes,Aplicacion,1,268000.0,1
C0161,2025-10,70.0,4,135471.45,Web,Recurrente,Hogar,Web,1,585000.0,1
C0161,2025-11,70.0,5,116573.0,Web,Recurrente,Sin compra,Sin compra,0,0.0,0
C0161,2025-12,70.0,8,86385.54,Aplicacion,Recurrente,Ropa,Aplicacion,1,239000.0,1
C0162,2025-01,42.0,12,,Web,Recurrente,Ropa,Web,3,409000.0,1
C0162,2025-02,,9,90458.85,Web,Recurrente,Ropa,Web,2,272000.0,1
C0162,2025-03,42.0,9,,Web,Recurrente,Sin compra,Sin compra,0,0.0,0
C0162,2025-04,42.0,6,99339.47,Aplicacion,Recurrente,Ropa,Aplicacion,1,336000.0,1
C0162,2025-05,42.0,8,142811.79,Aplicacion,Recurrente,Hogar,Aplicacion,3,657000.0,1
C0162,2025-06,42.0,10,128049.97,Ambos,Recurrente,Hogar,Web,1,466000.0,1
C0162,2025-07,42.0,13,119105.95,Aplicacion,Recurrente,Electronica,Aplicacion,2,1014000.0,1
C0162,2025-08,42.0,8,130403.94,Web,Recurrente,Ropa,Web,3,472000.0,1
C0162,2025-09,42.0,10,127429.64,Web,Recurrente,Hogar,Web,1,457000.0,1
C0162,2025-10,42.0,4,77380.18,Web,Recurrente,Ropa,Web,1,332000.0,1
C0162,2025-11,42.0,6,69870.9,Aplicacion,Recurrente,Hogar,Aplicacion,3,184000.0,1
C0162,2025-12,42.0,7,86759.06,Web,Recurrente,Deportes,Web,1,293000.0,1
C0163,2025-01,,13,182262.2,Ambos,Nuevo,Sin compra,Sin compra,0,0.0,0
C0163,2025-02,26.0,11,138463.98,Aplicacion,Recurrente,Electronica,Aplicacion,2,713000.0,1
C0163,2025-03,26.0,7,63864.42,Web,Recurrente,Sin compra,Sin compra,0,0.0,0
C0163,2025-04,26.0,7,67139.31,Web,Recurrente,Sin compra,Sin compra,0,0.0,0
C0163,2025-05,26.0,9,57855.44,Aplicacion,Recurrente,Belleza,Aplicacion,3,160000.0,1
C0163,2025-06,,11,93630.44,Aplicacion,Recurrente,Sin compra,Sin compra,0,0.0,0
C0163,2025-07,26.0,9,133599.07,Web,Recurrente,Deportes,Web,2,450000.0,1
C0163,2025-08,26.0,10,88681.86,Aplicacion,Recurrente,Electronica,Aplicacion,1,572000.0,1
C0163,2025-09,26.0,12,108585.25,Web,Recurrente,Sin compra,Sin compra,0,0.0,0
C0163,2025-10,26.0,7,87605.63,Aplicacion,Recurrente,Sin compra,Sin compra,0,0.0,0
C0163,2025-11,26.0,5,110115.47,Web,Recurrente,Hogar,Web,2,356000.0,1
C0163,2025-12,26.0,10,138484.96,Aplicacion,Recurrente,Hogar,Aplicacion,2,644000.0,1
C0164,2025-01,28.0,6,112837.64,Aplicacion,Nuevo,Sin compra,Sin compra,0,0.0,0
C0164,2025-02,28.0,6,126086.36,Web,Recurrente,Hogar,Web,3,488000.0,1
C0164,2025-03,28.0,11,137504.68,Aplicacion,Recurrente,Hogar,Aplicacion,1,1043000.0,1
C0164,2025-04,28.0,4,50142.03,Aplicacion,Recurrente,Sin compra,Sin compra,0,0.0,0
C0164,2025-05,28.0,12,76827.71,Ambos,Recurrente,Ropa,Web,1,286000.0,1
C0164,2025-06,28.0,9,159379.02,Aplicacion,Recurrente,Ropa,Aplicacion,1,504000.0,1
C0164,2025-07,28.0,10,52414.21,Aplicacion,Recurrente,Ropa,Aplicacion,1,134000.0,1
C0164,2025-08,28.0,14,172109.42,Ambos,Recurrente,Ropa,Web,1,550000.0,1
C0164,2025-09,28.0,7,85699.26,Web,Recurrente,Sin compra,Sin compra,0,0.0,0
C0164,2025-10,28.0,8,78167.45,Web,Recurrente,Electronica,Web,1,589000.0,1
C0164,2025-11,28.0,11,150634.53,Web,Recurrente,Hogar,Web,1,587000.0,1
C0164,2025-12,28.0,11,121991.04,Ambos,Recurrente,Hogar,Aplicacion,1,453000.0,1
C0165,2025-01,52.0,6,57601.96,Web,Nuevo,Sin compra,Sin compra,0,0.0,0
C0165,2025-02,52.0,17,162896.42,Aplicacion,Recurrente,Ropa,Aplicacion,2,476000.0,1
C0165,2025-03,52.0,10,93576.29,Web,Recurrente,Ropa,Web,1,222000.0,1
C0165,2025-04,52.0,5,85755.84,Web,Recurrente,Sin compra,Sin compra,0,0.0,0
C0165,2025-05,52.0,10,136665.77,Ambos,Recurrente,Belleza,Aplicacion,1,487000.0,1
C0165,2025-06,52.0,9,173388.34,Web,Recurrente,Hogar,Web,2,513000.0,1
C0165,2025-07,52.0,6,109640.27,Web,Recurrente,Sin compra,Sin compra,0,0.0,0
C0165,2025-08,52.0,5,44601.3,Web,Recurrente,Sin compra,Sin compra,0,0.0,0
C0165,2025-09,52.0,8,172372.03,Aplicacion,Recurrente,Belleza,Aplicacion,2,354000.0,1
C0165,2025-10,52.0,7,138705.96,Aplicacion,Recurrente,Deportes,Aplicacion,1,493000.0,1
C0165,2025-11,52.0,8,59097.61,Ambos,Recurrente,Sin compra,Sin compra,0,0.0,0
C0165,2025-12,52.0,10,91568.47,Web,Recurrente,Sin compra,Sin compra,0,0.0,0
C0166,2025-01,40.0,13,86424.58,Aplicacion,Recurrente,Electronica,Aplicacion,2,498000.0,1
C0166,2025-02,40.0,4,28978.98,Web,Recurrente,Sin compra,Sin compra,0,0.0,0
C0166,2025-03,40.0,6,100871.18,Aplicacion,Recurrente,Sin compra,Sin compra,0,0.0,0
C0166,2025-04,40.0,6,65867.14,Web,Recurrente,Sin compra,Sin compra,0,0.0,0
C0166,2025-05,40.0,11,92868.53,Aplicacion,Recurrente,Belleza,Aplicacion,1,275000.0,1
C0166,2025-06,40.0,12,127392.45,Aplicacion,Recurrente,Belleza,Aplicacion,2,265000.0,1
C0166,2025-07,40.0,10,180280.91,Aplicacion,Recurrente,Electronica,Aplicacion,3,1209000.0,1
C0166,2025-08,40.0,7,105085.57,Aplicacion,Recurrente,Hogar,Aplicacion,2,270000.0,1
C0166,2025-09,40.0,4,96471.43,Web,Recurrente,Sin compra,Sin compra,0,0.0,0
C0166,2025-10,40.0,17,150238.37,Ambos,Recurrente,Belleza,Web,3,852000.0,1
C0166,2025-11,40.0,6,124697.63,Aplicacion,Recurrente,Electronica,Aplicacion,3,1129000.0,1
C0166,2025-12,40.0,9,125273.63,Aplicacion,Recurrente,Deportes,Aplicacion,3,467000.0,1
C0167,2025-01,32.0,11,108721.64,Web,Recurrente,Hogar,Web,1,437000.0,1
C0167,2025-02,32.0,8,145777.52,Aplicacion,Recurrente,Sin compra,Sin compra,0,0.0,0
C0167,2025-03,32.0,7,116389.69,Web,Recurrente,Sin compra,Sin compra,0,0.0,0
C0167,2025-04,32.0,6,49575.2,Aplicacion,Recurrente,Deportes,Aplicacion,2,231000.0,1
C0167,2025-05,32.0,11,79882.25,Aplicacion,Recurrente,Hogar,Aplicacion,2,384000.0,1
C0167,2025-06,32.0,6,103934.37,Web,Recurrente,Electronica,Web,1,819000.0,1
C0167,2025-07,32.0,9,120969.53,Aplicacion,Recurrente,Sin compra,Sin compra,0,0.0,0
C0167,2025-08,32.0,8,117453.5,Web,Recurrente,Sin compra,Sin compra,0,0.0,0
C0167,2025-09,32.0,6,130339.16,Web,Recurrente,Ropa,Web,2,325000.0,1
C0167,2025-10,32.0,8,87916.13,Aplicacion,Recurrente,Sin compra,Sin compra,0,0.0,0
C0167,2025-11,32.0,10,135714.43,Ambos,Recurrente,Deportes,Web,2,473000.0,1
C0167,2025-12,32.0,12,106742.45,Aplicacion,Recurrente,Ropa,Aplicacion,1,269000.0,1
C0168,2025-01,34.0,15,159580.33,Ambos,Recurrente,Belleza,Web,2,457000.0,1
C0168,2025-02,34.0,4,65236.86,Ambos,Recurrente,Sin compra,Sin compra,0,0.0,0
C0168,2025-03,34.0,7,91258.73,Web,Recurrente,Deportes,Web,1,349000.0,1
C0168,2025-04,34.0,9,92168.99,Aplicacion,Recurrente,Sin compra,Sin compra,0,0.0,0
C0168,2025-05,34.0,13,130418.6,Ambos,Recurrente,Ropa,Web,3,348000.0,1
C0168,2025-06,34.0,17,93150.38,Ambos,Recurrente,Electronica,Web,2,892000.0,1
C0168,2025-07,34.0,8,66460.98,Aplicacion,Recurrente,Deportes,Aplicacion,3,234000.0,1
C0168,2025-08,34.0,15,126051.71,Ambos,Recurrente,Hogar,Web,1,767000.0,1
C0168,2025-09,34.0,4,,Aplicacion,Recurrente,Ropa,Aplicacion,1,306000.0,1
C0168,2025-10,34.0,6,75510.08,Web,Recurrente,Hogar,Web,1,318000.0,1
C0168,2025-11,34.0,14,155643.23,Ambos,Recurrente,Sin compra,Sin compra,0,0.0,0
C0168,2025-12,34.0,7,88404.44,Web,Recurrente,Ropa,Web,1,338000.0,1
C0169,2025-01,56.0,7,76886.09,Web,Recurrente,Belleza,Web,1,261000.0,1
C0169,2025-02,56.0,7,67973.44,Aplicacion,Recurrente,Sin compra,Sin compra,0,0.0,0
C0169,2025-03,56.0,3,69035.39,Web,Recurrente,Sin compra,Sin compra,0,0.0,0
C0169,2025-04,56.0,12,96294.28,Ambos,Recurrente,Sin compra,Sin compra,0,0.0,0
C0169,2025-05,56.0,13,123328.11,Aplicacion,Recurrente,Sin compra,Sin compra,0,0.0,0
C0169,2025-06,,3,47312.49,Web,Recurrente,Electronica,Web,1,430000.0,1
C0169,2025-07,56.0,3,94511.32,Aplicacion,Recurrente,Sin compra,Sin compra,0,0.0,0
C0169,2025-08,56.0,9,95627.99,Web,Recurrente,Sin compra,Sin compra,0,0.0,0
C0169,2025-09,56.0,8,130184.44,Web,Recurrente,Sin compra,Sin compra,0,0.0,0
C0169,2025-10,56.0,6,83125.81,Web,Recurrente,Sin compra,Sin compra,0,0.0,0
C0169,2025-11,56.0,11,131136.16,Aplicacion,Recurrente,Electronica,Aplicacion,1,939000.0,1
C0169,2025-12,56.0,12,139279.52,Ambos,Recurrente,Sin compra,Sin compra,0,0.0,0
C0170,2025-01,22.0,4,70582.12,Web,Recurrente,Deportes,Web,3,259000.0,1
C0170,2025-02,22.0,5,65816.16,Aplicacion,Recurrente,Sin compra,Sin compra,0,0.0,0
C0170,2025-03,22.0,8,126384.83,Ambos,Recurrente,Sin compra,Sin compra,0,0.0,0
C0170,2025-04,22.0,7,87765.23,Aplicacion,Recurrente,Sin compra,Sin compra,0,0.0,0
C0170,2025-05,22.0,11,134641.99,Web,Recurrente,Sin compra,Sin compra,0,0.0,0
C0170,2025-06,22.0,11,127705.07,Ambos,Recurrente,Sin compra,Sin compra,0,0.0,0
C0170,2025-07,22.0,11,160599.26,Aplicacion,Recurrente,Belleza,Aplicacion,1,496000.0,1
C0170,2025-08,22.0,19,133791.76,Ambos,Recurrente,Belleza,Web,2,525000.0,1
C0170,2025-09,22.0,7,70133.42,Aplicacion,Recurrente,Ropa,Aplicacion,3,325000.0,1
C0170,2025-10,22.0,13,157535.39,Web,Recurrente,Deportes,Web,2,533000.0,1
C0170,2025-11,22.0,8,52835.52,Web,Recurrente,Belleza,Web,1,265000.0,1
C0170,2025-12,22.0,8,90135.14,Aplicacion,Recurrente,Belleza,Aplicacion,3,293000.0,1
C0171,2025-01,67.0,13,158967.99,Aplicacion,Recurrente,Deportes,Aplicacion,1,448000.0,1
C0171,2025-02,67.0,3,31666.95,Web,Recurrente,Sin compra,Sin compra,0,0.0,0
C0171,2025-03,67.0,14,146163.48,Ambos,Recurrente,Ropa,Web,1,444000.0,1
C0171,2025-04,67.0,7,148288.82,Web,Recurrente,Sin compra,Sin compra,0,0.0,0
C0171,2025-05,67.0,11,118960.02,Web,Recurrente,Sin compra,Sin compra,0,0.0,0
C0171,2025-06,67.0,10,62887.67,Web,Recurrente,Ropa,Web,1,216000.0,1
C0171,2025-07,67.0,16,128692.36,Ambos,Recurrente,Electronica,Aplicacion,1,991000.0,1
C0171,2025-08,67.0,7,104372.65,Web,Recurrente,Sin compra,Sin compra,0,0.0,0
C0171,2025-09,67.0,5,103870.16,Web,Recurrente,Sin compra,Sin compra,0,0.0,0
C0171,2025-10,67.0,7,112488.76,Aplicacion,Recurrente,Sin compra,Sin compra,0,0.0,0
C0171,2025-11,67.0,11,100242.19,Aplicacion,Recurrente,Electronica,Aplicacion,3,824000.0,1
C0171,2025-12,67.0,11,121607.31,Aplicacion,Recurrente,Electronica,Aplicacion,2,988000.0,1
C0172,2025-01,49.0,9,75558.26,Web,Nuevo,Sin compra,Sin compra,0,0.0,0
C0172,2025-02,49.0,9,137513.27,Web,Recurrente,Hogar,Web,2,618000.0,1
C0172,2025-03,49.0,11,133311.71,Ambos,Recurrente,Sin compra,Sin compra,0,0.0,0
C0172,2025-04,49.0,12,134286.55,Aplicacion,Recurrente,Hogar,Aplicacion,1,573000.0,1
C0172,2025-05,49.0,11,131044.83,Aplicacion,Recurrente,Sin compra,Sin compra,0,0.0,0
C0172,2025-06,49.0,8,97221.25,Aplicacion,Recurrente,Sin compra,Sin compra,0,0.0,0
C0172,2025-07,49.0,12,83071.61,Aplicacion,Recurrente,Hogar,Aplicacion,1,315000.0,1
C0172,2025-08,49.0,6,104619.44,Web,Recurrente,Electronica,Web,2,884000.0,1
C0172,2025-09,49.0,9,,Aplicacion,Recurrente,Sin compra,Sin compra,0,0.0,0
C0172,2025-10,49.0,4,95604.92,Web,Recurrente,Sin compra,Sin compra,0,0.0,0
C0172,2025-11,49.0,6,11454.79,Web,Recurrente,Electronica,Web,1,215000.0,1
C0172,2025-12,49.0,12,,Ambos,Recurrente,Hogar,Web,1,478000.0,1
C0173,2025-01,36.0,8,85391.2,Aplicacion,Nuevo,Sin compra,Sin compra,0,0.0,0
C0173,2025-02,36.0,8,127237.63,Ambos,Nuevo,Sin compra,Sin compra,0,0.0,0
C0173,2025-03,36.0,6,74818.22,Web,Recurrente,Belleza,Web,1,319000.0,1
C0173,2025-04,36.0,9,74016.32,Web,Recurrente,Ropa,Web,1,267000.0,1
C0173,2025-05,36.0,6,70866.33,Web,Recurrente,Sin compra,Sin compra,0,0.0,0
C0173,2025-06,36.0,6,43003.71,Aplicacion,Recurrente,Sin compra,Sin compra,0,0.0,0
C0173,2025-07,,13,112621.3,Ambos,Recurrente,Ropa,Aplicacion,1,459000.0,1
C0173,2025-08,36.0,7,87443.31,Web,Recurrente,Sin compra,Sin compra,0,0.0,0
C0173,2025-09,36.0,14,209889.96,Aplicacion,Recurrente,Electronica,Aplicacion,1,2003000.0,1
C0173,2025-10,36.0,9,104906.83,Web,Recurrente,Electronica,Web,1,888000.0,1
C0173,2025-11,36.0,5,54694.55,Web,Recurrente,Sin compra,Sin compra,0,0.0,0
C0173,2025-12,36.0,8,112176.87,Aplicacion,Recurrente,Sin compra,Sin compra,0,0.0,0
C0174,2025-01,32.0,10,161884.3,Web,Recurrente,Electronica,Web,2,953000.0,1
C0174,2025-02,32.0,7,120048.93,Web,Recurrente,Electronica,Web,1,878000.0,1
C0174,2025-03,32.0,10,83466.53,Web,Recurrente,Deportes,Web,1,267000.0,1
C0174,2025-04,32.0,11,78852.3,Web,Recurrente,Electronica,Web,1,834000.0,1
C0174,2025-05,32.0,9,85840.77,Aplicacion,Recurrente,Sin compra,Sin compra,0,0.0,0
C0174,2025-06,32.0,13,120580.77,Ambos,Recurrente,Deportes,Web,3,455000.0,1
C0174,2025-07,32.0,10,94676.2,Web,Recurrente,Electronica,Web,4,822000.0,1
C0174,2025-08,32.0,10,106293.57,Web,Recurrente,Hogar,Web,1,574000.0,1
C0174,2025-09,32.0,6,28689.02,Web,Recurrente,Belleza,Web,2,154000.0,1
C0174,2025-10,32.0,6,140967.47,Aplicacion,Recurrente,Hogar,Aplicacion,2,499000.0,1
C0174,2025-11,32.0,13,120079.09,Ambos,Recurrente,Ropa,Aplicacion,1,288000.0,1
C0174,2025-12,32.0,2,114453.27,Web,Recurrente,Ropa,Web,1,316000.0,1
C0175,2025-01,39.0,4,104928.4,Web,Recurrente,Deportes,Web,2,306000.0,1
C0175,2025-02,39.0,8,126678.46,Aplicacion,Recurrente,Sin compra,Sin compra,0,0.0,0
C0175,2025-03,39.0,8,78425.68,Web,Recurrente,Electronica,Web,1,626000.0,1
C0175,2025-04,39.0,10,92969.08,Web,Recurrente,Deportes,Web,1,269000.0,1
C0175,2025-05,39.0,6,110008.18,Web,Recurrente,Sin compra,Sin compra,0,0.0,0
C0175,2025-06,39.0,9,124389.77,Web,Recurrente,Sin compra,Sin compra,0,0.0,0
C0175,2025-07,39.0,12,166537.43,Aplicacion,Recurrente,Deportes,Aplicacion,4,635000.0,1
C0175,2025-08,39.0,11,122952.49,Aplicacion,Recurrente,Hogar,Aplicacion,1,585000.0,1
C0175,2025-09,39.0,4,56195.43,Aplicacion,Recurrente,Sin compra,Sin compra,0,0.0,0
C0175,2025-10,39.0,7,89748.05,Web,Recurrente,Deportes,Web,2,300000.0,1
C0175,2025-11,39.0,8,155981.51,Aplicacion,Recurrente,Hogar,Aplicacion,1,402000.0,1
C0175,2025-12,39.0,7,92994.57,Web,Recurrente,Hogar,Web,1,356000.0,1
C0176,2025-01,48.0,4,115818.2,Aplicacion,Nuevo,Sin compra,Sin compra,0,0.0,0
C0176,2025-02,48.0,10,81831.89,Web,Recurrente,Ropa,Web,1,284000.0,1
C0176,2025-03,48.0,18,191467.13,Ambos,Recurrente,Deportes,Aplicacion,4,801000.0,1
C0176,2025-04,,13,130501.52,Ambos,Recurrente,Belleza,Web,4,412000.0,1
C0176,2025-05,48.0,7,58113.98,Web,Recurrente,Ropa,Web,2,192000.0,1
C0176,2025-06,48.0,1,80745.26,Web,Recurrente,Sin compra,Sin compra,0,0.0,0
C0176,2025-07,48.0,9,,Web,Recurrente,Belleza,Web,2,256000.0,1
C0176,2025-08,48.0,11,139757.31,Web,Recurrente,Deportes,Web,3,481000.0,1
C0176,2025-09,48.0,22,164781.14,Ambos,Recurrente,Electronica,Web,1,827000.0,1
C0176,2025-10,48.0,10,85331.11,Web,Recurrente,Deportes,Web,1,259000.0,1
C0176,2025-11,48.0,9,93920.55,Aplicacion,Recurrente,Electronica,Aplicacion,3,871000.0,1
C0176,2025-12,48.0,6,84535.93,Web,Recurrente,Ropa,Web,2,279000.0,1
C0177,2025-01,24.0,7,150500.83,Web,Nuevo,Sin compra,Sin compra,0,0.0,0
C0177,2025-02,24.0,7,137995.12,Aplicacion,Recurrente,Hogar,Aplicacion,2,476000.0,1
C0177,2025-03,24.0,9,,Web,Recurrente,Sin compra,Sin compra,0,0.0,0
C0177,2025-04,24.0,17,132936.27,Ambos,Recurrente,Sin compra,Sin compra,0,0.0,0
C0177,2025-05,24.0,9,164744.67,Aplicacion,Recurrente,Ropa,Aplicacion,4,490000.0,1
C0177,2025-06,24.0,8,132980.13,Aplicacion,Recurrente,Hogar,Aplicacion,2,356000.0,1
C0177,2025-07,24.0,10,131373.94,Aplicacion,Recurrente,Electronica,Aplicacion,2,920000.0,1
C0177,2025-08,24.0,12,110693.68,Web,Recurrente,Electronica,Web,1,972000.0,1
C0177,2025-09,24.0,9,101633.84,Aplicacion,Recurrente,Deportes,Aplicacion,1,404000.0,1
C0177,2025-10,,13,145083.25,Ambos,Recurrente,Hogar,Web,3,430000.0,1
C0177,2025-11,24.0,13,126618.49,Ambos,Recurrente,Sin compra,Sin compra,0,0.0,0
C0177,2025-12,24.0,4,113936.77,Web,Recurrente,Hogar,Web,1,401000.0,1
C0178,2025-01,19.0,5,62088.55,Web,Recurrente,Electronica,Web,1,624000.0,1
C0178,2025-02,19.0,12,119112.68,Aplicacion,Recurrente,Deportes,Aplicacion,2,449000.0,1
C0178,2025-03,19.0,6,113441.67,Web,Recurrente,Sin compra,Sin compra,0,0.0,0
C0178,2025-04,19.0,18,179969.71,Ambos,Recurrente,Belleza,Web,1,760000.0,1
C0178,2025-05,19.0,12,178592.31,Aplicacion,Recurrente,Sin compra,Sin compra,0,0.0,0
C0178,2025-06,19.0,6,83215.64,Web,Recurrente,Sin compra,Sin compra,0,0.0,0
C0178,2025-07,19.0,12,138820.37,Aplicacion,Recurrente,Electronica,Aplicacion,3,1063000.0,1
C0178,2025-08,19.0,5,79325.55,Web,Recurrente,Belleza,Web,1,184000.0,1
C0178,2025-09,19.0,13,107855.88,Aplicacion,Recurrente,Electronica,Aplicacion,1,878000.0,1
C0178,2025-10,19.0,1,43247.48,Web,Recurrente,Hogar,Web,2,179000.0,1
C0178,2025-11,19.0,5,101364.96,Web,Recurrente,Sin compra,Sin compra,0,0.0,0
C0178,2025-12,19.0,14,154818.0,Ambos,Recurrente,Belleza,Aplicacion,2,551000.0,1
C0179,2025-01,21.0,10,122135.42,Web,Recurrente,Hogar,Web,1,495000.0,1
C0179,2025-02,21.0,9,143999.61,Web,Recurrente,Sin compra,Sin compra,0,0.0,0
C0179,2025-03,21.0,8,94072.93,Aplicacion,Recurrente,Sin compra,Sin compra,0,0.0,0
C0179,2025-04,21.0,8,76231.95,Web,Recurrente,Sin compra,Sin compra,0,0.0,0
C0179,2025-05,21.0,8,127324.31,Aplicacion,Recurrente,Sin compra,Sin compra,0,0.0,0
C0179,2025-06,21.0,11,200011.76,Aplicacion,Recurrente,Ropa,Aplicacion,2,835000.0,1
C0179,2025-07,21.0,13,,Ambos,Recurrente,Sin compra,Sin compra,0,0.0,0
C0179,2025-08,21.0,9,122441.0,Web,Recurrente,Belleza,Web,1,429000.0,1
C0179,2025-09,21.0,6,84223.03,Web,Recurrente,Sin compra,Sin compra,0,0.0,0
C0179,2025-10,21.0,6,134172.73,Web,Recurrente,Sin compra,Sin compra,0,0.0,0
C0179,2025-11,21.0,6,94253.19,Aplicacion,Recurrente,Sin compra,Sin compra,0,0.0,0
C0179,2025-12,21.0,7,67228.6,Aplicacion,Recurrente,Sin compra,Sin compra,0,0.0,0
C0180,2025-01,41.0,10,98493.03,Aplicacion,Nuevo,Sin compra,Sin compra,0,0.0,0
C0180,2025-02,41.0,6,81760.35,Aplicacion,Recurrente,Hogar,Aplicacion,3,323000.0,1
C0180,2025-03,41.0,8,119161.75,Aplicacion,Recurrente,Hogar,Aplicacion,2,387000.0,1
C0180,2025-04,41.0,12,47794.92,Aplicacion,Recurrente,Sin compra,Sin compra,0,0.0,0
C0180,2025-05,41.0,3,54484.45,Aplicacion,Recurrente,Sin compra,Sin compra,0,0.0,0
C0180,2025-06,41.0,12,,Ambos,Recurrente,Hogar,Web,1,390000.0,1
C0180,2025-07,41.0,7,94739.79,Aplicacion,Recurrente,Sin compra,Sin compra,0,0.0,0
C0180,2025-08,41.0,6,81841.62,Aplicacion,Recurrente,Deportes,Aplicacion,1,384000.0,1
C0180,2025-09,41.0,12,110430.59,Ambos,Recurrente,Electronica,Web,1,1296000.0,1
C0180,2025-10,,9,115628.29,Aplicacion,Recurrente,Electronica,Aplicacion,1,955000.0,1
C0180,2025-11,41.0,5,107966.86,Web,Recurrente,Sin compra,Sin compra,0,0.0,0
C0180,2025-12,41.0,2,71451.48,Aplicacion,Recurrente,Ropa,Aplicacion,3,246000.0,1
C0181,2025-01,31.0,5,46460.5,Web,Recurrente,Ropa,Web,3,176000.0,1
C0181,2025-02,31.0,6,86047.77,Web,Recurrente,Sin compra,Sin compra,0,0.0,0
C0181,2025-03,31.0,11,98914.54,Aplicacion,Recurrente,Belleza,Aplicacion,2,346000.0,1
C0181,2025-04,31.0,10,,Aplicacion,Recurrente,Sin compra,Sin compra,0,0.0,0
C0181,2025-05,31.0,12,72452.02,Aplicacion,Recurrente,Deportes,Aplicacion,3,301000.0,1
C0181,2025-06,31.0,9,,Aplicacion,Recurrente,Hogar,Aplicacion,1,358000.0,1
C0181,2025-07,31.0,4,93362.2,Aplicacion,Recurrente,Ropa,Aplicacion,1,364000.0,1
C0181,2025-08,31.0,7,51875.4,Web,Recurrente,Hogar,Web,2,183000.0,1
C0181,2025-09,31.0,10,66350.14,Aplicacion,Recurrente,Deportes,Aplicacion,1,279000.0,1
C0181,2025-10,31.0,13,171968.57,Ambos,Recurrente,Belleza,Aplicacion,2,540000.0,1
C0181,2025-11,31.0,15,146670.03,Web,Recurrente,Ropa,Web,1,562000.0,1
C0181,2025-12,31.0,12,150001.56,Ambos,Recurrente,Electronica,Web,2,1097000.0,1
C0182,2025-01,51.0,20,137904.98,Ambos,Nuevo,Sin compra,Sin compra,0,0.0,0
C0182,2025-02,51.0,6,72978.74,Aplicacion,Nuevo,Sin compra,Sin compra,0,0.0,0
C0182,2025-03,51.0,4,70893.95,Aplicacion,Recurrente,Belleza,Aplicacion,1,191000.0,1
C0182,2025-04,51.0,12,62394.11,Ambos,Recurrente,Sin compra,Sin compra,0,0.0,0
C0182,2025-05,51.0,19,132640.46,Ambos,Recurrente,Ropa,Aplicacion,1,463000.0,1
C0182,2025-06,51.0,5,115929.21,Aplicacion,Recurrente,Sin compra,Sin compra,0,0.0,0
C0182,2025-07,51.0,15,113580.91,Ambos,Recurrente,Ropa,Web,1,330000.0,1
C0182,2025-08,51.0,6,114088.71,Web,Recurrente,Sin compra,Sin compra,0,0.0,0
C0182,2025-09,51.0,5,63996.1,Aplicacion,Recurrente,Sin compra,Sin compra,0,0.0,0
C0182,2025-10,51.0,6,69175.42,Aplicacion,Recurrente,Deportes,Aplicacion,1,243000.0,1
C0182,2025-11,51.0,6,83489.48,Web,Recurrente,Hogar,Web,1,271000.0,1
C0182,2025-12,51.0,4,134069.78,Web,Recurrente,Ropa,Web,2,667000.0,1
C0183,2025-01,48.0,11,,Ambos,Recurrente,Belleza,Web,2,225000.0,1
C0183,2025-02,48.0,9,105111.75,Aplicacion,Recurrente,Deportes,Aplicacion,1,295000.0,1
C0183,2025-03,48.0,11,113912.83,Aplicacion,Recurrente,Sin compra,Sin compra,0,0.0,0
C0183,2025-04,48.0,11,98251.57,Web,Recurrente,Sin compra,Sin compra,0,0.0,0
C0183,2025-05,48.0,7,124875.9,Web,Recurrente,Deportes,Web,2,538000.0,1
C0183,2025-06,48.0,8,6326.94,Aplicacion,Recurrente,Sin compra,Sin compra,0,0.0,0
C0183,2025-07,48.0,10,139873.0,Web,Recurrente,Hogar,Web,1,480000.0,1
C0183,2025-08,48.0,10,126466.86,Aplicacion,Recurrente,Deportes,Aplicacion,1,334000.0,1
C0183,2025-09,48.0,6,114092.27,Web,Recurrente,Deportes,Web,1,438000.0,1
C0183,2025-10,48.0,10,130135.75,Aplicacion,Recurrente,Sin compra,Sin compra,0,0.0,0
C0183,2025-11,48.0,13,62234.65,Web,Recurrente,Electronica,Web,3,912000.0,1
C0183,2025-12,48.0,8,110909.38,Web,Recurrente,Sin compra,Sin compra,0,0.0,0
C0184,2025-01,30.0,6,69901.72,Web,Nuevo,Sin compra,Sin compra,0,0.0,0
C0184,2025-02,30.0,17,152114.96,Ambos,Recurrente,Electronica,Web,1,1201000.0,1
C0184,2025-03,30.0,5,163004.59,Web,Recurrente,Electronica,Web,1,1358000.0,1
C0184,2025-04,30.0,13,135574.23,Ambos,Recurrente,Deportes,Aplicacion,1,366000.0,1
C0184,2025-05,30.0,13,141063.0,Aplicacion,Recurrente,Sin compra,Sin compra,0,0.0,0
C0184,2025-06,30.0,5,76150.43,Aplicacion,Recurrente,Electronica,Aplicacion,1,540000.0,1
C0184,2025-07,30.0,21,148902.14,Ambos,Recurrente,Ropa,Aplicacion,1,545000.0,1
C0184,2025-08,30.0,8,116425.09,Aplicacion,Recurrente,Electronica,Aplicacion,1,917000.0,1
C0184,2025-09,30.0,10,149100.32,Web,Recurrente,Deportes,Web,2,439000.0,1
C0184,2025-10,30.0,5,132703.02,Web,Recurrente,Sin compra,Sin compra,0,0.0,0
C0184,2025-11,30.0,8,122945.23,Web,Recurrente,Sin compra,Sin compra,0,0.0,0
C0184,2025-12,30.0,5,120689.19,Web,Recurrente,Sin compra,Sin compra,0,0.0,0
C0185,2025-01,24.0,4,34221.07,Web,Recurrente,Ropa,Web,1,130000.0,1
C0185,2025-02,24.0,10,91319.68,Web,Recurrente,Hogar,Web,1,316000.0,1
C0185,2025-03,24.0,8,122811.65,Ambos,Recurrente,Deportes,Web,1,359000.0,1
C0185,2025-04,24.0,7,112528.97,Web,Recurrente,Ropa,Web,1,329000.0,1
C0185,2025-05,24.0,9,95523.93,Web,Recurrente,Ropa,Web,2,295000.0,1
C0185,2025-06,24.0,4,81136.08,Aplicacion,Recurrente,Electronica,Aplicacion,1,686000.0,1
C0185,2025-07,24.0,9,105513.84,Web,Recurrente,Sin compra,Sin compra,0,0.0,0
C0185,2025-08,24.0,9,98531.45,Aplicacion,Recurrente,Ropa,Aplicacion,1,255000.0,1
C0185,2025-09,24.0,13,,Aplicacion,Recurrente,Belleza,Aplicacion,2,391000.0,1
C0185,2025-10,24.0,10,139211.21,Aplicacion,Recurrente,Electronica,Aplicacion,1,1479000.0,1
C0185,2025-11,24.0,9,79596.47,Web,Recurrente,Belleza,Web,1,282000.0,1
C0185,2025-12,24.0,4,55485.55,Aplicacion,Recurrente,Electronica,Aplicacion,2,427000.0,1
C0186,2025-01,,12,104820.47,Ambos,Nuevo,Sin compra,Sin compra,0,0.0,0
C0186,2025-02,,8,116520.45,Web,Nuevo,Sin compra,Sin compra,0,0.0,0
C0186,2025-03,54.0,6,133638.42,Aplicacion,Nuevo,Sin compra,Sin compra,0,0.0,0
C0186,2025-04,54.0,15,96499.49,Ambos,Recurrente,Deportes,Web,1,313000.0,1
C0186,2025-05,54.0,6,66471.31,Aplicacion,Recurrente,Belleza,Aplicacion,2,205000.0,1
C0186,2025-06,54.0,6,71196.34,Web,Recurrente,Deportes,Web,1,209000.0,1
C0186,2025-07,54.0,16,137269.06,Ambos,Recurrente,Hogar,Web,2,548000.0,1
C0186,2025-08,54.0,14,73847.93,Aplicacion,Recurrente,Deportes,Aplicacion,2,303000.0,1
C0186,2025-09,54.0,8,90922.63,Web,Recurrente,Sin compra,Sin compra,0,0.0,0
C0186,2025-10,54.0,4,126329.91,Web,Recurrente,Electronica,Web,2,1053000.0,1
C0186,2025-11,54.0,7,94491.42,Aplicacion,Recurrente,Ropa,Aplicacion,3,337000.0,1
C0186,2025-12,54.0,13,197291.4,Web,Recurrente,Belleza,Web,1,688000.0,1
C0187,2025-01,66.0,16,87062.43,Aplicacion,Recurrente,Belleza,Aplicacion,1,433000.0,1
C0187,2025-02,66.0,6,,Web,Recurrente,Sin compra,Sin compra,0,0.0,0
C0187,2025-03,66.0,6,134906.99,Web,Recurrente,Sin compra,Sin compra,0,0.0,0
C0187,2025-04,66.0,4,40332.37,Web,Recurrente,Sin compra,Sin compra,0,0.0,0
C0187,2025-05,66.0,5,78925.53,Web,Recurrente,Sin compra,Sin compra,0,0.0,0
C0187,2025-06,66.0,12,,Web,Recurrente,Sin compra,Sin compra,0,0.0,0
C0187,2025-07,66.0,16,178484.24,Ambos,Recurrente,Electronica,Aplicacion,2,1637000.0,1
C0187,2025-08,66.0,17,135502.6,Ambos,Recurrente,Deportes,Aplicacion,2,863000.0,1
C0187,2025-09,66.0,8,73941.0,Web,Recurrente,Electronica,Web,1,788000.0,1
C0187,2025-10,66.0,6,101233.22,Aplicacion,Recurrente,Belleza,Aplicacion,1,290000.0,1
C0187,2025-11,66.0,10,110503.39,Aplicacion,Recurrente,Deportes,Aplicacion,3,450000.0,1
C0187,2025-12,66.0,5,111337.2,Web,Recurrente,Electronica,Web,1,969000.0,1
C0188,2025-01,42.0,4,102074.1,Aplicacion,Nuevo,Sin compra,Sin compra,0,0.0,0
C0188,2025-02,42.0,5,138751.32,Web,Nuevo,Sin compra,Sin compra,0,0.0,0
C0188,2025-03,42.0,7,146504.89,Web,Nuevo,Sin compra,Sin compra,0,0.0,0
C0188,2025-04,42.0,4,70633.22,Web,Nuevo,Sin compra,Sin compra,0,0.0,0
C0188,2025-05,42.0,5,90875.99,Web,Nuevo,Sin compra,Sin compra,0,0.0,0
C0188,2025-06,42.0,11,86444.23,Ambos,Recurrente,Hogar,Web,3,361000.0,1
C0188,2025-07,42.0,2,63432.35,Web,Recurrente,Sin compra,Sin compra,0,0.0,0
C0188,2025-08,42.0,10,,Ambos,Recurrente,Sin compra,Sin compra,0,0.0,0
C0188,2025-09,,13,65337.8,Ambos,Recurrente,Sin compra,Sin compra,0,0.0,0
C0188,2025-10,42.0,7,34057.92,Web,Recurrente,Sin compra,Sin compra,0,0.0,0
C0188,2025-11,42.0,4,87525.92,Web,Recurrente,Sin compra,Sin compra,0,0.0,0
C0188,2025-12,42.0,8,159483.47,Aplicacion,Recurrente,Deportes,Aplicacion,2,614000.0,1
C0189,2025-01,63.0,14,143344.79,Ambos,Nuevo,Sin compra,Sin compra,0,0.0,0
C0189,2025-02,63.0,9,59219.42,Aplicacion,Nuevo,Sin compra,Sin compra,0,0.0,0
C0189,2025-03,63.0,5,45123.12,Web,Nuevo,Sin compra,Sin compra,0,0.0,0
C0189,2025-04,63.0,7,66075.32,Aplicacion,Nuevo,Sin compra,Sin compra,0,0.0,0
C0189,2025-05,63.0,7,88470.03,Aplicacion,Nuevo,Sin compra,Sin compra,0,0.0,0
C0189,2025-06,63.0,4,78643.4,Aplicacion,Nuevo,Sin compra,Sin compra,0,0.0,0
C0189,2025-07,63.0,10,158210.82,Aplicacion,Recurrente,Belleza,Aplicacion,2,541000.0,1
C0189,2025-08,63.0,9,119458.66,Aplicacion,Recurrente,Sin compra,Sin compra,0,0.0,0
C0189,2025-09,63.0,11,149394.35,Aplicacion,Recurrente,Hogar,Aplicacion,2,706000.0,1
C0189,2025-10,63.0,8,79837.25,Web,Recurrente,Hogar,Web,1,312000.0,1
C0189,2025-11,63.0,8,51461.14,Aplicacion,Recurrente,Ropa,Aplicacion,2,176000.0,1
C0189,2025-12,63.0,11,118642.59,Web,Recurrente,Belleza,Web,1,354000.0,1
C0190,2025-01,50.0,5,63324.74,Web,Nuevo,Sin compra,Sin compra,0,0.0,0
C0190,2025-02,50.0,13,81083.59,Ambos,Recurrente,Deportes,Aplicacion,2,225000.0,1
C0190,2025-03,50.0,6,96179.75,Ambos,Recurrente,Deportes,Aplicacion,1,200000.0,1
C0190,2025-04,50.0,7,82668.01,Web,Recurrente,Sin compra,Sin compra,0,0.0,0
C0190,2025-05,50.0,4,85184.46,Web,Recurrente,Electronica,Web,2,535000.0,1
C0190,2025-06,50.0,7,50977.23,Aplicacion,Recurrente,Sin compra,Sin compra,0,0.0,0
C0190,2025-07,50.0,9,93046.07,Aplicacion,Recurrente,Electronica,Aplicacion,1,682000.0,1
C0190,2025-08,50.0,4,43938.26,Aplicacion,Recurrente,Sin compra,Sin compra,0,0.0,0
C0190,2025-09,50.0,8,116249.2,Aplicacion,Recurrente,Ropa,Aplicacion,1,334000.0,1
C0190,2025-10,50.0,11,145973.52,Aplicacion,Recurrente,Deportes,Aplicacion,2,635000.0,1
C0190,2025-11,50.0,5,63329.18,Aplicacion,Recurrente,Sin compra,Sin compra,0,0.0,0
C0190,2025-12,50.0,3,135970.15,Web,Recurrente,Electronica,Web,1,773000.0,1
C0191,2025-01,44.0,4,98440.74,Web,Nuevo,Sin compra,Sin compra,0,0.0,0
C0191,2025-02,44.0,4,97105.84,Web,Nuevo,Sin compra,Sin compra,0,0.0,0
C0191,2025-03,44.0,8,94242.6,Aplicacion,Nuevo,Sin compra,Sin compra,0,0.0,0
C0191,2025-04,44.0,9,45262.62,Aplicacion,Recurrente,Ropa,Aplicacion,1,155000.0,1
C0191,2025-05,44.0,11,169907.08,Ambos,Recurrente,Deportes,Web,2,844000.0,1
C0191,2025-06,44.0,6,93478.54,Aplicacion,Recurrente,Sin compra,Sin compra,0,0.0,0
C0191,2025-07,44.0,6,111595.38,Aplicacion,Recurrente,Electronica,Aplicacion,1,617000.0,1
C0191,2025-08,44.0,13,86630.66,Web,Recurrente,Sin compra,Sin compra,0,0.0,0
C0191,2025-09,44.0,6,177059.03,Aplicacion,Recurrente,Sin compra,Sin compra,0,0.0,0
C0191,2025-10,44.0,6,68632.68,Web,Recurrente,Sin compra,Sin compra,0,0.0,0
C0191,2025-11,44.0,10,152527.02,Aplicacion,Recurrente,Electronica,Aplicacion,1,1320000.0,1
C0191,2025-12,44.0,13,183416.77,Ambos,Recurrente,Ropa,Web,2,572000.0,1
C0192,2025-01,29.0,5,61581.95,Aplicacion,Recurrente,Electronica,Aplicacion,1,312000.0,1
C0192,2025-02,29.0,16,101187.15,Ambos,Recurrente,Deportes,Web,2,484000.0,1
C0192,2025-03,29.0,18,123756.52,Ambos,Recurrente,Ropa,Web,1,418000.0,1
C0192,2025-04,29.0,9,39711.33,Web,Recurrente,Sin compra,Sin compra,0,0.0,0
C0192,2025-05,29.0,4,63682.12,Web,Recurrente,Deportes,Web,1,256000.0,1
C0192,2025-06,29.0,8,101502.26,Web,Recurrente,Sin compra,Sin compra,0,0.0,0
C0192,2025-07,29.0,9,116367.62,Web,Recurrente,Deportes,Web,1,428000.0,1
C0192,2025-08,29.0,5,49905.29,Aplicacion,Recurrente,Electronica,Aplicacion,2,479000.0,1
C0192,2025-09,29.0,23,139776.51,Ambos,Recurrente,Deportes,Aplicacion,1,645000.0,1
C0192,2025-10,29.0,6,138368.56,Web,Recurrente,Deportes,Web,2,707000.0,1
C0192,2025-11,29.0,10,,Aplicacion,Recurrente,Ropa,Aplicacion,1,384000.0,1
C0192,2025-12,29.0,7,143772.45,Aplicacion,Recurrente,Deportes,Aplicacion,1,460000.0,1
C0193,2025-01,39.0,12,116756.03,Aplicacion,Recurrente,Hogar,Aplicacion,1,534000.0,1
C0193,2025-02,39.0,20,155386.81,Ambos,Recurrente,Sin compra,Sin compra,0,0.0,0
C0193,2025-03,39.0,3,34625.28,Web,Recurrente,Sin compra,Sin compra,0,0.0,0
C0193,2025-04,39.0,9,150470.8,Aplicacion,Recurrente,Sin compra,Sin compra,0,0.0,0
C0193,2025-05,39.0,7,129473.02,Aplicacion,Recurrente,Ropa,Aplicacion,2,456000.0,1
C0193,2025-06,39.0,15,138034.58,Ambos,Recurrente,Belleza,Web,2,270000.0,1
C0193,2025-07,39.0,13,70931.19,Ambos,Recurrente,Electronica,Aplicacion,2,721000.0,1
C0193,2025-08,39.0,7,71555.68,Web,Recurrente,Electronica,Web,2,557000.0,1
C0193,2025-09,39.0,7,62811.46,Aplicacion,Recurrente,Ropa,Aplicacion,1,226000.0,1
C0193,2025-10,39.0,7,88229.73,Web,Recurrente,Sin compra,Sin compra,0,0.0,0
C0193,2025-11,39.0,8,108252.78,Web,Recurrente,Ropa,Web,1,271000.0,1
C0193,2025-12,39.0,12,81482.24,Aplicacion,Recurrente,Sin compra,Sin compra,0,0.0,0
C0194,2025-01,20.0,10,124885.14,Ambos,Nuevo,Sin compra,Sin compra,0,0.0,0
C0194,2025-02,20.0,8,129510.37,Aplicacion,Recurrente,Hogar,Aplicacion,2,678000.0,1
C0194,2025-03,20.0,9,102266.11,Aplicacion,Recurrente,Sin compra,Sin compra,0,0.0,0
C0194,2025-04,20.0,14,66464.59,Ambos,Recurrente,Sin compra,Sin compra,0,0.0,0
C0194,2025-05,20.0,6,71805.87,Web,Recurrente,Sin compra,Sin compra,0,0.0,0
C0194,2025-06,20.0,9,63628.2,Web,Recurrente,Sin compra,Sin compra,0,0.0,0
C0194,2025-07,20.0,9,78229.01,Web,Recurrente,Electronica,Web,2,733000.0,1
C0194,2025-08,20.0,8,74047.92,Web,Recurrente,Electronica,Web,2,573000.0,1
C0194,2025-09,20.0,7,126238.16,Web,Recurrente,Belleza,Web,1,354000.0,1
C0194,2025-10,20.0,10,83131.96,Ambos,Recurrente,Ropa,Aplicacion,1,292000.0,1
C0194,2025-11,20.0,18,164297.79,Ambos,Recurrente,Belleza,Web,1,515000.0,1
C0194,2025-12,20.0,10,132909.76,Web,Recurrente,Deportes,Web,1,538000.0,1
C0195,2025-01,54.0,15,162029.27,Aplicacion,Recurrente,Electronica,Aplicacion,1,1341000.0,1
C0195,2025-02,54.0,7,61614.27,Web,Recurrente,Sin compra,Sin compra,0,0.0,0
C0195,2025-03,54.0,6,137984.48,Aplicacion,Recurrente,Sin compra,Sin compra,0,0.0,0
C0195,2025-04,54.0,12,88869.17,Aplicacion,Recurrente,Deportes,Aplicacion,1,311000.0,1
C0195,2025-05,54.0,6,73616.96,Web,Recurrente,Belleza,Web,1,235000.0,1
C0195,2025-06,54.0,9,117349.77,Aplicacion,Recurrente,Electronica,Aplicacion,4,1021000.0,1
C0195,2025-07,54.0,9,68974.92,Ambos,Recurrente,Sin compra,Sin compra,0,0.0,0
C0195,2025-08,54.0,5,138611.93,Web,Recurrente,Sin compra,Sin compra,0,0.0,0
C0195,2025-09,54.0,10,99963.17,Web,Recurrente,Deportes,Web,4,302000.0,1
C0195,2025-10,54.0,8,91811.26,Ambos,Recurrente,Hogar,Aplicacion,1,324000.0,1
C0195,2025-11,54.0,8,171523.05,Aplicacion,Recurrente,Belleza,Aplicacion,1,610000.0,1
C0195,2025-12,54.0,15,57497.23,Ambos,Recurrente,Sin compra,Sin compra,0,0.0,0
C0196,2025-01,42.0,3,29559.79,Web,Nuevo,Sin compra,Sin compra,0,0.0,0
C0196,2025-02,42.0,6,119620.29,Web,Nuevo,Sin compra,Sin compra,0,0.0,0
C0196,2025-03,42.0,8,88306.85,Web,Nuevo,Sin compra,Sin compra,0,0.0,0
C0196,2025-04,,14,110545.54,Aplicacion,Nuevo,Sin compra,Sin compra,0,0.0,0
C0196,2025-05,42.0,10,120353.59,Aplicacion,Nuevo,Sin compra,Sin compra,0,0.0,0
C0196,2025-06,42.0,11,82050.98,Ambos,Recurrente,Ropa,Aplicacion,1,305000.0,1
C0196,2025-07,42.0,16,123833.7,Ambos,Recurrente,Ropa,Aplicacion,1,585000.0,1
C0196,2025-08,42.0,7,41584.17,Aplicacion,Recurrente,Sin compra,Sin compra,0,0.0,0
C0196,2025-09,42.0,8,175810.16,Aplicacion,Recurrente,Ropa,Aplicacion,1,433000.0,1
C0196,2025-10,42.0,8,66519.2,Web,Recurrente,Hogar,Web,3,254000.0,1
C0196,2025-11,42.0,17,157211.72,Ambos,Recurrente,Hogar,Aplicacion,1,501000.0,1
C0196,2025-12,42.0,20,,Ambos,Recurrente,Ropa,Aplicacion,1,343000.0,1
C0197,2025-01,52.0,4,151121.62,Web,Nuevo,Sin compra,Sin compra,0,0.0,0
C0197,2025-02,52.0,11,119787.05,Aplicacion,Recurrente,Electronica,Aplicacion,2,1098000.0,1
C0197,2025-03,52.0,5,106160.8,Web,Recurrente,Electronica,Web,1,989000.0,1
C0197,2025-04,52.0,7,78813.18,Web,Recurrente,Electronica,Web,2,663000.0,1
C0197,2025-05,52.0,9,157392.49,Web,Recurrente,Hogar,Web,1,542000.0,1
C0197,2025-06,52.0,20,123699.08,Ambos,Recurrente,Electronica,Web,2,1517000.0,1
C0197,2025-07,52.0,14,45275.01,Aplicacion,Recurrente,Hogar,Aplicacion,2,338000.0,1
C0197,2025-08,52.0,6,11646.01,Web,Recurrente,Hogar,Web,2,100000.0,1
C0197,2025-09,52.0,5,44795.04,Web,Recurrente,Sin compra,Sin compra,0,0.0,0
C0197,2025-10,52.0,9,109883.34,Aplicacion,Recurrente,Belleza,Aplicacion,1,349000.0,1
C0197,2025-11,52.0,11,75376.23,Ambos,Recurrente,Electronica,Web,2,448000.0,1
C0197,2025-12,52.0,14,132338.73,Web,Recurrente,Sin compra,Sin compra,0,0.0,0
C0198,2025-01,25.0,7,64471.4,Web,Recurrente,Electronica,Web,1,414000.0,1
C0198,2025-02,25.0,7,121488.56,Web,Recurrente,Sin compra,Sin compra,0,0.0,0
C0198,2025-03,25.0,7,120931.49,Web,Recurrente,Sin compra,Sin compra,0,0.0,0
C0198,2025-04,25.0,6,73050.44,Aplicacion,Recurrente,Sin compra,Sin compra,0,0.0,0
C0198,2025-05,25.0,12,104605.03,Ambos,Recurrente,Belleza,Aplicacion,2,310000.0,1
C0198,2025-06,25.0,10,152069.15,Aplicacion,Recurrente,Electronica,Aplicacion,2,907000.0,1
C0198,2025-07,25.0,8,94164.37,Web,Recurrente,Sin compra,Sin compra,0,0.0,0
C0198,2025-08,25.0,13,122599.61,Aplicacion,Recurrente,Hogar,Aplicacion,2,531000.0,1
C0198,2025-09,25.0,14,140071.46,Aplicacion,Recurrente,Sin compra,Sin compra,0,0.0,0
C0198,2025-10,25.0,5,68501.74,Web,Recurrente,Belleza,Web,1,214000.0,1
C0198,2025-11,25.0,18,115078.76,Ambos,Recurrente,Sin compra,Sin compra,0,0.0,0
C0198,2025-12,25.0,9,146302.01,Web,Recurrente,Electronica,Web,1,1045000.0,1
C0199,2025-01,56.0,21,160117.1,Ambos,Recurrente,Electronica,Web,1,1280000.0,1
C0199,2025-02,56.0,9,152069.31,Web,Recurrente,Sin compra,Sin compra,0,0.0,0
C0199,2025-03,56.0,2,73179.39,Web,Recurrente,Hogar,Web,1,383000.0,1
C0199,2025-04,56.0,10,,Aplicacion,Recurrente,Sin compra,Sin compra,0,0.0,0
C0199,2025-05,56.0,13,100532.53,Web,Recurrente,Sin compra,Sin compra,0,0.0,0
C0199,2025-06,56.0,19,201788.14,Ambos,Recurrente,Hogar,Aplicacion,4,783000.0,1
C0199,2025-07,56.0,8,60945.88,Aplicacion,Recurrente,Hogar,Aplicacion,2,316000.0,1
C0199,2025-08,56.0,9,129364.71,Aplicacion,Recurrente,Hogar,Aplicacion,2,525000.0,1
C0199,2025-09,56.0,12,65167.05,Aplicacion,Recurrente,Ropa,Aplicacion,2,340000.0,1
C0199,2025-10,56.0,10,130101.04,Web,Recurrente,Belleza,Web,3,415000.0,1
C0199,2025-11,56.0,12,127134.89,Aplicacion,Recurrente,Belleza,Aplicacion,1,407000.0,1
C0199,2025-12,56.0,8,150787.19,Ambos,Recurrente,Ropa,Aplicacion,1,621000.0,1
C0200,2025-01,25.0,11,70122.76,Ambos,Nuevo,Sin compra,Sin compra,0,0.0,0
C0200,2025-02,25.0,6,147912.33,Web,Nuevo,Sin compra,Sin compra,0,0.0,0
C0200,2025-03,25.0,6,53252.48,Web,Nuevo,Sin compra,Sin compra,0,0.0,0
C0200,2025-04,25.0,12,131943.67,Web,Nuevo,Sin compra,Sin compra,0,0.0,0
C0200,2025-05,25.0,18,80174.87,Ambos,Nuevo,Sin compra,Sin compra,0,0.0,0
C0200,2025-06,25.0,6,83249.0,Aplicacion,Recurrente,Electronica,Aplicacion,2,694000.0,1
C0200,2025-07,25.0,2,44397.15,Web,Recurrente,Hogar,Web,1,134000.0,1
C0200,2025-08,25.0,16,123897.19,Ambos,Recurrente,Electronica,Web,2,797000.0,1
C0200,2025-09,25.0,10,125291.03,Web,Recurrente,Sin compra,Sin compra,0,0.0,0
C0200,2025-10,25.0,8,93584.34,Web,Recurrente,Ropa,Web,1,299000.0,1
C0200,2025-11,25.0,14,118440.69,Web,Recurrente,Sin compra,Sin compra,0,0.0,0
C0200,2025-12,25.0,3,54214.62,Web,Recurrente,Electronica,Web,2,507000.0,1
C0201,2025-01,24.0,8,94140.41,Web,Nuevo,Sin compra,Sin compra,0,0.0,0
C0201,2025-02,24.0,9,87398.21,Web,Nuevo,Sin compra,Sin compra,0,0.0,0
C0201,2025-03,24.0,14,151517.19,Ambos,Recurrente,Ropa,Web,2,436000.0,1
C0201,2025-04,24.0,10,93466.0,Aplicacion,Recurrente,Electronica,Aplicacion,2,1045000.0,1
C0201,2025-05,24.0,5,57321.65,Web,Recurrente,Deportes,Web,2,246000.0,1
C0201,2025-06,24.0,11,103931.12,Aplicacion,Recurrente,Sin compra,Sin compra,0,0.0,0
C0201,2025-07,24.0,15,86322.15,Aplicacion,Recurrente,Electronica,Aplicacion,2,741000.0,1
C0201,2025-08,24.0,5,109329.23,Web,Recurrente,Hogar,Web,1,308000.0,1
C0201,2025-09,24.0,6,67099.67,Web,Recurrente,Sin compra,Sin compra,0,0.0,0
C0201,2025-10,24.0,3,34139.58,Aplicacion,Recurrente,Sin compra,Sin compra,0,0.0,0
C0201,2025-11,24.0,8,64363.01,Web,Recurrente,Deportes,Web,1,299000.0,1
C0201,2025-12,24.0,8,115323.06,Aplicacion,Recurrente,Hogar,Aplicacion,1,481000.0,1
C0202,2025-01,66.0,15,156026.58,Ambos,Nuevo,Sin compra,Sin compra,0,0.0,0
C0202,2025-02,66.0,8,108219.95,Aplicacion,Recurrente,Electronica,Aplicacion,1,671000.0,1
C0202,2025-03,66.0,10,75981.92,Aplicacion,Recurrente,Sin compra,Sin compra,0,0.0,0
C0202,2025-04,66.0,20,171324.19,Aplicacion,Recurrente,Sin compra,Sin compra,0,0.0,0
C0202,2025-05,66.0,8,104514.21,Web,Recurrente,Sin compra,Sin compra,0,0.0,0
C0202,2025-06,66.0,9,96826.65,Web,Recurrente,Sin compra,Sin compra,0,0.0,0
C0202,2025-07,66.0,8,148425.91,Aplicacion,Recurrente,Sin compra,Sin compra,0,0.0,0
C0202,2025-08,66.0,7,137227.49,Aplicacion,Recurrente,Deportes,Aplicacion,2,602000.0,1
C0202,2025-09,66.0,12,60105.13,Aplicacion,Recurrente,Sin compra,Sin compra,0,0.0,0
C0202,2025-10,66.0,13,,Web,Recurrente,Ropa,Web,1,485000.0,1
C0202,2025-11,66.0,16,173237.05,Aplicacion,Recurrente,Ropa,Aplicacion,1,772000.0,1
C0202,2025-12,66.0,9,,Aplicacion,Recurrente,Sin compra,Sin compra,0,0.0,0
C0203,2025-01,63.0,7,163346.93,Web,Nuevo,Sin compra,Sin compra,0,0.0,0
C0203,2025-02,63.0,10,149965.38,Web,Recurrente,Ropa,Web,2,483000.0,1
C0203,2025-03,63.0,7,35784.48,Web,Recurrente,Sin compra,Sin compra,0,0.0,0
C0203,2025-04,63.0,15,120296.46,Ambos,Recurrente,Deportes,Aplicacion,1,542000.0,1
C0203,2025-05,63.0,16,106788.1,Ambos,Recurrente,Belleza,Web,3,249000.0,1
C0203,2025-06,63.0,13,139027.65,Aplicacion,Recurrente,Hogar,Aplicacion,3,563000.0,1
C0203,2025-07,63.0,9,123169.85,Aplicacion,Recurrente,Belleza,Aplicacion,4,356000.0,1
C0203,2025-08,63.0,15,106706.54,Ambos,Recurrente,Ropa,Web,2,383000.0,1
C0203,2025-09,63.0,10,124122.94,Aplicacion,Recurrente,Deportes,Aplicacion,4,478000.0,1
C0203,2025-10,63.0,10,165774.07,Aplicacion,Recurrente,Sin compra,Sin compra,0,0.0,0
C0203,2025-11,63.0,6,79454.9,Web,Recurrente,Ropa,Web,1,241000.0,1
C0203,2025-12,63.0,18,177660.2,Ambos,Recurrente,Deportes,Web,2,601000.0,1
C0204,2025-01,51.0,7,97020.28,Web,Recurrente,Deportes,Web,1,284000.0,1
C0204,2025-02,51.0,9,121497.51,Aplicacion,Recurrente,Sin compra,Sin compra,0,0.0,0
C0204,2025-03,51.0,10,115392.05,Ambos,Recurrente,Belleza,Web,1,316000.0,1
C0204,2025-04,51.0,7,86539.76,Aplicacion,Recurrente,Sin compra,Sin compra,0,0.0,0
C0204,2025-05,51.0,11,157781.0,Aplicacion,Recurrente,Ropa,Aplicacion,1,406000.0,1
C0204,2025-06,51.0,2,57699.38,Web,Recurrente,Deportes,Web,1,227000.0,1
C0204,2025-07,51.0,4,81217.64,Web,Recurrente,Sin compra,Sin compra,0,0.0,0
C0204,2025-08,51.0,6,51670.58,Aplicacion,Recurrente,Hogar,Aplicacion,1,287000.0,1
C0204,2025-09,51.0,12,107053.02,Ambos,Recurrente,Ropa,Web,1,310000.0,1
C0204,2025-10,51.0,6,50839.52,Web,Recurrente,Sin compra,Sin compra,0,0.0,0
C0204,2025-11,51.0,7,153532.56,Aplicacion,Recurrente,Electronica,Aplicacion,1,807000.0,1
C0204,2025-12,51.0,8,94663.76,Aplicacion,Recurrente,Hogar,Aplicacion,3,345000.0,1
C0205,2025-01,,7,106267.78,Web,Nuevo,Sin compra,Sin compra,0,0.0,0
C0205,2025-02,66.0,7,81850.42,Aplicacion,Nuevo,Sin compra,Sin compra,0,0.0,0
C0205,2025-03,66.0,7,136699.66,Web,Recurrente,Belleza,Web,1,445000.0,1
C0205,2025-04,66.0,8,36020.1,Web,Recurrente,Sin compra,Sin compra,0,0.0,0
C0205,2025-05,66.0,8,52027.02,Web,Recurrente,Ropa,Web,1,222000.0,1
C0205,2025-06,66.0,3,121036.19,Web,Recurrente,Sin compra,Sin compra,0,0.0,0
C0205,2025-07,66.0,6,148383.78,Aplicacion,Recurrente,Deportes,Aplicacion,2,383000.0,1
C0205,2025-08,66.0,18,162829.19,Aplicacion,Recurrente,Ropa,Aplicacion,1,550000.0,1
C0205,2025-09,66.0,6,65447.2,Web,Recurrente,Electronica,Web,1,466000.0,1
C0205,2025-10,66.0,9,150779.6,Web,Recurrente,Sin compra,Sin compra,0,0.0,0
C0205,2025-11,66.0,7,90381.98,Aplicacion,Recurrente,Sin compra,Sin compra,0,0.0,0
C0205,2025-12,66.0,8,69367.67,Web,Recurrente,Sin compra,Sin compra,0,0.0,0
C0206,2025-01,25.0,5,147033.6,Aplicacion,Recurrente,Ropa,Aplicacion,1,415000.0,1
C0206,2025-02,25.0,11,143089.74,Aplicacion,Recurrente,Ropa,Aplicacion,2,454000.0,1
C0206,2025-03,25.0,9,60690.85,Aplicacion,Recurrente,Ropa,Aplicacion,1,219000.0,1
C0206,2025-04,25.0,6,36588.89,Web,Recurrente,Belleza,Web,1,167000.0,1
C0206,2025-05,25.0,8,129616.11,Aplicacion,Recurrente,Electronica,Aplicacion,1,873000.0,1
C0206,2025-06,25.0,5,114356.46,Aplicacion,Recurrente,Electronica,Aplicacion,2,1138000.0,1
C0206,2025-07,25.0,7,102298.91,Web,Recurrente,Hogar,Web,1,385000.0,1
C0206,2025-08,25.0,8,102622.57,Web,Recurrente,Deportes,Web,2,290000.0,1
C0206,2025-09,25.0,4,71285.68,Aplicacion,Recurrente,Ropa,Aplicacion,3,298000.0,1
C0206,2025-10,25.0,11,93940.79,Aplicacion,Recurrente,Deportes,Aplicacion,3,418000.0,1
C0206,2025-11,25.0,8,163573.67,Aplicacion,Recurrente,Electronica,Aplicacion,1,1239000.0,1
C0206,2025-12,25.0,5,70002.75,Web,Recurrente,Belleza,Web,2,233000.0,1
C0207,2025-01,55.0,5,,Web,Nuevo,Sin compra,Sin compra,0,0.0,0
C0207,2025-02,55.0,8,103203.52,Web,Recurrente,Ropa,Web,1,371000.0,1
C0207,2025-03,55.0,10,84521.29,Ambos,Recurrente,Sin compra,Sin compra,0,0.0,0
C0207,2025-04,55.0,5,84799.63,Web,Recurrente,Sin compra,Sin compra,0,0.0,0
C0207,2025-05,55.0,11,124638.27,Ambos,Recurrente,Ropa,Aplicacion,1,494000.0,1
C0207,2025-06,55.0,4,78980.52,Web,Recurrente,Sin compra,Sin compra,0,0.0,0
C0207,2025-07,55.0,12,52962.19,Aplicacion,Recurrente,Sin compra,Sin compra,0,0.0,0
C0207,2025-08,55.0,6,29416.09,Web,Recurrente,Sin compra,Sin compra,0,0.0,0
C0207,2025-09,55.0,7,17703.08,Web,Recurrente,Deportes,Web,1,118000.0,1
C0207,2025-10,55.0,5,95985.56,Web,Recurrente,Ropa,Web,1,371000.0,1
C0207,2025-11,55.0,8,92970.11,Web,Recurrente,Sin compra,Sin compra,0,0.0,0
C0207,2025-12,55.0,4,132821.21,Web,Recurrente,Sin compra,Sin compra,0,0.0,0
C0208,2025-01,53.0,11,107698.38,Aplicacion,Nuevo,Sin compra,Sin compra,0,0.0,0
C0208,2025-02,53.0,12,119618.5,Aplicacion,Nuevo,Sin compra,Sin compra,0,0.0,0
C0208,2025-03,53.0,3,96867.49,Aplicacion,Recurrente,Electronica,Aplicacion,4,639000.0,1
C0208,2025-04,53.0,10,99848.48,Ambos,Recurrente,Deportes,Aplicacion,1,403000.0,1
C0208,2025-05,53.0,10,129598.94,Aplicacion,Recurrente,Electronica,Aplicacion,3,810000.0,1
C0208,2025-06,53.0,7,72381.5,Aplicacion,Recurrente,Electronica,Aplicacion,1,647000.0,1
C0208,2025-07,53.0,7,77625.64,Web,Recurrente,Hogar,Web,1,340000.0,1
C0208,2025-08,53.0,5,85503.08,Web,Recurrente,Sin compra,Sin compra,0,0.0,0
C0208,2025-09,53.0,4,,Web,Recurrente,Deportes,Web,1,318000.0,1
C0208,2025-10,53.0,13,55813.14,Aplicacion,Recurrente,Sin compra,Sin compra,0,0.0,0
C0208,2025-11,53.0,6,117172.19,Aplicacion,Recurrente,Belleza,Aplicacion,4,383000.0,1
C0208,2025-12,53.0,13,65580.99,Ambos,Recurrente,Deportes,Web,1,195000.0,1
C0209,2025-01,39.0,21,202388.83,Ambos,Nuevo,Sin compra,Sin compra,0,0.0,0
C0209,2025-02,39.0,8,90746.22,Web,Nuevo,Sin compra,Sin compra,0,0.0,0
C0209,2025-03,39.0,10,145696.28,Web,Nuevo,Sin compra,Sin compra,0,0.0,0
C0209,2025-04,39.0,11,128881.1,Aplicacion,Recurrente,Deportes,Aplicacion,1,442000.0,1
C0209,2025-05,39.0,4,80023.22,Web,Recurrente,Sin compra,Sin compra,0,0.0,0
C0209,2025-06,39.0,8,58608.24,Aplicacion,Recurrente,Sin compra,Sin compra,0,0.0,0
C0209,2025-07,39.0,13,149600.71,Ambos,Recurrente,Sin compra,Sin compra,0,0.0,0
C0209,2025-08,39.0,10,138178.97,Web,Recurrente,Sin compra,Sin compra,0,0.0,0
C0209,2025-09,39.0,4,87820.48,Aplicacion,Recurrente,Belleza,Aplicacion,1,260000.0,1
C0209,2025-10,39.0,11,,Aplicacion,Recurrente,Belleza,Aplicacion,1,393000.0,1
C0209,2025-11,39.0,4,59987.08,Web,Recurrente,Ropa,Web,2,213000.0,1
C0209,2025-12,39.0,4,119125.11,Aplicacion,Recurrente,Sin compra,Sin compra,0,0.0,0
C0210,2025-01,63.0,13,139105.41,Aplicacion,Nuevo,Sin compra,Sin compra,0,0.0,0
C0210,2025-02,63.0,11,127961.41,Web,Nuevo,Sin compra,Sin compra,0,0.0,0
C0210,2025-03,63.0,10,111718.72,Web,Nuevo,Sin compra,Sin compra,0,0.0,0
C0210,2025-04,63.0,10,146212.58,Aplicacion,Nuevo,Sin compra,Sin compra,0,0.0,0
C0210,2025-05,63.0,10,105914.66,Aplicacion,Nuevo,Sin compra,Sin compra,0,0.0,0
C0210,2025-06,63.0,7,108493.19,Web,Nuevo,Sin compra,Sin compra,0,0.0,0
C0210,2025-07,63.0,11,116234.97,Ambos,Recurrente,Ropa,Web,1,483000.0,1
C0210,2025-08,63.0,5,71716.5,Web,Recurrente,Sin compra,Sin compra,0,0.0,0
C0210,2025-09,63.0,6,104986.43,Aplicacion,Recurrente,Sin compra,Sin compra,0,0.0,0
C0210,2025-10,63.0,7,110724.72,Web,Recurrente,Sin compra,Sin compra,0,0.0,0
C0210,2025-11,63.0,7,156994.78,Web,Recurrente,Hogar,Web,2,783000.0,1
C0210,2025-12,63.0,7,78134.91,Aplicacion,Recurrente,Deportes,Aplicacion,1,297000.0,1
C0211,2025-01,34.0,4,58794.93,Web,Nuevo,Sin compra,Sin compra,0,0.0,0
C0211,2025-02,34.0,13,139367.2,Ambos,Recurrente,Ropa,Aplicacion,3,554000.0,1
C0211,2025-03,34.0,13,136527.36,Aplicacion,Recurrente,Sin compra,Sin compra,0,0.0,0
C0211,2025-04,34.0,12,134072.52,Ambos,Recurrente,Belleza,Aplicacion,1,590000.0,1
C0211,2025-05,34.0,4,126746.19,Web,Recurrente,Ropa,Web,1,475000.0,1
C0211,2025-06,34.0,17,144297.46,Ambos,Recurrente,Sin compra,Sin compra,0,0.0,0
C0211,2025-07,34.0,5,55808.27,Web,Recurrente,Sin compra,Sin compra,0,0.0,0
C0211,2025-08,34.0,4,34268.42,Aplicacion,Recurrente,Electronica,Aplicacion,1,422000.0,1
C0211,2025-09,34.0,4,129537.46,Aplicacion,Recurrente,Electronica,Aplicacion,1,893000.0,1
C0211,2025-10,34.0,9,113343.72,Aplicacion,Recurrente,Ropa,Aplicacion,1,411000.0,1
C0211,2025-11,34.0,4,59580.77,Aplicacion,Recurrente,Belleza,Aplicacion,3,167000.0,1
C0211,2025-12,34.0,8,88363.27,Web,Recurrente,Electronica,Web,4,851000.0,1
C0212,2025-01,51.0,9,129533.17,Aplicacion,Nuevo,Sin compra,Sin compra,0,0.0,0
C0212,2025-02,51.0,7,65449.03,Web,Nuevo,Sin compra,Sin compra,0,0.0,0
C0212,2025-03,,7,67178.42,Aplicacion,Nuevo,Sin compra,Sin compra,0,0.0,0
C0212,2025-04,51.0,9,164187.06,Ambos,Recurrente,Deportes,Aplicacion,1,593000.0,1
C0212,2025-05,51.0,5,115039.58,Web,Recurrente,Sin compra,Sin compra,0,0.0,0
C0212,2025-06,51.0,10,93732.59,Aplicacion,Recurrente,Sin compra,Sin compra,0,0.0,0
C0212,2025-07,51.0,11,87556.62,Ambos,Recurrente,Sin compra,Sin compra,0,0.0,0
C0212,2025-08,51.0,6,12060.75,Aplicacion,Recurrente,Sin compra,Sin compra,0,0.0,0
C0212,2025-09,51.0,8,105755.15,Web,Recurrente,Sin compra,Sin compra,0,0.0,0
C0212,2025-10,51.0,8,69340.91,Web,Recurrente,Sin compra,Sin compra,0,0.0,0
C0212,2025-11,51.0,8,110425.84,Web,Recurrente,Sin compra,Sin compra,0,0.0,0
C0212,2025-12,51.0,9,65492.17,Aplicacion,Recurrente,Sin compra,Sin compra,0,0.0,0
C0213,2025-01,56.0,7,93143.19,Web,Nuevo,Sin compra,Sin compra,0,0.0,0
C0213,2025-02,56.0,7,153548.77,Web,Nuevo,Sin compra,Sin compra,0,0.0,0
C0213,2025-03,56.0,11,84524.66,Aplicacion,Recurrente,Deportes,Aplicacion,2,358000.0,1
C0213,2025-04,56.0,7,96044.78,Aplicacion,Recurrente,Hogar,Aplicacion,1,250000.0,1
C0213,2025-05,56.0,5,11944.34,Aplicacion,Recurrente,Electronica,Aplicacion,2,261000.0,1
C0213,2025-06,56.0,9,107935.11,Ambos,Recurrente,Hogar,Aplicacion,2,549000.0,1
C0213,2025-07,56.0,8,58811.08,Web,Recurrente,Hogar,Web,1,337000.0,1
C0213,2025-08,56.0,9,110470.98,Aplicacion,Recurrente,Electronica,Aplicacion,3,952000.0,1
C0213,2025-09,56.0,9,129370.87,Web,Recurrente,Hogar,Web,2,613000.0,1
C0213,2025-10,56.0,13,157012.71,Web,Recurrente,Sin compra,Sin compra,0,0.0,0
C0213,2025-11,56.0,10,92802.54,Web,Recurrente,Deportes,Web,1,353000.0,1
C0213,2025-12,56.0,10,85086.43,Ambos,Recurrente,Belleza,Aplicacion,3,260000.0,1
C0214,2025-01,63.0,10,118612.98,Aplicacion,Recurrente,Belleza,Aplicacion,3,378000.0,1
C0214,2025-02,63.0,7,62941.71,Ambos,Recurrente,Sin compra,Sin compra,0,0.0,0
C0214,2025-03,63.0,17,165637.65,Ambos,Recurrente,Sin compra,Sin compra,0,0.0,0
C0214,2025-04,63.0,6,40758.65,Web,Recurrente,Sin compra,Sin compra,0,0.0,0
C0214,2025-05,63.0,3,89939.48,Web,Recurrente,Sin compra,Sin compra,0,0.0,0
C0214,2025-06,63.0,15,116958.21,Ambos,Recurrente,Ropa,Web,4,365000.0,1
C0214,2025-07,63.0,13,105163.14,Ambos,Recurrente,Sin compra,Sin compra,0,0.0,0
C0214,2025-08,63.0,14,108543.57,Aplicacion,Recurrente,Sin compra,Sin compra,0,0.0,0
C0214,2025-09,63.0,13,71724.25,Aplicacion,Recurrente,Ropa,Aplicacion,1,408000.0,1
C0214,2025-10,63.0,9,79643.84,Web,Recurrente,Ropa,Web,2,181000.0,1
C0214,2025-11,63.0,7,110482.7,Web,Recurrente,Electronica,Web,3,894000.0,1
C0214,2025-12,63.0,10,113799.72,Aplicacion,Recurrente,Deportes,Aplicacion,2,347000.0,1
C0215,2025-01,45.0,7,126645.81,Web,Nuevo,Sin compra,Sin compra,0,0.0,0
C0215,2025-02,45.0,10,88187.06,Web,Nuevo,Sin compra,Sin compra,0,0.0,0
C0215,2025-03,45.0,9,94905.62,Aplicacion,Recurrente,Deportes,Aplicacion,3,315000.0,1
C0215,2025-04,45.0,11,124862.05,Aplicacion,Recurrente,Hogar,Aplicacion,1,538000.0,1
C0215,2025-05,45.0,6,74663.06,Web,Recurrente,Sin compra,Sin compra,0,0.0,0
C0215,2025-06,45.0,22,176384.41,Ambos,Recurrente,Belleza,Web,2,570000.0,1
C0215,2025-07,45.0,6,57676.31,Web,Recurrente,Sin compra,Sin compra,0,0.0,0
C0215,2025-08,45.0,9,148454.45,Web,Recurrente,Sin compra,Sin compra,0,0.0,0
C0215,2025-09,45.0,8,150743.05,Ambos,Recurrente,Ropa,Web,1,594000.0,1
C0215,2025-10,45.0,9,138441.16,Aplicacion,Recurrente,Deportes,Aplicacion,1,461000.0,1
C0215,2025-11,45.0,9,112390.45,Web,Recurrente,Sin compra,Sin compra,0,0.0,0
C0215,2025-12,45.0,6,25354.62,Aplicacion,Recurrente,Belleza,Aplicacion,2,123000.0,1
C0216,2025-01,68.0,3,111066.98,Web,Recurrente,Ropa,Web,2,357000.0,1
C0216,2025-02,,10,72014.8,Web,Recurrente,Deportes,Web,1,370000.0,1
C0216,2025-03,68.0,9,111389.43,Web,Recurrente,Belleza,Web,1,312000.0,1
C0216,2025-04,68.0,15,160810.02,Aplicacion,Recurrente,Ropa,Aplicacion,1,503000.0,1
C0216,2025-05,68.0,5,139685.22,Web,Recurrente,Hogar,Web,1,431000.0,1
C0216,2025-06,68.0,5,73924.92,Web,Recurrente,Sin compra,Sin compra,0,0.0,0
C0216,2025-07,68.0,2,99867.36,Aplicacion,Recurrente,Sin compra,Sin compra,0,0.0,0
C0216,2025-08,68.0,8,86652.04,Aplicacion,Recurrente,Hogar,Aplicacion,1,308000.0,1
C0216,2025-09,68.0,12,144284.86,Aplicacion,Recurrente,Hogar,Aplicacion,1,414000.0,1
C0216,2025-10,68.0,16,108446.8,Ambos,Recurrente,Sin compra,Sin compra,0,0.0,0
C0216,2025-11,68.0,12,94927.42,Aplicacion,Recurrente,Deportes,Aplicacion,1,341000.0,1
C0216,2025-12,68.0,6,69606.68,Web,Recurrente,Hogar,Web,3,301000.0,1
C0217,2025-01,37.0,8,54102.08,Aplicacion,Nuevo,Sin compra,Sin compra,0,0.0,0
C0217,2025-02,37.0,9,104818.75,Aplicacion,Recurrente,Deportes,Aplicacion,1,495000.0,1
C0217,2025-03,37.0,8,38886.0,Web,Recurrente,Sin compra,Sin compra,0,0.0,0
C0217,2025-04,37.0,11,106962.39,Web,Recurrente,Sin compra,Sin compra,0,0.0,0
C0217,2025-05,37.0,8,124686.5,Aplicacion,Recurrente,Sin compra,Sin compra,0,0.0,0
C0217,2025-06,37.0,8,177069.99,Aplicacion,Recurrente,Sin compra,Sin compra,0,0.0,0
C0217,2025-07,37.0,8,72552.57,Web,Recurrente,Sin compra,Sin compra,0,0.0,0
C0217,2025-08,37.0,8,142870.99,Aplicacion,Recurrente,Sin compra,Sin compra,0,0.0,0
C0217,2025-09,37.0,10,60028.41,Aplicacion,Recurrente,Electronica,Aplicacion,2,613000.0,1
C0217,2025-10,37.0,20,173621.54,Ambos,Recurrente,Deportes,Web,1,552000.0,1
C0217,2025-11,37.0,9,81958.48,Aplicacion,Recurrente,Sin compra,Sin compra,0,0.0,0
C0217,2025-12,37.0,10,128244.9,Aplicacion,Recurrente,Electronica,Aplicacion,1,1301000.0,1
C0218,2025-01,51.0,4,,Web,Nuevo,Sin compra,Sin compra,0,0.0,0
C0218,2025-02,51.0,13,103845.1,Aplicacion,Nuevo,Sin compra,Sin compra,0,0.0,0
C0218,2025-03,51.0,12,104503.19,Aplicacion,Nuevo,Sin compra,Sin compra,0,0.0,0
C0218,2025-04,51.0,10,114786.8,Web,Nuevo,Sin compra,Sin compra,0,0.0,0
C0218,2025-05,51.0,12,148341.97,Ambos,Recurrente,Deportes,Web,2,365000.0,1
C0218,2025-06,51.0,14,77057.49,Ambos,Recurrente,Sin compra,Sin compra,0,0.0,0
C0218,2025-07,51.0,7,47431.27,Aplicacion,Recurrente,Sin compra,Sin compra,0,0.0,0
C0218,2025-08,51.0,4,54657.55,Web,Recurrente,Sin compra,Sin compra,0,0.0,0
C0218,2025-09,51.0,9,71650.6,Aplicacion,Recurrente,Sin compra,Sin compra,0,0.0,0
C0218,2025-10,51.0,8,62843.57,Aplicacion,Recurrente,Belleza,Aplicacion,1,250000.0,1
C0218,2025-11,51.0,7,63735.34,Aplicacion,Recurrente,Sin compra,Sin compra,0,0.0,0
C0218,2025-12,51.0,13,143860.44,Ambos,Recurrente,Belleza,Aplicacion,2,357000.0,1
C0219,2025-01,28.0,8,90460.62,Aplicacion,Nuevo,Sin compra,Sin compra,0,0.0,0
C0219,2025-02,28.0,10,128318.33,Web,Nuevo,Sin compra,Sin compra,0,0.0,0
C0219,2025-03,28.0,17,171640.7,Ambos,Recurrente,Deportes,Web,2,584000.0,1
C0219,2025-04,28.0,17,216537.4,Aplicacion,Recurrente,Hogar,Aplicacion,1,586000.0,1
C0219,2025-05,28.0,7,81267.24,Aplicacion,Recurrente,Sin compra,Sin compra,0,0.0,0
C0219,2025-06,28.0,5,63814.91,Web,Recurrente,Belleza,Web,1,162000.0,1
C0219,2025-07,28.0,10,126403.02,Aplicacion,Recurrente,Sin compra,Sin compra,0,0.0,0
C0219,2025-08,28.0,5,81519.03,Web,Recurrente,Electronica,Web,1,576000.0,1
C0219,2025-09,28.0,13,126509.71,Aplicacion,Recurrente,Hogar,Aplicacion,2,674000.0,1
C0219,2025-10,28.0,12,92880.19,Ambos,Recurrente,Hogar,Aplicacion,2,399000.0,1
C0219,2025-11,28.0,11,151912.07,Web,Recurrente,Hogar,Web,1,646000.0,1
C0219,2025-12,28.0,9,153635.63,Aplicacion,Recurrente,Electronica,Aplicacion,1,1056000.0,1
C0220,2025-01,26.0,4,44429.83,Web,Nuevo,Sin compra,Sin compra,0,0.0,0
C0220,2025-02,26.0,7,146760.03,Aplicacion,Nuevo,Sin compra,Sin compra,0,0.0,0
C0220,2025-03,26.0,7,141612.32,Aplicacion,Recurrente,Belleza,Aplicacion,1,424000.0,1
C0220,2025-04,26.0,9,142983.91,Web,Recurrente,Sin compra,Sin compra,0,0.0,0
C0220,2025-05,26.0,6,83190.35,Web,Recurrente,Sin compra,Sin compra,0,0.0,0
C0220,2025-06,26.0,7,110290.72,Aplicacion,Recurrente,Sin compra,Sin compra,0,0.0,0
C0220,2025-07,26.0,10,100998.72,Web,Recurrente,Sin compra,Sin compra,0,0.0,0
C0220,2025-08,26.0,6,77777.92,Aplicacion,Recurrente,Electronica,Aplicacion,2,541000.0,1
C0220,2025-09,26.0,5,98963.38,Aplicacion,Recurrente,Sin compra,Sin compra,0,0.0,0
C0220,2025-10,26.0,12,111931.24,Aplicacion,Recurrente,Sin compra,Sin compra,0,0.0,0
C0220,2025-11,26.0,8,61456.43,Web,Recurrente,Sin compra,Sin compra,0,0.0,0
C0220,2025-12,26.0,6,,Web,Recurrente,Sin compra,Sin compra,0,0.0,0
C0221,2025-01,32.0,7,42727.68,Aplicacion,Nuevo,Sin compra,Sin compra,0,0.0,0
C0221,2025-02,32.0,7,,Aplicacion,Nuevo,Sin compra,Sin compra,0,0.0,0
C0221,2025-03,32.0,8,22159.63,Web,Recurrente,Hogar,Web,4,130000.0,1
C0221,2025-04,32.0,5,69342.12,Web,Recurrente,Sin compra,Sin compra,0,0.0,0
C0221,2025-05,32.0,6,137613.48,Web,Recurrente,Sin compra,Sin compra,0,0.0,0
C0221,2025-06,32.0,9,77601.41,Web,Recurrente,Deportes,Web,3,280000.0,1
C0221,2025-07,32.0,8,130407.33,Web,Recurrente,Sin compra,Sin compra,0,0.0,0
C0221,2025-08,32.0,11,134125.3,Web,Recurrente,Electronica,Web,3,1235000.0,1
C0221,2025-09,32.0,7,64616.6,Web,Recurrente,Sin compra,Sin compra,0,0.0,0
C0221,2025-10,32.0,4,97946.97,Web,Recurrente,Electronica,Web,1,782000.0,1
C0221,2025-11,32.0,7,153344.29,Ambos,Recurrente,Electronica,Web,2,958000.0,1
C0221,2025-12,32.0,7,77143.97,Web,Recurrente,Ropa,Web,1,265000.0,1
C0222,2025-01,65.0,1,92390.57,Web,Nuevo,Sin compra,Sin compra,0,0.0,0
C0222,2025-02,65.0,12,158934.44,Aplicacion,Nuevo,Sin compra,Sin compra,0,0.0,0
C0222,2025-03,65.0,4,30489.47,Web,Nuevo,Sin compra,Sin compra,0,0.0,0
C0222,2025-04,65.0,5,73228.26,Aplicacion,Nuevo,Sin compra,Sin compra,0,0.0,0
C0222,2025-05,65.0,15,76122.6,Ambos,Nuevo,Sin compra,Sin compra,0,0.0,0
C0222,2025-06,65.0,8,102089.92,Ambos,Recurrente,Ropa,Web,4,291000.0,1
C0222,2025-07,65.0,5,71976.22,Web,Recurrente,Sin compra,Sin compra,0,0.0,0
C0222,2025-08,65.0,11,86984.22,Web,Recurrente,Belleza,Web,1,334000.0,1
C0222,2025-09,65.0,8,101683.31,Web,Recurrente,Sin compra,Sin compra,0,0.0,0
C0222,2025-10,65.0,9,99375.47,Aplicacion,Recurrente,Sin compra,Sin compra,0,0.0,0
C0222,2025-11,65.0,13,136302.82,Web,Recurrente,Hogar,Web,1,533000.0,1
C0222,2025-12,65.0,8,88343.12,Web,Recurrente,Sin compra,Sin compra,0,0.0,0
C0223,2025-01,43.0,18,195418.69,Ambos,Recurrente,Hogar,Aplicacion,1,740000.0,1
C0223,2025-02,43.0,20,179783.04,Aplicacion,Recurrente,Hogar,Aplicacion,1,767000.0,1
C0223,2025-03,43.0,15,118207.37,Aplicacion,Recurrente,Ropa,Aplicacion,1,467000.0,1
C0223,2025-04,43.0,7,134098.59,Web,Recurrente,Deportes,Web,4,598000.0,1
C0223,2025-05,43.0,11,100040.84,Aplicacion,Recurrente,Hogar,Aplicacion,1,338000.0,1
C0223,2025-06,43.0,5,82173.41,Web,Recurrente,Ropa,Web,1,323000.0,1
C0223,2025-07,43.0,8,160781.36,Web,Recurrente,Belleza,Web,1,461000.0,1
C0223,2025-08,43.0,12,106978.48,Ambos,Recurrente,Belleza,Web,1,428000.0,1
C0223,2025-09,43.0,17,144833.52,Ambos,Recurrente,Electronica,Web,2,1051000.0,1
C0223,2025-10,43.0,10,174030.63,Web,Recurrente,Belleza,Web,1,377000.0,1
C0223,2025-11,43.0,8,65891.45,Aplicacion,Recurrente,Ropa,Aplicacion,2,230000.0,1
C0223,2025-12,43.0,7,100630.74,Aplicacion,Recurrente,Belleza,Aplicacion,2,284000.0,1
C0224,2025-01,64.0,4,21983.89,Aplicacion,Nuevo,Sin compra,Sin compra,0,0.0,0
C0224,2025-02,64.0,10,90366.8,Web,Nuevo,Sin compra,Sin compra,0,0.0,0
C0224,2025-03,64.0,5,68578.52,Web,Nuevo,Sin compra,Sin compra,0,0.0,0
C0224,2025-04,64.0,5,71006.55,Web,Nuevo,Sin compra,Sin compra,0,0.0,0
C0224,2025-05,64.0,14,101032.38,Ambos,Nuevo,Sin compra,Sin compra,0,0.0,0
C0224,2025-06,64.0,10,119487.57,Aplicacion,Nuevo,Sin compra,Sin compra,0,0.0,0
C0224,2025-07,64.0,5,76442.18,Aplicacion,Nuevo,Sin compra,Sin compra,0,0.0,0
C0224,2025-08,64.0,12,131264.97,Aplicacion,Recurrente,Deportes,Aplicacion,1,378000.0,1
C0224,2025-09,64.0,14,99383.28,Aplicacion,Recurrente,Sin compra,Sin compra,0,0.0,0
C0224,2025-10,64.0,7,79201.54,Web,Recurrente,Electronica,Web,1,605000.0,1
C0224,2025-11,64.0,11,119614.42,Web,Recurrente,Sin compra,Sin compra,0,0.0,0
C0224,2025-12,64.0,13,122606.29,Ambos,Recurrente,Sin compra,Sin compra,0,0.0,0
C0225,2025-01,44.0,7,108425.76,Web,Nuevo,Sin compra,Sin compra,0,0.0,0
C0225,2025-02,44.0,9,135529.21,Aplicacion,Recurrente,Hogar,Aplicacion,3,610000.0,1
C0225,2025-03,44.0,9,137728.96,Aplicacion,Recurrente,Electronica,Aplicacion,1,970000.0,1
C0225,2025-04,44.0,11,148220.75,Aplicacion,Recurrente,Ropa,Aplicacion,2,552000.0,1
C0225,2025-05,44.0,2,81944.67,Aplicacion,Recurrente,Sin compra,Sin compra,0,0.0,0
C0225,2025-06,44.0,6,95172.6,Web,Recurrente,Belleza,Web,1,396000.0,1
C0225,2025-07,44.0,5,127002.15,Web,Recurrente,Sin compra,Sin compra,0,0.0,0
C0225,2025-08,44.0,8,69834.21,Aplicacion,Recurrente,Electronica,Aplicacion,1,737000.0,1
C0225,2025-09,44.0,9,45863.02,Aplicacion,Recurrente,Electronica,Aplicacion,1,509000.0,1
C0225,2025-10,44.0,7,117889.15,Aplicacion,Recurrente,Electronica,Aplicacion,1,1068000.0,1
C0225,2025-11,44.0,8,106733.57,Aplicacion,Recurrente,Deportes,Aplicacion,1,349000.0,1
C0225,2025-12,44.0,6,58723.2,Web,Recurrente,Belleza,Web,1,163000.0,1
C0226,2025-01,43.0,11,69915.42,Aplicacion,Recurrente,Ropa,Aplicacion,2,204000.0,1
C0226,2025-02,43.0,9,89038.35,Aplicacion,Recurrente,Sin compra,Sin compra,0,0.0,0
C0226,2025-03,43.0,8,110057.92,Aplicacion,Recurrente,Sin compra,Sin compra,0,0.0,0
C0226,2025-04,43.0,9,136992.32,Aplicacion,Recurrente,Ropa,Aplicacion,2,534000.0,1
C0226,2025-05,43.0,12,135727.55,Ambos,Recurrente,Deportes,Web,1,623000.0,1
C0226,2025-06,43.0,0,55300.8,Web,Recurrente,Electronica,Web,4,408000.0,1
C0226,2025-07,43.0,7,78504.98,Web,Recurrente,Electronica,Web,2,650000.0,1
C0226,2025-08,43.0,9,56024.26,Web,Recurrente,Electronica,Web,1,337000.0,1
C0226,2025-09,43.0,8,105228.69,Ambos,Recurrente,Electronica,Aplicacion,1,947000.0,1
C0226,2025-10,43.0,10,114236.32,Aplicacion,Recurrente,Hogar,Aplicacion,1,420000.0,1
C0226,2025-11,43.0,9,114259.21,Ambos,Recurrente,Belleza,Web,2,253000.0,1
C0226,2025-12,43.0,5,85691.78,Web,Recurrente,Deportes,Web,2,336000.0,1
C0227,2025-01,,10,166033.07,Web,Nuevo,Sin compra,Sin compra,0,0.0,0
C0227,2025-02,68.0,7,113692.07,Web,Nuevo,Sin compra,Sin compra,0,0.0,0
C0227,2025-03,68.0,15,121266.64,Aplicacion,Nuevo,Sin compra,Sin compra,0,0.0,0
C0227,2025-04,68.0,13,138838.3,Aplicacion,Nuevo,Sin compra,Sin compra,0,0.0,0
C0227,2025-05,68.0,6,74081.81,Aplicacion,Recurrente,Belleza,Aplicacion,2,280000.0,1
C0227,2025-06,,12,128333.69,Aplicacion,Recurrente,Sin compra,Sin compra,0,0.0,0
C0227,2025-07,68.0,6,139853.58,Web,Recurrente,Belleza,Web,2,490000.0,1
C0227,2025-08,68.0,6,107173.38,Aplicacion,Recurrente,Sin compra,Sin compra,0,0.0,0
C0227,2025-09,68.0,10,68937.49,Web,Recurrente,Belleza,Web,1,247000.0,1
C0227,2025-10,68.0,9,108708.55,Aplicacion,Recurrente,Deportes,Aplicacion,1,408000.0,1
C0227,2025-11,68.0,5,99974.07,Web,Recurrente,Sin compra,Sin compra,0,0.0,0
C0227,2025-12,68.0,7,,Aplicacion,Recurrente,Sin compra,Sin compra,0,0.0,0
C0228,2025-01,52.0,8,37736.53,Web,Recurrente,Belleza,Web,1,139000.0,1
C0228,2025-02,52.0,13,151002.89,Aplicacion,Recurrente,Sin compra,Sin compra,0,0.0,0
C0228,2025-03,52.0,16,174310.54,Ambos,Recurrente,Sin compra,Sin compra,0,0.0,0
C0228,2025-04,52.0,9,44751.74,Ambos,Recurrente,Ropa,Aplicacion,3,259000.0,1
C0228,2025-05,52.0,11,129687.79,Web,Recurrente,Sin compra,Sin compra,0,0.0,0
C0228,2025-06,52.0,11,94733.82,Aplicacion,Recurrente,Deportes,Aplicacion,1,336000.0,1
C0228,2025-07,52.0,10,167648.82,Aplicacion,Recurrente,Belleza,Aplicacion,1,645000.0,1
C0228,2025-08,52.0,5,78688.06,Aplicacion,Recurrente,Deportes,Aplicacion,1,318000.0,1
C0228,2025-09,52.0,8,91600.16,Aplicacion,Recurrente,Belleza,Aplicacion,1,290000.0,1
C0228,2025-10,52.0,11,108635.78,Web,Recurrente,Electronica,Web,1,1132000.0,1
C0228,2025-11,52.0,6,121571.3,Web,Recurrente,Electronica,Web,2,800000.0,1
C0228,2025-12,52.0,7,127498.06,Web,Recurrente,Hogar,Web,3,490000.0,1
C0229,2025-01,57.0,17,149835.26,Ambos,Nuevo,Sin compra,Sin compra,0,0.0,0
C0229,2025-02,57.0,16,96119.4,Aplicacion,Nuevo,Sin compra,Sin compra,0,0.0,0
C0229,2025-03,57.0,10,89433.38,Web,Nuevo,Sin compra,Sin compra,0,0.0,0
C0229,2025-04,57.0,6,76476.93,Web,Nuevo,Sin compra,Sin compra,0,0.0,0
C0229,2025-05,57.0,7,120775.12,Aplicacion,Nuevo,Sin compra,Sin compra,0,0.0,0
C0229,2025-06,57.0,10,97003.43,Web,Nuevo,Sin compra,Sin compra,0,0.0,0
C0229,2025-07,57.0,7,131087.84,Web,Nuevo,Sin compra,Sin compra,0,0.0,0
C0229,2025-08,57.0,7,92537.05,Aplicacion,Recurrente,Deportes,Aplicacion,1,345000.0,1
C0229,2025-09,57.0,11,107899.5,Web,Recurrente,Deportes,Web,4,388000.0,1
C0229,2025-10,57.0,7,66355.9,Web,Recurrente,Electronica,Web,1,596000.0,1
C0229,2025-11,57.0,13,,Ambos,Recurrente,Sin compra,Sin compra,0,0.0,0
C0229,2025-12,57.0,6,79112.71,Aplicacion,Recurrente,Sin compra,Sin compra,0,0.0,0
C0230,2025-01,67.0,9,148490.26,Aplicacion,Recurrente,Ropa,Aplicacion,2,550000.0,1
C0230,2025-02,67.0,8,123317.15,Aplicacion,Recurrente,Hogar,Aplicacion,1,418000.0,1
C0230,2025-03,67.0,8,84061.52,Web,Recurrente,Deportes,Web,4,287000.0,1
C0230,2025-04,67.0,18,132935.9,Ambos,Recurrente,Ropa,Aplicacion,2,458000.0,1
C0230,2025-05,67.0,17,79434.08,Aplicacion,Recurrente,Belleza,Aplicacion,2,278000.0,1
C0230,2025-06,67.0,12,103598.27,Ambos,Recurrente,Ropa,Aplicacion,2,306000.0,1
C0230,2025-07,67.0,7,111749.8,Web,Recurrente,Hogar,Web,2,432000.0,1
C0230,2025-08,67.0,2,127707.56,Web,Recurrente,Belleza,Web,1,265000.0,1
C0230,2025-09,67.0,10,63530.7,Web,Recurrente,Hogar,Web,2,274000.0,1
C0230,2025-10,67.0,5,106682.72,Aplicacion,Recurrente,Hogar,Aplicacion,3,349000.0,1
C0230,2025-11,67.0,12,153143.06,Ambos,Recurrente,Deportes,Aplicacion,3,542000.0,1
C0230,2025-12,67.0,5,59462.81,Web,Recurrente,Electronica,Web,1,553000.0,1
C0231,2025-01,39.0,5,96606.68,Web,Recurrente,Belleza,Web,2,316000.0,1
C0231,2025-02,39.0,8,60599.64,Aplicacion,Recurrente,Electronica,Aplicacion,1,541000.0,1
C0231,2025-03,39.0,7,89839.59,Web,Recurrente,Electronica,Web,2,921000.0,1
C0231,2025-04,39.0,19,168564.11,Ambos,Recurrente,Ropa,Web,1,514000.0,1
C0231,2025-05,39.0,19,148196.76,Ambos,Recurrente,Belleza,Web,2,386000.0,1
C0231,2025-06,39.0,18,137987.83,Ambos,Recurrente,Electronica,Web,1,1068000.0,1
C0231,2025-07,39.0,7,46604.6,Web,Recurrente,Ropa,Web,2,220000.0,1
C0231,2025-08,39.0,10,124274.11,Ambos,Recurrente,Deportes,Web,2,616000.0,1
C0231,2025-09,39.0,4,150554.76,Web,Recurrente,Electronica,Web,1,1589000.0,1
C0231,2025-10,39.0,10,144321.17,Web,Recurrente,Ropa,Web,1,502000.0,1
C0231,2025-11,39.0,3,97718.32,Web,Recurrente,Ropa,Web,1,392000.0,1
C0231,2025-12,39.0,11,123374.0,Aplicacion,Recurrente,Electronica,Aplicacion,2,1322000.0,1
C0232,2025-01,23.0,4,117138.66,Web,Nuevo,Sin compra,Sin compra,0,0.0,0
C0232,2025-02,23.0,6,60785.08,Aplicacion,Nuevo,Sin compra,Sin compra,0,0.0,0
C0232,2025-03,23.0,12,134309.75,Ambos,Nuevo,Sin compra,Sin compra,0,0.0,0
C0232,2025-04,23.0,12,159096.25,Web,Nuevo,Sin compra,Sin compra,0,0.0,0
C0232,2025-05,23.0,11,83559.11,Aplicacion,Nuevo,Sin compra,Sin compra,0,0.0,0
C0232,2025-06,23.0,6,123854.42,Aplicacion,Nuevo,Sin compra,Sin compra,0,0.0,0
C0232,2025-07,23.0,7,83488.38,Aplicacion,Nuevo,Sin compra,Sin compra,0,0.0,0
C0232,2025-08,23.0,7,109221.2,Aplicacion,Nuevo,Sin compra,Sin compra,0,0.0,0
C0232,2025-09,23.0,10,109197.76,Web,Nuevo,Sin compra,Sin compra,0,0.0,0
C0232,2025-10,23.0,11,106100.0,Ambos,Nuevo,Sin compra,Sin compra,0,0.0,0
C0232,2025-11,23.0,8,62388.74,Aplicacion,Nuevo,Sin compra,Sin compra,0,0.0,0
C0232,2025-12,23.0,18,125494.03,Ambos,Nuevo,Sin compra,Sin compra,0,0.0,0
C0233,2025-01,20.0,15,135880.33,Ambos,Nuevo,Sin compra,Sin compra,0,0.0,0
C0233,2025-02,20.0,8,142703.81,Aplicacion,Nuevo,Sin compra,Sin compra,0,0.0,0
C0233,2025-03,20.0,8,77185.58,Aplicacion,Recurrente,Electronica,Aplicacion,2,591000.0,1
C0233,2025-04,20.0,8,105302.6,Web,Recurrente,Sin compra,Sin compra,0,0.0,0
C0233,2025-05,,11,61511.03,Ambos,Recurrente,Deportes,Web,1,353000.0,1
C0233,2025-06,20.0,5,,Web,Recurrente,Sin compra,Sin compra,0,0.0,0
C0233,2025-07,20.0,8,110750.88,Web,Recurrente,Belleza,Web,2,383000.0,1
C0233,2025-08,20.0,6,134547.45,Web,Recurrente,Sin compra,Sin compra,0,0.0,0
C0233,2025-09,20.0,5,45259.9,Web,Recurrente,Sin compra,Sin compra,0,0.0,0
C0233,2025-10,20.0,12,164971.69,Web,Recurrente,Ropa,Web,2,522000.0,1
C0233,2025-11,20.0,5,54034.27,Web,Recurrente,Sin compra,Sin compra,0,0.0,0
C0233,2025-12,20.0,8,80219.88,Web,Recurrente,Sin compra,Sin compra,0,0.0,0
C0234,2025-01,43.0,10,139984.15,Aplicacion,Nuevo,Sin compra,Sin compra,0,0.0,0
C0234,2025-02,43.0,8,114846.1,Web,Nuevo,Sin compra,Sin compra,0,0.0,0
C0234,2025-03,43.0,5,26102.92,Aplicacion,Nuevo,Sin compra,Sin compra,0,0.0,0
C0234,2025-04,43.0,6,72097.89,Web,Nuevo,Sin compra,Sin compra,0,0.0,0
C0234,2025-05,,17,127583.86,Ambos,Recurrente,Electronica,Aplicacion,2,1174000.0,1
C0234,2025-06,43.0,24,170492.72,Ambos,Recurrente,Hogar,Aplicacion,2,755000.0,1
C0234,2025-07,43.0,16,119528.45,Ambos,Recurrente,Belleza,Aplicacion,4,276000.0,1
C0234,2025-08,43.0,3,78864.74,Aplicacion,Recurrente,Ropa,Aplicacion,3,268000.0,1
C0234,2025-09,43.0,14,179910.44,Ambos,Recurrente,Deportes,Web,3,640000.0,1
C0234,2025-10,43.0,10,70874.7,Aplicacion,Recurrente,Hogar,Aplicacion,2,263000.0,1
C0234,2025-11,43.0,20,181902.23,Ambos,Recurrente,Ropa,Aplicacion,2,635000.0,1
C0234,2025-12,43.0,8,59442.26,Aplicacion,Recurrente,Electronica,Aplicacion,1,499000.0,1
C0235,2025-01,18.0,11,93458.27,Aplicacion,Nuevo,Sin compra,Sin compra,0,0.0,0
C0235,2025-02,18.0,9,,Web,Recurrente,Deportes,Web,1,325000.0,1
C0235,2025-03,18.0,9,111250.85,Web,Recurrente,Sin compra,Sin compra,0,0.0,0
C0235,2025-04,18.0,8,24981.65,Web,Recurrente,Sin compra,Sin compra,0,0.0,0
C0235,2025-05,18.0,10,149932.7,Ambos,Recurrente,Sin compra,Sin compra,0,0.0,0
C0235,2025-06,18.0,3,82905.45,Aplicacion,Recurrente,Ropa,Aplicacion,2,267000.0,1
C0235,2025-07,18.0,6,139289.86,Web,Recurrente,Hogar,Web,1,329000.0,1
C0235,2025-08,18.0,8,147113.94,Web,Recurrente,Hogar,Web,2,560000.0,1
C0235,2025-09,18.0,5,93772.45,Web,Recurrente,Hogar,Web,1,381000.0,1
C0235,2025-10,18.0,4,69689.92,Web,Recurrente,Electronica,Web,3,595000.0,1
C0235,2025-11,18.0,3,40139.27,Web,Recurrente,Sin compra,Sin compra,0,0.0,0
C0235,2025-12,18.0,10,85277.96,Aplicacion,Recurrente,Electronica,Aplicacion,1,798000.0,1
C0236,2025-01,23.0,13,84234.85,Aplicacion,Nuevo,Sin compra,Sin compra,0,0.0,0
C0236,2025-02,23.0,15,158452.2,Aplicacion,Recurrente,Belleza,Aplicacion,2,458000.0,1
C0236,2025-03,23.0,5,143449.2,Aplicacion,Recurrente,Sin compra,Sin compra,0,0.0,0
C0236,2025-04,23.0,6,63881.64,Aplicacion,Recurrente,Sin compra,Sin compra,0,0.0,0
C0236,2025-05,23.0,6,52472.33,Web,Recurrente,Electronica,Web,1,424000.0,1
C0236,2025-06,23.0,14,146485.75,Ambos,Recurrente,Belleza,Web,1,330000.0,1
C0236,2025-07,23.0,1,124863.61,Web,Recurrente,Belleza,Web,1,254000.0,1
C0236,2025-08,23.0,5,112632.6,Web,Recurrente,Sin compra,Sin compra,0,0.0,0
C0236,2025-09,23.0,12,117484.07,Ambos,Recurrente,Deportes,Aplicacion,1,367000.0,1
C0236,2025-10,23.0,6,180783.36,Aplicacion,Recurrente,Deportes,Aplicacion,1,687000.0,1
C0236,2025-11,23.0,9,79238.49,Aplicacion,Recurrente,Sin compra,Sin compra,0,0.0,0
C0236,2025-12,23.0,7,99058.81,Web,Recurrente,Sin compra,Sin compra,0,0.0,0
C0237,2025-01,68.0,12,170222.03,Aplicacion,Nuevo,Sin compra,Sin compra,0,0.0,0
C0237,2025-02,68.0,3,72230.55,Web,Nuevo,Sin compra,Sin compra,0,0.0,0
C0237,2025-03,68.0,15,147710.05,Web,Nuevo,Sin compra,Sin compra,0,0.0,0
C0237,2025-04,68.0,7,93083.88,Web,Recurrente,Hogar,Web,2,348000.0,1
C0237,2025-05,68.0,15,116218.12,Ambos,Recurrente,Belleza,Web,3,506000.0,1
C0237,2025-06,68.0,10,107236.83,Aplicacion,Recurrente,Sin compra,Sin compra,0,0.0,0
C0237,2025-07,68.0,8,103552.33,Web,Recurrente,Deportes,Web,2,426000.0,1
C0237,2025-08,68.0,2,116313.37,Web,Recurrente,Deportes,Web,2,308000.0,1
C0237,2025-09,68.0,10,99953.55,Aplicacion,Recurrente,Deportes,Aplicacion,2,326000.0,1
C0237,2025-10,68.0,11,142073.63,Aplicacion,Recurrente,Belleza,Aplicacion,2,355000.0,1
C0237,2025-11,68.0,9,119739.52,Aplicacion,Recurrente,Electronica,Aplicacion,1,691000.0,1
C0237,2025-12,68.0,8,117128.45,Web,Recurrente,Sin compra,Sin compra,0,0.0,0
C0238,2025-01,,11,105201.03,Ambos,Nuevo,Sin compra,Sin compra,0,0.0,0
C0238,2025-02,64.0,5,,Web,Recurrente,Belleza,Web,1,339000.0,1
C0238,2025-03,64.0,4,79038.63,Web,Recurrente,Sin compra,Sin compra,0,0.0,0
C0238,2025-04,64.0,5,113724.93,Aplicacion,Recurrente,Sin compra,Sin compra,0,0.0,0
C0238,2025-05,64.0,7,130018.02,Aplicacion,Recurrente,Sin compra,Sin compra,0,0.0,0
C0238,2025-06,64.0,11,75647.12,Aplicacion,Recurrente,Sin compra,Sin compra,0,0.0,0
C0238,2025-07,64.0,5,30644.91,Web,Recurrente,Belleza,Web,2,152000.0,1
C0238,2025-08,64.0,10,138777.21,Ambos,Recurrente,Sin compra,Sin compra,0,0.0,0
C0238,2025-09,64.0,2,62245.81,Web,Recurrente,Deportes,Web,1,188000.0,1
C0238,2025-10,64.0,17,203127.81,Ambos,Recurrente,Hogar,Web,4,885000.0,1
C0238,2025-11,64.0,7,169190.86,Web,Recurrente,Deportes,Web,4,648000.0,1
C0238,2025-12,64.0,5,90993.26,Aplicacion,Recurrente,Electronica,Aplicacion,1,626000.0,1
C0239,2025-01,49.0,6,99368.16,Web,Nuevo,Sin compra,Sin compra,0,0.0,0
C0239,2025-02,49.0,12,134369.5,Web,Recurrente,Deportes,Web,1,504000.0,1
C0239,2025-03,49.0,7,39794.7,Web,Recurrente,Hogar,Web,1,160000.0,1
C0239,2025-04,49.0,13,99785.41,Ambos,Recurrente,Electronica,Aplicacion,2,837000.0,1
C0239,2025-05,49.0,18,134732.71,Aplicacion,Recurrente,Electronica,Aplicacion,2,1219000.0,1
C0239,2025-06,49.0,6,110585.72,Web,Recurrente,Sin compra,Sin compra,0,0.0,0
C0239,2025-07,49.0,5,79714.42,Aplicacion,Recurrente,Electronica,Aplicacion,1,440000.0,1
C0239,2025-08,49.0,14,187718.4,Aplicacion,Recurrente,Hogar,Aplicacion,1,882000.0,1
C0239,2025-09,49.0,5,75282.03,Web,Recurrente,Ropa,Web,1,187000.0,1
C0239,2025-10,49.0,11,156491.55,Aplicacion,Recurrente,Deportes,Aplicacion,3,540000.0,1
C0239,2025-11,,13,103924.59,Ambos,Recurrente,Electronica,Web,2,784000.0,1
C0239,2025-12,49.0,5,89646.69,Web,Recurrente,Belleza,Web,1,337000.0,1
C0240,2025-01,27.0,13,104468.76,Web,Nuevo,Sin compra,Sin compra,0,0.0,0
C0240,2025-02,27.0,12,172148.29,Aplicacion,Nuevo,Sin compra,Sin compra,0,0.0,0
C0240,2025-03,27.0,14,,Ambos,Recurrente,Ropa,Web,2,321000.0,1
C0240,2025-04,27.0,6,78805.34,Web,Recurrente,Deportes,Web,1,263000.0,1
C0240,2025-05,27.0,7,96021.07,Web,Recurrente,Sin compra,Sin compra,0,0.0,0
C0240,2025-06,27.0,6,39727.27,Web,Recurrente,Hogar,Web,2,347000.0,1
C0240,2025-07,27.0,7,86409.08,Web,Recurrente,Deportes,Web,1,441000.0,1
C0240,2025-08,27.0,5,113740.06,Web,Recurrente,Belleza,Web,1,410000.0,1
C0240,2025-09,27.0,9,137438.09,Web,Recurrente,Electronica,Web,1,900000.0,1
C0240,2025-10,27.0,23,160066.97,Ambos,Recurrente,Ropa,Aplicacion,1,608000.0,1
C0240,2025-11,27.0,7,102690.38,Web,Recurrente,Electronica,Web,2,577000.0,1
C0240,2025-12,27.0,7,73305.97,Aplicacion,Recurrente,Ropa,Aplicacion,1,227000.0,1
C0241,2025-01,22.0,4,83713.51,Web,Recurrente,Ropa,Web,1,305000.0,1
C0241,2025-02,22.0,4,83559.94,Aplicacion,Recurrente,Sin compra,Sin compra,0,0.0,0
C0241,2025-03,22.0,13,110489.52,Ambos,Recurrente,Ropa,Aplicacion,1,456000.0,1
C0241,2025-04,22.0,16,93787.19,Aplicacion,Recurrente,Hogar,Aplicacion,1,371000.0,1
C0241,2025-05,22.0,9,62994.99,Web,Recurrente,Belleza,Web,4,269000.0,1
C0241,2025-06,22.0,6,168090.23,Aplicacion,Recurrente,Deportes,Aplicacion,2,639000.0,1
C0241,2025-07,22.0,11,82430.26,Web,Recurrente,Hogar,Web,2,280000.0,1
C0241,2025-08,22.0,4,82890.54,Web,Recurrente,Ropa,Web,2,291000.0,1
C0241,2025-09,22.0,6,29423.57,Web,Recurrente,Belleza,Web,2,134000.0,1
C0241,2025-10,22.0,6,109785.9,Aplicacion,Recurrente,Hogar,Aplicacion,1,524000.0,1
C0241,2025-11,22.0,12,139741.96,Ambos,Recurrente,Belleza,Web,1,345000.0,1
C0241,2025-12,22.0,9,137304.03,Web,Recurrente,Ropa,Web,2,486000.0,1
C0242,2025-01,38.0,15,170024.3,Ambos,Recurrente,Deportes,Aplicacion,2,569000.0,1
C0242,2025-02,38.0,16,151163.51,Ambos,Recurrente,Sin compra,Sin compra,0,0.0,0
C0242,2025-03,38.0,16,169282.35,Ambos,Recurrente,Deportes,Aplicacion,1,879000.0,1
C0242,2025-04,38.0,9,145184.35,Web,Recurrente,Ropa,Web,2,297000.0,1
C0242,2025-05,38.0,14,118032.75,Aplicacion,Recurrente,Belleza,Aplicacion,2,548000.0,1
C0242,2025-06,38.0,14,113856.88,Ambos,Recurrente,Electronica,Aplicacion,1,899000.0,1
C0242,2025-07,38.0,3,93734.26,Web,Recurrente,Belleza,Web,2,318000.0,1
C0242,2025-08,38.0,7,,Web,Recurrente,Hogar,Web,1,289000.0,1
C0242,2025-09,38.0,8,,Aplicacion,Recurrente,Ropa,Aplicacion,1,274000.0,1
C0242,2025-10,38.0,7,71194.44,Web,Recurrente,Electronica,Web,1,569000.0,1
C0242,2025-11,,5,123213.0,Web,Recurrente,Hogar,Web,4,436000.0,1
C0242,2025-12,38.0,9,95452.3,Ambos,Recurrente,Hogar,Web,2,226000.0,1
C0243,2025-01,49.0,12,100724.45,Web,Recurrente,Electronica,Web,1,728000.0,1
C0243,2025-02,49.0,16,120245.29,Ambos,Recurrente,Electronica,Web,2,904000.0,1
C0243,2025-03,49.0,7,128586.99,Web,Recurrente,Sin compra,Sin compra,0,0.0,0
C0243,2025-04,49.0,11,199999.07,Aplicacion,Recurrente,Belleza,Aplicacion,2,567000.0,1
C0243,2025-05,49.0,16,160457.11,Ambos,Recurrente,Hogar,Web,2,674000.0,1
C0243,2025-06,49.0,12,77636.77,Ambos,Recurrente,Hogar,Web,1,348000.0,1
C0243,2025-07,49.0,4,76727.91,Web,Recurrente,Deportes,Web,1,259000.0,1
C0243,2025-08,49.0,13,155894.71,Aplicacion,Recurrente,Ropa,Aplicacion,1,399000.0,1
C0243,2025-09,49.0,10,,Aplicacion,Recurrente,Ropa,Aplicacion,2,263000.0,1
C0243,2025-10,49.0,6,72092.77,Web,Recurrente,Belleza,Web,2,247000.0,1
C0243,2025-11,49.0,8,116118.03,Web,Recurrente,Hogar,Web,3,562000.0,1
C0243,2025-12,49.0,10,,Web,Recurrente,Belleza,Web,3,343000.0,1
C0244,2025-01,29.0,9,133469.85,Web,Nuevo,Sin compra,Sin compra,0,0.0,0
C0244,2025-02,29.0,10,122609.95,Aplicacion,Recurrente,Electronica,Aplicacion,2,1132000.0,1
C0244,2025-03,29.0,8,72707.08,Aplicacion,Recurrente,Sin compra,Sin compra,0,0.0,0
C0244,2025-04,29.0,8,108886.04,Web,Recurrente,Sin compra,Sin compra,0,0.0,0
C0244,2025-05,29.0,6,73990.69,Web,Recurrente,Sin compra,Sin compra,0,0.0,0
C0244,2025-06,29.0,9,118751.15,Aplicacion,Recurrente,Ropa,Aplicacion,2,314000.0,1
C0244,2025-07,29.0,4,60010.1,Web,Recurrente,Sin compra,Sin compra,0,0.0,0
C0244,2025-08,29.0,12,141129.18,Ambos,Recurrente,Electronica,Aplicacion,3,1293000.0,1
C0244,2025-09,29.0,8,117360.41,Web,Recurrente,Belleza,Web,1,350000.0,1
C0244,2025-10,29.0,4,111444.87,Web,Recurrente,Electronica,Web,2,833000.0,1
C0244,2025-11,29.0,15,94187.98,Ambos,Recurrente,Hogar,Aplicacion,2,445000.0,1
C0244,2025-12,29.0,6,69450.89,Web,Recurrente,Deportes,Web,2,305000.0,1
C0245,2025-01,62.0,6,,Aplicacion,Nuevo,Sin compra,Sin compra,0,0.0,0
C0245,2025-02,62.0,10,115225.78,Aplicacion,Nuevo,Sin compra,Sin compra,0,0.0,0
C0245,2025-03,62.0,6,133722.87,Aplicacion,Nuevo,Sin compra,Sin compra,0,0.0,0
C0245,2025-04,62.0,20,190198.79,Ambos,Nuevo,Sin compra,Sin compra,0,0.0,0
C0245,2025-05,62.0,6,74563.78,Web,Nuevo,Sin compra,Sin compra,0,0.0,0
C0245,2025-06,62.0,4,84625.99,Web,Nuevo,Sin compra,Sin compra,0,0.0,0
C0245,2025-07,62.0,14,149661.1,Ambos,Nuevo,Sin compra,Sin compra,0,0.0,0
C0245,2025-08,62.0,12,125056.96,Web,Nuevo,Sin compra,Sin compra,0,0.0,0
C0245,2025-09,62.0,9,108404.88,Web,Recurrente,Deportes,Web,2,406000.0,1
C0245,2025-10,62.0,15,67097.33,Ambos,Recurrente,Sin compra,Sin compra,0,0.0,0
C0245,2025-11,62.0,4,130496.24,Web,Recurrente,Ropa,Web,3,436000.0,1
C0245,2025-12,62.0,13,132799.96,Aplicacion,Recurrente,Deportes,Aplicacion,1,503000.0,1
C0246,2025-01,24.0,6,82011.24,Web,Nuevo,Sin compra,Sin compra,0,0.0,0
C0246,2025-02,24.0,5,127743.3,Web,Recurrente,Deportes,Web,1,366000.0,1
C0246,2025-03,24.0,5,92662.31,Aplicacion,Recurrente,Sin compra,Sin compra,0,0.0,0
C0246,2025-04,24.0,9,91501.44,Web,Recurrente,Sin compra,Sin compra,0,0.0,0
C0246,2025-05,24.0,17,140370.31,Ambos,Recurrente,Deportes,Aplicacion,1,481000.0,1
C0246,2025-06,24.0,9,144642.13,Aplicacion,Recurrente,Electronica,Aplicacion,2,1074000.0,1
C0246,2025-07,24.0,8,88936.75,Aplicacion,Recurrente,Sin compra,Sin compra,0,0.0,0
C0246,2025-08,24.0,7,107909.16,Web,Recurrente,Hogar,Web,1,543000.0,1
C0246,2025-09,24.0,7,121740.64,Web,Recurrente,Electronica,Web,2,720000.0,1
C0246,2025-10,24.0,11,99913.4,Aplicacion,Recurrente,Electronica,Aplicacion,2,831000.0,1
C0246,2025-11,24.0,4,139233.9,Web,Recurrente,Ropa,Web,4,520000.0,1
C0246,2025-12,24.0,14,161374.29,Aplicacion,Recurrente,Electronica,Aplicacion,1,1403000.0,1
C0247,2025-01,69.0,9,85584.83,Aplicacion,Recurrente,Ropa,Aplicacion,2,254000.0,1
C0247,2025-02,69.0,9,108346.63,Aplicacion,Recurrente,Belleza,Aplicacion,2,270000.0,1
C0247,2025-03,69.0,6,117701.79,Aplicacion,Recurrente,Belleza,Aplicacion,1,322000.0,1
C0247,2025-04,69.0,20,126193.23,Ambos,Recurrente,Ropa,Web,1,489000.0,1
C0247,2025-05,69.0,10,65853.48,Aplicacion,Recurrente,Sin compra,Sin compra,0,0.0,0
C0247,2025-06,,19,135932.88,Ambos,Recurrente,Electronica,Web,1,1311000.0,1
C0247,2025-07,69.0,7,49454.61,Web,Recurrente,Belleza,Web,2,182000.0,1
C0247,2025-08,69.0,11,124127.78,Aplicacion,Recurrente,Belleza,Aplicacion,2,404000.0,1
C0247,2025-09,69.0,11,132198.46,Web,Recurrente,Electronica,Web,3,938000.0,1
C0247,2025-10,69.0,10,90273.52,Aplicacion,Recurrente,Hogar,Aplicacion,2,302000.0,1
C0247,2025-11,69.0,5,18535.55,Web,Recurrente,Deportes,Web,1,146000.0,1
C0247,2025-12,69.0,8,80337.19,Aplicacion,Recurrente,Deportes,Aplicacion,2,426000.0,1
C0248,2025-01,43.0,7,101421.4,Aplicacion,Nuevo,Sin compra,Sin compra,0,0.0,0
C0248,2025-02,43.0,11,100910.93,Web,Nuevo,Sin compra,Sin compra,0,0.0,0
C0248,2025-03,43.0,10,89823.23,Aplicacion,Nuevo,Sin compra,Sin compra,0,0.0,0
C0248,2025-04,43.0,3,93009.23,Web,Recurrente,Ropa,Web,1,290000.0,1
C0248,2025-05,43.0,10,134421.12,Aplicacion,Recurrente,Ropa,Aplicacion,2,374000.0,1
C0248,2025-06,43.0,8,88491.6,Aplicacion,Recurrente,Deportes,Aplicacion,2,369000.0,1
C0248,2025-07,43.0,7,53860.75,Web,Recurrente,Electronica,Web,1,367000.0,1
C0248,2025-08,43.0,6,99013.34,Web,Recurrente,Sin compra,Sin compra,0,0.0,0
C0248,2025-09,43.0,13,87300.67,Aplicacion,Recurrente,Electronica,Aplicacion,3,582000.0,1
C0248,2025-10,43.0,10,94603.67,Web,Recurrente,Belleza,Web,1,325000.0,1
C0248,2025-11,43.0,7,103682.25,Web,Recurrente,Belleza,Web,2,467000.0,1
C0248,2025-12,43.0,10,107411.44,Web,Recurrente,Electronica,Web,1,789000.0,1
C0249,2025-01,31.0,16,124729.77,Ambos,Nuevo,Sin compra,Sin compra,0,0.0,0
C0249,2025-02,31.0,6,97516.39,Aplicacion,Nuevo,Sin compra,Sin compra,0,0.0,0
C0249,2025-03,31.0,5,45380.14,Web,Nuevo,Sin compra,Sin compra,0,0.0,0
C0249,2025-04,31.0,7,59111.3,Web,Nuevo,Sin compra,Sin compra,0,0.0,0
C0249,2025-05,31.0,8,105243.92,Aplicacion,Recurrente,Deportes,Aplicacion,1,376000.0,1
C0249,2025-06,31.0,7,27747.18,Web,Recurrente,Sin compra,Sin compra,0,0.0,0
C0249,2025-07,31.0,10,96018.98,Web,Recurrente,Hogar,Web,1,505000.0,1
C0249,2025-08,31.0,7,65398.97,Web,Recurrente,Sin compra,Sin compra,0,0.0,0
C0249,2025-09,31.0,5,61680.24,Web,Recurrente,Ropa,Web,4,178000.0,1
C0249,2025-10,31.0,5,78188.41,Web,Recurrente,Sin compra,Sin compra,0,0.0,0
C0249,2025-11,31.0,10,120413.77,Aplicacion,Recurrente,Sin compra,Sin compra,0,0.0,0
C0249,2025-12,31.0,14,153434.01,Ambos,Recurrente,Hogar,Aplicacion,3,413000.0,1
C0250,2025-01,49.0,6,123602.97,Aplicacion,Nuevo,Sin compra,Sin compra,0,0.0,0
C0250,2025-02,49.0,6,49788.44,Web,Nuevo,Sin compra,Sin compra,0,0.0,0
C0250,2025-03,49.0,11,135483.86,Web,Recurrente,Ropa,Web,1,684000.0,1
C0250,2025-04,49.0,6,44021.79,Web,Recurrente,Sin compra,Sin compra,0,0.0,0
C0250,2025-05,49.0,7,126962.58,Aplicacion,Recurrente,Ropa,Aplicacion,1,497000.0,1
C0250,2025-06,49.0,5,108729.97,Web,Recurrente,Electronica,Web,1,749000.0,1
C0250,2025-07,49.0,8,91716.46,Aplicacion,Recurrente,Sin compra,Sin compra,0,0.0,0
C0250,2025-08,49.0,20,145560.2,Ambos,Recurrente,Sin compra,Sin compra,0,0.0,0
C0250,2025-09,49.0,6,78123.99,Web,Recurrente,Sin compra,Sin compra,0,0.0,0
C0250,2025-10,49.0,7,103908.37,Web,Recurrente,Hogar,Web,1,423000.0,1
C0250,2025-11,49.0,7,,Aplicacion,Recurrente,Sin compra,Sin compra,0,0.0,0
C0250,2025-12,49.0,9,131346.13,Web,Recurrente,Sin compra,Sin compra,0,0.0,0
C0251,2025-01,56.0,9,107907.08,Ambos,Nuevo,Sin compra,Sin compra,0,0.0,0
C0251,2025-02,56.0,4,105526.82,Aplicacion,Nuevo,Sin compra,Sin compra,0,0.0,0
C0251,2025-03,56.0,12,95814.72,Ambos,Recurrente,Electronica,Aplicacion,2,957000.0,1
C0251,2025-04,56.0,6,77834.34,Aplicacion,Recurrente,Sin compra,Sin compra,0,0.0,0
C0251,2025-05,56.0,9,113770.41,Aplicacion,Recurrente,Sin compra,Sin compra,0,0.0,0
C0251,2025-06,56.0,5,89136.08,Aplicacion,Recurrente,Sin compra,Sin compra,0,0.0,0
C0251,2025-07,56.0,13,104186.29,Aplicacion,Recurrente,Ropa,Aplicacion,1,353000.0,1
C0251,2025-08,56.0,9,55068.39,Web,Recurrente,Ropa,Web,2,368000.0,1
C0251,2025-09,56.0,9,90154.06,Aplicacion,Recurrente,Belleza,Aplicacion,4,218000.0,1
C0251,2025-10,56.0,6,134825.59,Aplicacion,Recurrente,Hogar,Aplicacion,2,644000.0,1
C0251,2025-11,56.0,11,132744.81,Web,Recurrente,Belleza,Web,2,450000.0,1
C0251,2025-12,56.0,9,46227.03,Aplicacion,Recurrente,Belleza,Aplicacion,1,197000.0,1
C0252,2025-01,69.0,12,136685.5,Aplicacion,Nuevo,Sin compra,Sin compra,0,0.0,0
C0252,2025-02,69.0,3,58177.57,Web,Nuevo,Sin compra,Sin compra,0,0.0,0
C0252,2025-03,69.0,6,82426.02,Web,Nuevo,Sin compra,Sin compra,0,0.0,0
C0252,2025-04,69.0,15,95296.78,Ambos,Recurrente,Electronica,Web,2,871000.0,1
C0252,2025-05,69.0,7,139635.05,Aplicacion,Recurrente,Ropa,Aplicacion,1,389000.0,1
C0252,2025-06,69.0,10,114712.57,Aplicacion,Recurrente,Sin compra,Sin compra,0,0.0,0
C0252,2025-07,69.0,24,180176.8,Ambos,Recurrente,Ropa,Web,2,599000.0,1
C0252,2025-08,69.0,17,136062.08,Ambos,Recurrente,Electronica,Aplicacion,1,996000.0,1
C0252,2025-09,69.0,6,,Web,Recurrente,Ropa,Web,1,260000.0,1
C0252,2025-10,69.0,12,149097.48,Aplicacion,Recurrente,Hogar,Aplicacion,1,606000.0,1
C0252,2025-11,69.0,18,207740.82,Ambos,Recurrente,Ropa,Aplicacion,1,515000.0,1
C0252,2025-12,69.0,19,177604.49,Ambos,Recurrente,Electronica,Web,4,1136000.0,1
C0253,2025-01,32.0,8,45284.6,Aplicacion,Nuevo,Sin compra,Sin compra,0,0.0,0
C0253,2025-02,32.0,9,93787.91,Web,Recurrente,Belleza,Web,2,455000.0,1
C0253,2025-03,32.0,3,83965.67,Web,Recurrente,Sin compra,Sin compra,0,0.0,0
C0253,2025-04,32.0,5,49018.86,Web,Recurrente,Sin compra,Sin compra,0,0.0,0
C0253,2025-05,32.0,8,60026.96,Web,Recurrente,Sin compra,Sin compra,0,0.0,0
C0253,2025-06,32.0,10,122671.88,Aplicacion,Recurrente,Ropa,Aplicacion,3,368000.0,1
C0253,2025-07,32.0,8,90700.7,Web,Recurrente,Sin compra,Sin compra,0,0.0,0
C0253,2025-08,32.0,2,56260.57,Web,Recurrente,Sin compra,Sin compra,0,0.0,0
C0253,2025-09,32.0,6,81408.75,Aplicacion,Recurrente,Sin compra,Sin compra,0,0.0,0
C0253,2025-10,32.0,17,144425.28,Ambos,Recurrente,Ropa,Web,1,672000.0,1
C0253,2025-11,32.0,13,136466.91,Aplicacion,Recurrente,Sin compra,Sin compra,0,0.0,0
C0253,2025-12,,5,99326.65,Web,Recurrente,Ropa,Web,2,421000.0,1
C0254,2025-01,33.0,4,,Web,Recurrente,Electronica,Web,1,813000.0,1
C0254,2025-02,33.0,12,91719.03,Ambos,Recurrente,Hogar,Web,1,502000.0,1
C0254,2025-03,33.0,8,133461.84,Aplicacion,Recurrente,Hogar,Aplicacion,3,423000.0,1
C0254,2025-04,33.0,8,89013.24,Aplicacion,Recurrente,Hogar,Aplicacion,2,287000.0,1
C0254,2025-05,33.0,5,,Web,Recurrente,Belleza,Web,3,294000.0,1
C0254,2025-06,33.0,10,91815.72,Web,Recurrente,Sin compra,Sin compra,0,0.0,0
C0254,2025-07,33.0,8,127852.23,Aplicacion,Recurrente,Electronica,Aplicacion,2,890000.0,1
C0254,2025-08,33.0,16,118713.57,Aplicacion,Recurrente,Electronica,Aplicacion,2,1079000.0,1
C0254,2025-09,33.0,10,149351.92,Web,Recurrente,Belleza,Web,1,668000.0,1
C0254,2025-10,33.0,20,125316.45,Ambos,Recurrente,Deportes,Aplicacion,1,407000.0,1
C0254,2025-11,33.0,9,85216.13,Aplicacion,Recurrente,Belleza,Aplicacion,3,272000.0,1
C0254,2025-12,33.0,5,,Aplicacion,Recurrente,Electronica,Aplicacion,1,783000.0,1
C0255,2025-01,30.0,3,61326.52,Web,Nuevo,Sin compra,Sin compra,0,0.0,0
C0255,2025-02,30.0,5,129321.51,Web,Nuevo,Sin compra,Sin compra,0,0.0,0
C0255,2025-03,,13,125301.62,Aplicacion,Nuevo,Sin compra,Sin compra,0,0.0,0
C0255,2025-04,30.0,9,69362.1,Web,Nuevo,Sin compra,Sin compra,0,0.0,0
C0255,2025-05,30.0,11,127896.69,Aplicacion,Recurrente,Electronica,Aplicacion,3,1037000.0,1
C0255,2025-06,30.0,12,146829.79,Web,Recurrente,Sin compra,Sin compra,0,0.0,0
C0255,2025-07,30.0,7,128350.3,Web,Recurrente,Sin compra,Sin compra,0,0.0,0
C0255,2025-08,30.0,10,139124.31,Web,Recurrente,Sin compra,Sin compra,0,0.0,0
C0255,2025-09,30.0,16,131947.39,Ambos,Recurrente,Electronica,Aplicacion,1,992000.0,1
C0255,2025-10,30.0,13,95868.02,Aplicacion,Recurrente,Sin compra,Sin compra,0,0.0,0
C0255,2025-11,30.0,8,134305.37,Web,Recurrente,Hogar,Web,1,622000.0,1
C0255,2025-12,,14,158055.77,Web,Recurrente,Ropa,Web,1,479000.0,1
C0256,2025-01,36.0,8,74330.59,Web,Nuevo,Sin compra,Sin compra,0,0.0,0
C0256,2025-02,36.0,5,115636.97,Aplicacion,Nuevo,Sin compra,Sin compra,0,0.0,0
C0256,2025-03,36.0,4,76760.5,Web,Nuevo,Sin compra,Sin compra,0,0.0,0
C0256,2025-04,36.0,7,158639.0,Aplicacion,Recurrente,Hogar,Aplicacion,1,449000.0,1
C0256,2025-05,36.0,9,75694.33,Web,Recurrente,Sin compra,Sin compra,0,0.0,0
C0256,2025-06,36.0,5,96025.69,Web,Recurrente,Sin compra,Sin compra,0,0.0,0
C0256,2025-07,36.0,6,82652.04,Web,Recurrente,Sin compra,Sin compra,0,0.0,0
C0256,2025-08,36.0,11,167698.27,Web,Recurrente,Deportes,Web,1,779000.0,1
C0256,2025-09,36.0,8,70172.66,Web,Recurrente,Electronica,Web,2,792000.0,1
C0256,2025-10,36.0,14,175523.12,Web,Recurrente,Deportes,Web,1,593000.0,1
C0256,2025-11,36.0,8,56216.45,Web,Recurrente,Electronica,Web,1,430000.0,1
C0256,2025-12,36.0,10,,Aplicacion,Recurrente,Sin compra,Sin compra,0,0.0,0
C0257,2025-01,55.0,11,124284.69,Aplicacion,Nuevo,Sin compra,Sin compra,0,0.0,0
C0257,2025-02,55.0,3,95577.01,Web,Nuevo,Sin compra,Sin compra,0,0.0,0
C0257,2025-03,55.0,6,102120.26,Web,Nuevo,Sin compra,Sin compra,0,0.0,0
C0257,2025-04,,17,142626.7,Ambos,Nuevo,Sin compra,Sin compra,0,0.0,0
C0257,2025-05,55.0,15,188415.53,Aplicacion,Recurrente,Deportes,Aplicacion,1,656000.0,1
C0257,2025-06,55.0,4,,Web,Recurrente,Sin compra,Sin compra,0,0.0,0
C0257,2025-07,55.0,5,89396.03,Aplicacion,Recurrente,Sin compra,Sin compra,0,0.0,0
C0257,2025-08,55.0,6,96966.37,Web,Recurrente,Sin compra,Sin compra,0,0.0,0
C0257,2025-09,55.0,9,141703.01,Aplicacion,Recurrente,Ropa,Aplicacion,2,524000.0,1
C0257,2025-10,55.0,14,64322.06,Aplicacion,Recurrente,Sin compra,Sin compra,0,0.0,0
C0257,2025-11,55.0,10,69985.33,Ambos,Recurrente,Hogar,Aplicacion,1,403000.0,1
C0257,2025-12,55.0,7,137205.11,Web,Recurrente,Sin compra,Sin compra,0,0.0,0
C0258,2025-01,31.0,11,100876.53,Ambos,Nuevo,Sin compra,Sin compra,0,0.0,0
C0258,2025-02,31.0,6,44908.17,Aplicacion,Nuevo,Sin compra,Sin compra,0,0.0,0
C0258,2025-03,31.0,5,85319.57,Web,Nuevo,Sin compra,Sin compra,0,0.0,0
C0258,2025-04,31.0,13,89048.16,Aplicacion,Nuevo,Sin compra,Sin compra,0,0.0,0
C0258,2025-05,31.0,8,99522.38,Web,Nuevo,Sin compra,Sin compra,0,0.0,0
C0258,2025-06,31.0,7,103131.68,Web,Nuevo,Sin compra,Sin compra,0,0.0,0
C0258,2025-07,31.0,15,132282.42,Ambos,Recurrente,Belleza,Aplicacion,3,599000.0,1
C0258,2025-08,31.0,11,113196.74,Ambos,Recurrente,Ropa,Web,2,366000.0,1
C0258,2025-09,31.0,10,79417.94,Aplicacion,Recurrente,Sin compra,Sin compra,0,0.0,0
C0258,2025-10,31.0,13,138623.97,Ambos,Recurrente,Electronica,Aplicacion,2,1092000.0,1
C0258,2025-11,31.0,9,67147.44,Aplicacion,Recurrente,Sin compra,Sin compra,0,0.0,0
C0258,2025-12,31.0,9,151311.52,Aplicacion,Recurrente,Hogar,Aplicacion,1,512000.0,1
C0259,2025-01,,13,59057.18,Ambos,Nuevo,Sin compra,Sin compra,0,0.0,0
C0259,2025-02,25.0,9,91148.43,Web,Recurrente,Electronica,Web,1,751000.0,1
C0259,2025-03,25.0,5,94228.39,Web,Recurrente,Belleza,Web,1,270000.0,1
C0259,2025-04,25.0,8,73433.58,Aplicacion,Recurrente,Hogar,Aplicacion,1,277000.0,1
C0259,2025-05,25.0,14,169328.37,Aplicacion,Recurrente,Deportes,Aplicacion,1,562000.0,1
C0259,2025-06,25.0,8,93689.44,Aplicacion,Recurrente,Electronica,Aplicacion,1,765000.0,1
C0259,2025-07,25.0,14,127067.63,Aplicacion,Recurrente,Deportes,Aplicacion,2,322000.0,1
C0259,2025-08,25.0,12,112452.5,Ambos,Recurrente,Hogar,Aplicacion,1,399000.0,1
C0259,2025-09,25.0,6,110830.71,Web,Recurrente,Sin compra,Sin compra,0,0.0,0
C0259,2025-10,25.0,10,,Web,Recurrente,Electronica,Web,2,975000.0,1
C0259,2025-11,25.0,8,82546.36,Aplicacion,Recurrente,Electronica,Aplicacion,1,743000.0,1
C0259,2025-12,25.0,6,,Web,Recurrente,Hogar,Web,1,440000.0,1
C0260,2025-01,49.0,9,116223.38,Aplicacion,Nuevo,Sin compra,Sin compra,0,0.0,0
C0260,2025-02,49.0,9,53904.39,Aplicacion,Nuevo,Sin compra,Sin compra,0,0.0,0
C0260,2025-03,49.0,6,76564.62,Web,Nuevo,Sin compra,Sin compra,0,0.0,0
C0260,2025-04,49.0,6,111492.47,Web,Recurrente,Belleza,Web,2,398000.0,1
C0260,2025-05,49.0,10,139216.9,Aplicacion,Recurrente,Belleza,Aplicacion,2,478000.0,1
C0260,2025-06,49.0,9,94614.49,Aplicacion,Recurrente,Sin compra,Sin compra,0,0.0,0
C0260,2025-07,49.0,14,116896.73,Ambos,Recurrente,Deportes,Aplicacion,3,533000.0,1
C0260,2025-08,49.0,8,82546.18,Web,Recurrente,Ropa,Web,3,295000.0,1
C0260,2025-09,49.0,2,66428.16,Aplicacion,Recurrente,Sin compra,Sin compra,0,0.0,0
C0260,2025-10,49.0,11,124505.04,Web,Recurrente,Electronica,Web,1,762000.0,1
C0260,2025-11,49.0,15,118384.07,Aplicacion,Recurrente,Deportes,Aplicacion,1,567000.0,1
C0260,2025-12,49.0,8,115108.17,Web,Recurrente,Electronica,Web,1,946000.0,1
C0261,2025-01,58.0,15,134185.16,Ambos,Recurrente,Belleza,Aplicacion,3,311000.0,1
C0261,2025-02,58.0,20,184802.19,Ambos,Recurrente,Deportes,Web,1,771000.0,1
C0261,2025-03,58.0,7,98883.59,Web,Recurrente,Sin compra,Sin compra,0,0.0,0
C0261,2025-04,58.0,3,91475.21,Web,Recurrente,Belleza,Web,2,328000.0,1
C0261,2025-05,58.0,10,122582.48,Aplicacion,Recurrente,Hogar,Aplicacion,2,349000.0,1
C0261,2025-06,58.0,14,117430.01,Aplicacion,Recurrente,Belleza,Aplicacion,1,426000.0,1
C0261,2025-07,58.0,8,97439.43,Web,Recurrente,Electronica,Web,2,765000.0,1
C0261,2025-08,58.0,10,120119.22,Aplicacion,Recurrente,Electronica,Aplicacion,2,1002000.0,1
C0261,2025-09,58.0,16,88760.94,Ambos,Recurrente,Electronica,Web,1,712000.0,1
C0261,2025-10,58.0,5,75009.71,Web,Recurrente,Belleza,Web,1,344000.0,1
C0261,2025-11,58.0,6,131826.04,Web,Recurrente,Ropa,Web,1,345000.0,1
C0261,2025-12,58.0,12,76416.8,Ambos,Recurrente,Belleza,Web,1,226000.0,1
C0262,2025-01,32.0,7,132666.74,Aplicacion,Nuevo,Sin compra,Sin compra,0,0.0,0
C0262,2025-02,32.0,3,85276.22,Web,Nuevo,Sin compra,Sin compra,0,0.0,0
C0262,2025-03,32.0,20,138650.99,Ambos,Recurrente,Deportes,Web,1,477000.0,1
C0262,2025-04,32.0,8,139103.02,Ambos,Recurrente,Belleza,Aplicacion,1,416000.0,1
C0262,2025-05,32.0,8,143040.44,Web,Recurrente,Sin compra,Sin compra,0,0.0,0
C0262,2025-06,32.0,13,143837.48,Ambos,Recurrente,Sin compra,Sin compra,0,0.0,0
C0262,2025-07,32.0,14,76175.02,Ambos,Recurrente,Hogar,Web,1,297000.0,1
C0262,2025-08,32.0,9,122108.52,Ambos,Recurrente,Deportes,Aplicacion,1,567000.0,1
C0262,2025-09,32.0,14,143554.16,Aplicacion,Recurrente,Hogar,Aplicacion,3,434000.0,1
C0262,2025-10,32.0,8,134096.03,Aplicacion,Recurrente,Hogar,Aplicacion,3,751000.0,1
C0262,2025-11,32.0,6,146706.8,Aplicacion,Recurrente,Sin compra,Sin compra,0,0.0,0
C0262,2025-12,32.0,19,144157.18,Ambos,Recurrente,Hogar,Web,1,419000.0,1
C0263,2025-01,35.0,13,147845.92,Aplicacion,Recurrente,Electronica,Aplicacion,1,1234000.0,1
C0263,2025-02,35.0,16,149319.39,Ambos,Recurrente,Electronica,Web,1,1651000.0,1
C0263,2025-03,35.0,18,147998.96,Ambos,Recurrente,Belleza,Aplicacion,3,766000.0,1
C0263,2025-04,35.0,8,108360.36,Aplicacion,Recurrente,Sin compra,Sin compra,0,0.0,0
C0263,2025-05,35.0,7,116706.75,Web,Recurrente,Sin compra,Sin compra,0,0.0,0
C0263,2025-06,35.0,24,175698.53,Ambos,Recurrente,Sin compra,Sin compra,0,0.0,0
C0263,2025-07,35.0,2,49092.43,Web,Recurrente,Sin compra,Sin compra,0,0.0,0
C0263,2025-08,35.0,7,92730.41,Web,Recurrente,Sin compra,Sin compra,0,0.0,0
C0263,2025-09,35.0,2,,Web,Recurrente,Hogar,Web,1,348000.0,1
C0263,2025-10,35.0,10,160082.39,Web,Recurrente,Hogar,Web,1,418000.0,1
C0263,2025-11,35.0,7,98148.86,Web,Recurrente,Hogar,Web,3,317000.0,1
C0263,2025-12,35.0,5,128649.04,Aplicacion,Recurrente,Sin compra,Sin compra,0,0.0,0
C0264,2025-01,38.0,7,126140.9,Web,Nuevo,Sin compra,Sin compra,0,0.0,0
C0264,2025-02,38.0,12,125950.78,Ambos,Nuevo,Sin compra,Sin compra,0,0.0,0
C0264,2025-03,38.0,10,101584.77,Ambos,Nuevo,Sin compra,Sin compra,0,0.0,0
C0264,2025-04,38.0,6,102106.28,Web,Nuevo,Sin compra,Sin compra,0,0.0,0
C0264,2025-05,38.0,18,157242.11,Ambos,Recurrente,Hogar,Web,1,535000.0,1
C0264,2025-06,38.0,14,163129.04,Aplicacion,Recurrente,Hogar,Aplicacion,2,675000.0,1
C0264,2025-07,38.0,12,100395.63,Aplicacion,Recurrente,Belleza,Aplicacion,2,281000.0,1
C0264,2025-08,38.0,7,107423.35,Web,Recurrente,Belleza,Web,2,407000.0,1
C0264,2025-09,38.0,7,127803.0,Aplicacion,Recurrente,Belleza,Aplicacion,2,323000.0,1
C0264,2025-10,38.0,6,82345.17,Aplicacion,Recurrente,Hogar,Aplicacion,2,369000.0,1
C0264,2025-11,38.0,13,139915.41,Aplicacion,Recurrente,Ropa,Aplicacion,1,778000.0,1
C0264,2025-12,38.0,8,62696.62,Aplicacion,Recurrente,Sin compra,Sin compra,0,0.0,0
C0265,2025-01,65.0,8,118268.66,Ambos,Nuevo,Sin compra,Sin compra,0,0.0,0
C0265,2025-02,65.0,9,75603.62,Web,Recurrente,Deportes,Web,2,343000.0,1
C0265,2025-03,65.0,6,119624.5,Web,Recurrente,Sin compra,Sin compra,0,0.0,0
C0265,2025-04,65.0,5,128542.29,Web,Recurrente,Electronica,Web,1,1188000.0,1
C0265,2025-05,65.0,7,157022.5,Web,Recurrente,Ropa,Web,2,512000.0,1
C0265,2025-06,65.0,7,97906.93,Aplicacion,Recurrente,Belleza,Aplicacion,1,297000.0,1
C0265,2025-07,65.0,11,117675.25,Aplicacion,Recurrente,Electronica,Aplicacion,2,1040000.0,1
C0265,2025-08,65.0,14,155302.64,Ambos,Recurrente,Hogar,Aplicacion,1,648000.0,1
C0265,2025-09,65.0,8,125446.41,Aplicacion,Recurrente,Deportes,Aplicacion,1,246000.0,1
C0265,2025-10,65.0,8,128213.74,Web,Recurrente,Sin compra,Sin compra,0,0.0,0
C0265,2025-11,65.0,6,,Aplicacion,Recurrente,Hogar,Aplicacion,2,331000.0,1
C0265,2025-12,65.0,9,92680.13,Web,Recurrente,Ropa,Web,1,498000.0,1
C0266,2025-01,43.0,14,141789.38,Aplicacion,Nuevo,Sin compra,Sin compra,0,0.0,0
C0266,2025-02,43.0,11,81932.6,Aplicacion,Recurrente,Hogar,Aplicacion,1,383000.0,1
C0266,2025-03,43.0,8,36037.06,Web,Recurrente,Sin compra,Sin compra,0,0.0,0
C0266,2025-04,43.0,7,149125.35,Web,Recurrente,Electronica,Web,1,1140000.0,1
C0266,2025-05,43.0,13,144350.67,Aplicacion,Recurrente,Electronica,Aplicacion,1,1042000.0,1
C0266,2025-06,43.0,16,176422.95,Ambos,Recurrente,Deportes,Web,2,572000.0,1
C0266,2025-07,43.0,10,124945.88,Web,Recurrente,Ropa,Web,2,408000.0,1
C0266,2025-08,43.0,4,53686.31,Web,Recurrente,Sin compra,Sin compra,0,0.0,0
C0266,2025-09,43.0,10,92708.54,Aplicacion,Recurrente,Electronica,Aplicacion,1,405000.0,1
C0266,2025-10,43.0,4,42842.1,Web,Recurrente,Sin compra,Sin compra,0,0.0,0
C0266,2025-11,43.0,9,83249.73,Aplicacion,Recurrente,Deportes,Aplicacion,2,448000.0,1
C0266,2025-12,43.0,6,68943.44,Aplicacion,Recurrente,Ropa,Aplicacion,2,271000.0,1
C0267,2025-01,41.0,9,93296.79,Web,Recurrente,Hogar,Web,2,311000.0,1
C0267,2025-02,41.0,5,115870.46,Aplicacion,Recurrente,Ropa,Aplicacion,1,484000.0,1
C0267,2025-03,41.0,6,88665.25,Web,Recurrente,Sin compra,Sin compra,0,0.0,0
C0267,2025-04,41.0,13,128502.7,Aplicacion,Recurrente,Sin compra,Sin compra,0,0.0,0
C0267,2025-05,41.0,14,99766.93,Ambos,Recurrente,Electronica,Web,1,831000.0,1
C0267,2025-06,41.0,4,111057.51,Aplicacion,Recurrente,Sin compra,Sin compra,0,0.0,0
C0267,2025-07,41.0,3,70940.68,Web,Recurrente,Sin compra,Sin compra,0,0.0,0
C0267,2025-08,41.0,9,115952.63,Aplicacion,Recurrente,Sin compra,Sin compra,0,0.0,0
C0267,2025-09,41.0,9,93961.45,Web,Recurrente,Ropa,Web,1,437000.0,1
C0267,2025-10,41.0,12,65952.21,Web,Recurrente,Sin compra,Sin compra,0,0.0,0
C0267,2025-11,41.0,7,110319.78,Web,Recurrente,Sin compra,Sin compra,0,0.0,0
C0267,2025-12,41.0,10,86147.02,Aplicacion,Recurrente,Deportes,Aplicacion,1,292000.0,1
C0268,2025-01,68.0,9,86072.0,Aplicacion,Nuevo,Sin compra,Sin compra,0,0.0,0
C0268,2025-02,68.0,10,97994.67,Aplicacion,Nuevo,Sin compra,Sin compra,0,0.0,0
C0268,2025-03,68.0,15,154990.84,Aplicacion,Nuevo,Sin compra,Sin compra,0,0.0,0
C0268,2025-04,68.0,11,80735.27,Ambos,Nuevo,Sin compra,Sin compra,0,0.0,0
C0268,2025-05,,26,215836.08,Ambos,Recurrente,Hogar,Aplicacion,3,954000.0,1
C0268,2025-06,68.0,14,130668.15,Ambos,Recurrente,Sin compra,Sin compra,0,0.0,0
C0268,2025-07,68.0,12,138850.42,Aplicacion,Recurrente,Hogar,Aplicacion,2,369000.0,1
C0268,2025-08,68.0,8,115669.52,Ambos,Recurrente,Sin compra,Sin compra,0,0.0,0
C0268,2025-09,68.0,19,125636.43,Ambos,Recurrente,Ropa,Aplicacion,1,545000.0,1
C0268,2025-10,68.0,11,100157.39,Aplicacion,Recurrente,Sin compra,Sin compra,0,0.0,0
C0268,2025-11,68.0,7,97687.17,Web,Recurrente,Sin compra,Sin compra,0,0.0,0
C0268,2025-12,68.0,16,72387.09,Aplicacion,Recurrente,Ropa,Aplicacion,1,224000.0,1
C0269,2025-01,57.0,7,102474.2,Web,Nuevo,Sin compra,Sin compra,0,0.0,0
C0269,2025-02,57.0,13,122725.79,Web,Recurrente,Belleza,Web,1,404000.0,1
C0269,2025-03,57.0,14,137359.53,Ambos,Recurrente,Hogar,Aplicacion,1,562000.0,1
C0269,2025-04,57.0,4,106063.39,Web,Recurrente,Sin compra,Sin compra,0,0.0,0
C0269,2025-05,57.0,7,86160.37,Web,Recurrente,Electronica,Web,3,504000.0,1
C0269,2025-06,57.0,7,59998.16,Web,Recurrente,Belleza,Web,1,224000.0,1
C0269,2025-07,57.0,10,90867.96,Web,Recurrente,Ropa,Web,1,298000.0,1
C0269,2025-08,57.0,7,104535.6,Aplicacion,Recurrente,Electronica,Aplicacion,1,830000.0,1
C0269,2025-09,57.0,15,139033.95,Ambos,Recurrente,Belleza,Aplicacion,1,550000.0,1
C0269,2025-10,57.0,9,90432.88,Web,Recurrente,Ropa,Web,1,321000.0,1
C0269,2025-11,57.0,9,103623.45,Web,Recurrente,Hogar,Web,2,506000.0,1
C0269,2025-12,57.0,12,84956.73,Web,Recurrente,Hogar,Web,1,299000.0,1
C0270,2025-01,70.0,15,90074.26,Ambos,Nuevo,Sin compra,Sin compra,0,0.0,0
C0270,2025-02,70.0,13,85487.86,Ambos,Recurrente,Ropa,Web,1,269000.0,1
C0270,2025-03,70.0,8,88293.78,Web,Recurrente,Hogar,Web,2,415000.0,1
C0270,2025-04,70.0,5,66950.76,Aplicacion,Recurrente,Sin compra,Sin compra,0,0.0,0
C0270,2025-05,70.0,6,64027.54,Aplicacion,Recurrente,Belleza,Aplicacion,2,182000.0,1
C0270,2025-06,70.0,10,163920.51,Ambos,Recurrente,Sin compra,Sin compra,0,0.0,0
C0270,2025-07,70.0,11,123017.4,Aplicacion,Recurrente,Sin compra,Sin compra,0,0.0,0
C0270,2025-08,70.0,8,117592.85,Web,Recurrente,Sin compra,Sin compra,0,0.0,0
C0270,2025-09,70.0,13,142406.54,Ambos,Recurrente,Electronica,Web,1,1189000.0,1
C0270,2025-10,70.0,9,90137.38,Aplicacion,Recurrente,Sin compra,Sin compra,0,0.0,0
C0270,2025-11,70.0,21,147641.18,Ambos,Recurrente,Deportes,Aplicacion,1,467000.0,1
C0270,2025-12,70.0,6,102054.72,Web,Recurrente,Belleza,Web,2,317000.0,1
C0271,2025-01,18.0,7,75432.91,Web,Nuevo,Sin compra,Sin compra,0,0.0,0
C0271,2025-02,18.0,8,44678.17,Aplicacion,Recurrente,Electronica,Aplicacion,1,484000.0,1
C0271,2025-03,18.0,6,98878.85,Aplicacion,Recurrente,Sin compra,Sin compra,0,0.0,0
C0271,2025-04,18.0,11,75384.25,Aplicacion,Recurrente,Hogar,Aplicacion,2,275000.0,1
C0271,2025-05,18.0,4,83139.93,Aplicacion,Recurrente,Deportes,Aplicacion,1,256000.0,1
C0271,2025-06,18.0,9,88260.18,Ambos,Recurrente,Sin compra,Sin compra,0,0.0,0
C0271,2025-07,18.0,10,111921.22,Aplicacion,Recurrente,Ropa,Aplicacion,3,286000.0,1
C0271,2025-08,18.0,5,82247.28,Aplicacion,Recurrente,Electronica,Aplicacion,4,764000.0,1
C0271,2025-09,18.0,4,69433.69,Web,Recurrente,Ropa,Web,1,202000.0,1
C0271,2025-10,18.0,10,115946.06,Web,Recurrente,Electronica,Web,1,749000.0,1
C0271,2025-11,,6,79015.77,Web,Recurrente,Ropa,Web,1,271000.0,1
C0271,2025-12,18.0,8,104802.18,Aplicacion,Recurrente,Belleza,Aplicacion,1,310000.0,1
C0272,2025-01,40.0,9,,Aplicacion,Recurrente,Deportes,Aplicacion,1,320000.0,1
C0272,2025-02,40.0,11,117678.35,Ambos,Recurrente,Sin compra,Sin compra,0,0.0,0
C0272,2025-03,40.0,7,74734.94,Web,Recurrente,Sin compra,Sin compra,0,0.0,0
C0272,2025-04,40.0,14,159556.31,Ambos,Recurrente,Hogar,Aplicacion,1,616000.0,1
C0272,2025-05,40.0,6,74478.98,Aplicacion,Recurrente,Sin compra,Sin compra,0,0.0,0
C0272,2025-06,40.0,9,79411.72,Ambos,Recurrente,Electronica,Web,2,678000.0,1
C0272,2025-07,40.0,14,135767.28,Ambos,Recurrente,Sin compra,Sin compra,0,0.0,0
C0272,2025-08,40.0,10,89012.33,Ambos,Recurrente,Electronica,Aplicacion,1,640000.0,1
C0272,2025-09,40.0,4,54450.99,Web,Recurrente,Electronica,Web,1,418000.0,1
C0272,2025-10,40.0,5,85003.14,Aplicacion,Recurrente,Electronica,Aplicacion,2,846000.0,1
C0272,2025-11,40.0,11,87066.95,Web,Recurrente,Sin compra,Sin compra,0,0.0,0
C0272,2025-12,40.0,5,106967.67,Web,Recurrente,Hogar,Web,3,386000.0,1
C0273,2025-01,63.0,4,79114.01,Web,Nuevo,Sin compra,Sin compra,0,0.0,0
C0273,2025-02,63.0,9,64458.09,Ambos,Nuevo,Sin compra,Sin compra,0,0.0,0
C0273,2025-03,63.0,5,75352.03,Web,Nuevo,Sin compra,Sin compra,0,0.0,0
C0273,2025-04,63.0,10,135846.86,Ambos,Recurrente,Ropa,Web,1,396000.0,1
C0273,2025-05,63.0,4,90913.59,Web,Recurrente,Sin compra,Sin compra,0,0.0,0
C0273,2025-06,63.0,6,52410.66,Web,Recurrente,Sin compra,Sin compra,0,0.0,0
C0273,2025-07,63.0,4,118441.89,Web,Recurrente,Electronica,Web,1,835000.0,1
C0273,2025-08,63.0,12,159541.33,Ambos,Recurrente,Sin compra,Sin compra,0,0.0,0
C0273,2025-09,63.0,8,88942.87,Aplicacion,Recurrente,Hogar,Aplicacion,2,378000.0,1
C0273,2025-10,63.0,14,117670.83,Ambos,Recurrente,Hogar,Web,2,659000.0,1
C0273,2025-11,63.0,9,64680.03,Aplicacion,Recurrente,Sin compra,Sin compra,0,0.0,0
C0273,2025-12,,3,45532.53,Web,Recurrente,Sin compra,Sin compra,0,0.0,0
C0274,2025-01,51.0,15,109832.99,Ambos,Nuevo,Sin compra,Sin compra,0,0.0,0
C0274,2025-02,51.0,6,99711.18,Aplicacion,Nuevo,Sin compra,Sin compra,0,0.0,0
C0274,2025-03,51.0,1,89601.05,Aplicacion,Nuevo,Sin compra,Sin compra,0,0.0,0
C0274,2025-04,,15,128379.95,Ambos,Nuevo,Sin compra,Sin compra,0,0.0,0
C0274,2025-05,51.0,5,63725.84,Web,Recurrente,Electronica,Web,2,417000.0,1
C0274,2025-06,51.0,12,95300.94,Aplicacion,Recurrente,Sin compra,Sin compra,0,0.0,0
C0274,2025-07,51.0,9,107214.65,Aplicacion,Recurrente,Sin compra,Sin compra,0,0.0,0
C0274,2025-08,51.0,16,124961.41,Ambos,Recurrente,Belleza,Web,3,450000.0,1
C0274,2025-09,51.0,5,69741.86,Aplicacion,Recurrente,Hogar,Aplicacion,2,241000.0,1
C0274,2025-10,51.0,9,49531.58,Web,Recurrente,Sin compra,Sin compra,0,0.0,0
C0274,2025-11,51.0,11,108829.0,Aplicacion,Recurrente,Belleza,Aplicacion,2,375000.0,1
C0274,2025-12,51.0,7,87909.66,Aplicacion,Recurrente,Sin compra,Sin compra,0,0.0,0
C0275,2025-01,53.0,3,45471.29,Web,Nuevo,Sin compra,Sin compra,0,0.0,0
C0275,2025-02,53.0,9,83638.28,Aplicacion,Nuevo,Sin compra,Sin compra,0,0.0,0
C0275,2025-03,53.0,8,131837.42,Web,Recurrente,Ropa,Web,1,377000.0,1
C0275,2025-04,53.0,9,108412.77,Aplicacion,Recurrente,Belleza,Aplicacion,1,298000.0,1
C0275,2025-05,53.0,10,146433.28,Web,Recurrente,Deportes,Web,2,424000.0,1
C0275,2025-06,53.0,9,115478.81,Web,Recurrente,Sin compra,Sin compra,0,0.0,0
C0275,2025-07,53.0,6,46980.86,Web,Recurrente,Sin compra,Sin compra,0,0.0,0
C0275,2025-08,53.0,8,82545.93,Aplicacion,Recurrente,Electronica,Aplicacion,2,609000.0,1
C0275,2025-09,53.0,7,76537.26,Aplicacion,Recurrente,Sin compra,Sin compra,0,0.0,0
C0275,2025-10,53.0,10,112425.86,Web,Recurrente,Sin compra,Sin compra,0,0.0,0
C0275,2025-11,53.0,4,77883.16,Web,Recurrente,Belleza,Web,1,262000.0,1
C0275,2025-12,53.0,15,149249.59,Aplicacion,Recurrente,Ropa,Aplicacion,3,725000.0,1
C0276,2025-01,38.0,8,57968.84,Aplicacion,Nuevo,Sin compra,Sin compra,0,0.0,0
C0276,2025-02,38.0,16,108927.15,Ambos,Recurrente,Ropa,Web,1,323000.0,1
C0276,2025-03,38.0,10,130580.75,Aplicacion,Recurrente,Ropa,Aplicacion,1,363000.0,1
C0276,2025-04,38.0,12,131348.84,Aplicacion,Recurrente,Hogar,Aplicacion,2,442000.0,1
C0276,2025-05,38.0,14,131357.43,Ambos,Recurrente,Belleza,Web,2,573000.0,1
C0276,2025-06,38.0,6,103480.8,Web,Recurrente,Ropa,Web,1,453000.0,1
C0276,2025-07,38.0,6,116168.84,Aplicacion,Recurrente,Deportes,Aplicacion,1,519000.0,1
C0276,2025-08,38.0,12,98888.94,Ambos,Recurrente,Hogar,Web,1,434000.0,1
C0276,2025-09,38.0,14,154518.09,Aplicacion,Recurrente,Deportes,Aplicacion,1,536000.0,1
C0276,2025-10,38.0,9,131599.37,Aplicacion,Recurrente,Hogar,Aplicacion,1,373000.0,1
C0276,2025-11,38.0,17,167433.31,Ambos,Recurrente,Electronica,Web,2,1307000.0,1
C0276,2025-12,38.0,4,74730.27,Aplicacion,Recurrente,Ropa,Aplicacion,1,270000.0,1
C0277,2025-01,53.0,7,36806.37,Web,Recurrente,Ropa,Web,2,152000.0,1
C0277,2025-02,53.0,4,79172.12,Web,Recurrente,Ropa,Web,1,234000.0,1
C0277,2025-03,53.0,4,63032.3,Web,Recurrente,Sin compra,Sin compra,0,0.0,0
C0277,2025-04,53.0,6,62134.99,Web,Recurrente,Sin compra,Sin compra,0,0.0,0
C0277,2025-05,53.0,7,8717.25,Aplicacion,Recurrente,Sin compra,Sin compra,0,0.0,0
C0277,2025-06,53.0,23,170190.26,Ambos,Recurrente,Deportes,Web,1,491000.0,1
C0277,2025-07,53.0,5,68906.37,Web,Recurrente,Belleza,Web,1,250000.0,1
C0277,2025-08,53.0,13,100616.57,Ambos,Recurrente,Sin compra,Sin compra,0,0.0,0
C0277,2025-09,53.0,11,93468.06,Ambos,Recurrente,Hogar,Web,1,360000.0,1
C0277,2025-10,,13,148079.56,Ambos,Recurrente,Hogar,Aplicacion,1,646000.0,1
C0277,2025-11,53.0,3,97099.9,Aplicacion,Recurrente,Belleza,Aplicacion,2,258000.0,1
C0277,2025-12,53.0,10,,Aplicacion,Recurrente,Hogar,Aplicacion,3,355000.0,1
C0278,2025-01,64.0,10,106348.82,Web,Nuevo,Sin compra,Sin compra,0,0.0,0
C0278,2025-02,,10,91902.26,Aplicacion,Recurrente,Ropa,Aplicacion,2,410000.0,1
C0278,2025-03,64.0,12,135190.66,Ambos,Recurrente,Electronica,Aplicacion,1,1057000.0,1
C0278,2025-04,64.0,5,66338.72,Web,Recurrente,Sin compra,Sin compra,0,0.0,0
C0278,2025-05,64.0,11,154109.51,Aplicacion,Recurrente,Electronica,Aplicacion,1,842000.0,1
C0278,2025-06,64.0,17,167983.95,Ambos,Recurrente,Ropa,Web,1,481000.0,1
C0278,2025-07,64.0,2,27819.9,Web,Recurrente,Sin compra,Sin compra,0,0.0,0
C0278,2025-08,64.0,4,38637.11,Aplicacion,Recurrente,Belleza,Aplicacion,4,122000.0,1
C0278,2025-09,64.0,6,123159.12,Web,Recurrente,Sin compra,Sin compra,0,0.0,0
C0278,2025-10,64.0,14,99705.03,Web,Recurrente,Ropa,Web,1,349000.0,1
C0278,2025-11,64.0,6,60170.81,Aplicacion,Recurrente,Belleza,Aplicacion,2,145000.0,1
C0278,2025-12,64.0,5,92548.5,Web,Recurrente,Hogar,Web,3,385000.0,1
C0279,2025-01,48.0,9,117544.14,Web,Recurrente,Deportes,Web,3,466000.0,1
C0279,2025-02,,8,113424.24,Web,Recurrente,Sin compra,Sin compra,0,0.0,0
C0279,2025-03,48.0,9,140588.44,Web,Recurrente,Sin compra,Sin compra,0,0.0,0
C0279,2025-04,48.0,8,126274.86,Aplicacion,Recurrente,Hogar,Aplicacion,1,441000.0,1
C0279,2025-05,,4,64104.69,Aplicacion,Recurrente,Hogar,Aplicacion,3,244000.0,1
C0279,2025-06,48.0,3,84222.0,Web,Recurrente,Sin compra,Sin compra,0,0.0,0
C0279,2025-07,48.0,10,123842.43,Web,Recurrente,Belleza,Web,1,381000.0,1
C0279,2025-08,48.0,7,81043.37,Aplicacion,Recurrente,Electronica,Aplicacion,2,594000.0,1
C0279,2025-09,48.0,12,104385.21,Web,Recurrente,Hogar,Web,1,502000.0,1
C0279,2025-10,48.0,5,102132.34,Aplicacion,Recurrente,Hogar,Aplicacion,1,299000.0,1
C0279,2025-11,48.0,8,73834.58,Aplicacion,Recurrente,Electronica,Aplicacion,1,995000.0,1
C0279,2025-12,48.0,8,91252.9,Web,Recurrente,Electronica,Web,1,589000.0,1
C0280,2025-01,48.0,11,131410.16,Web,Recurrente,Deportes,Web,2,483000.0,1
C0280,2025-02,48.0,5,,Web,Recurrente,Sin compra,Sin compra,0,0.0,0
C0280,2025-03,48.0,8,112795.0,Web,Recurrente,Deportes,Web,1,323000.0,1
C0280,2025-04,48.0,6,138230.92,Web,Recurrente,Sin compra,Sin compra,0,0.0,0
C0280,2025-05,48.0,14,118477.24,Ambos,Recurrente,Ropa,Web,1,354000.0,1
C0280,2025-06,48.0,11,115910.75,Aplicacion,Recurrente,Sin compra,Sin compra,0,0.0,0
C0280,2025-07,48.0,2,55541.98,Web,Recurrente,Sin compra,Sin compra,0,0.0,0
C0280,2025-08,48.0,6,112165.2,Web,Recurrente,Belleza,Web,1,331000.0,1
C0280,2025-09,48.0,4,107635.15,Aplicacion,Recurrente,Sin compra,Sin compra,0,0.0,0
C0280,2025-10,48.0,5,104704.4,Web,Recurrente,Sin compra,Sin compra,0,0.0,0
C0280,2025-11,48.0,12,121173.87,Ambos,Recurrente,Sin compra,Sin compra,0,0.0,0
C0280,2025-12,,7,101038.32,Web,Recurrente,Electronica,Web,1,578000.0,1
C0281,2025-01,19.0,6,82751.26,Aplicacion,Nuevo,Sin compra,Sin compra,0,0.0,0
C0281,2025-02,,6,86255.22,Aplicacion,Nuevo,Sin compra,Sin compra,0,0.0,0
C0281,2025-03,19.0,8,107095.72,Aplicacion,Nuevo,Sin compra,Sin compra,0,0.0,0
C0281,2025-04,19.0,4,67887.37,Aplicacion,Nuevo,Sin compra,Sin compra,0,0.0,0
C0281,2025-05,19.0,4,109535.49,Web,Nuevo,Sin compra,Sin compra,0,0.0,0
C0281,2025-06,19.0,19,92743.03,Ambos,Nuevo,Sin compra,Sin compra,0,0.0,0
C0281,2025-07,19.0,8,183828.87,Web,Nuevo,Sin compra,Sin compra,0,0.0,0
C0281,2025-08,19.0,14,112760.96,Ambos,Recurrente,Belleza,Web,2,419000.0,1
C0281,2025-09,19.0,2,58426.19,Web,Recurrente,Sin compra,Sin compra,0,0.0,0
C0281,2025-10,,8,92876.7,Web,Recurrente,Electronica,Web,2,767000.0,1
C0281,2025-11,19.0,8,100227.55,Aplicacion,Recurrente,Sin compra,Sin compra,0,0.0,0
C0281,2025-12,19.0,14,169356.86,Aplicacion,Recurrente,Electronica,Aplicacion,1,1417000.0,1
C0282,2025-01,45.0,12,118645.84,Ambos,Nuevo,Sin compra,Sin compra,0,0.0,0
C0282,2025-02,45.0,6,69697.97,Aplicacion,Recurrente,Ropa,Aplicacion,2,289000.0,1
C0282,2025-03,45.0,7,41556.3,Aplicacion,Recurrente,Sin compra,Sin compra,0,0.0,0
C0282,2025-04,45.0,14,192423.33,Aplicacion,Recurrente,Ropa,Aplicacion,1,520000.0,1
C0282,2025-05,45.0,9,81493.07,Aplicacion,Recurrente,Sin compra,Sin compra,0,0.0,0
C0282,2025-06,45.0,7,60807.86,Web,Recurrente,Hogar,Web,3,245000.0,1
C0282,2025-07,45.0,10,148476.23,Web,Recurrente,Deportes,Web,1,479000.0,1
C0282,2025-08,45.0,12,131520.48,Ambos,Recurrente,Deportes,Web,2,578000.0,1
C0282,2025-09,45.0,6,97169.75,Aplicacion,Recurrente,Belleza,Aplicacion,1,298000.0,1
C0282,2025-10,45.0,6,113957.7,Aplicacion,Recurrente,Hogar,Aplicacion,2,343000.0,1
C0282,2025-11,45.0,6,98064.92,Web,Recurrente,Hogar,Web,4,385000.0,1
C0282,2025-12,45.0,12,117428.96,Ambos,Recurrente,Hogar,Aplicacion,1,409000.0,1
C0283,2025-01,66.0,7,103469.23,Aplicacion,Nuevo,Sin compra,Sin compra,0,0.0,0
C0283,2025-02,66.0,8,120547.02,Aplicacion,Recurrente,Electronica,Aplicacion,2,1081000.0,1
C0283,2025-03,66.0,11,115012.94,Aplicacion,Recurrente,Electronica,Aplicacion,3,1190000.0,1
C0283,2025-04,,13,128139.28,Aplicacion,Recurrente,Sin compra,Sin compra,0,0.0,0
C0283,2025-05,66.0,6,81416.75,Aplicacion,Recurrente,Hogar,Aplicacion,1,377000.0,1
C0283,2025-06,66.0,8,84533.72,Aplicacion,Recurrente,Belleza,Aplicacion,1,242000.0,1
C0283,2025-07,66.0,11,124516.53,Aplicacion,Recurrente,Sin compra,Sin compra,0,0.0,0
C0283,2025-08,66.0,4,50850.39,Web,Recurrente,Sin compra,Sin compra,0,0.0,0
C0283,2025-09,66.0,8,121779.83,Web,Recurrente,Sin compra,Sin compra,0,0.0,0
C0283,2025-10,,7,115100.84,Aplicacion,Recurrente,Sin compra,Sin compra,0,0.0,0
C0283,2025-11,,7,92510.01,Aplicacion,Recurrente,Electronica,Aplicacion,1,870000.0,1
C0283,2025-12,66.0,3,38765.3,Web,Recurrente,Sin compra,Sin compra,0,0.0,0
C0284,2025-01,26.0,11,154871.75,Aplicacion,Recurrente,Hogar,Aplicacion,4,463000.0,1
C0284,2025-02,26.0,6,119736.88,Web,Recurrente,Sin compra,Sin compra,0,0.0,0
C0284,2025-03,26.0,13,151648.26,Ambos,Recurrente,Sin compra,Sin compra,0,0.0,0
C0284,2025-04,26.0,7,85044.18,Web,Recurrente,Sin compra,Sin compra,0,0.0,0
C0284,2025-05,26.0,20,164548.6,Ambos,Recurrente,Sin compra,Sin compra,0,0.0,0
C0284,2025-06,26.0,14,141608.78,Ambos,Recurrente,Ropa,Aplicacion,1,443000.0,1
C0284,2025-07,26.0,12,144287.92,Aplicacion,Recurrente,Sin compra,Sin compra,0,0.0,0
C0284,2025-08,26.0,12,68516.2,Aplicacion,Recurrente,Electronica,Aplicacion,2,763000.0,1
C0284,2025-09,,7,70329.04,Aplicacion,Recurrente,Deportes,Aplicacion,2,282000.0,1
C0284,2025-10,26.0,14,124075.12,Ambos,Recurrente,Deportes,Aplicacion,1,652000.0,1
C0284,2025-11,,10,94773.15,Aplicacion,Recurrente,Belleza,Aplicacion,2,373000.0,1
C0284,2025-12,26.0,10,55012.78,Ambos,Recurrente,Hogar,Aplicacion,2,262000.0,1
C0285,2025-01,18.0,13,105525.92,Ambos,Recurrente,Ropa,Web,2,470000.0,1
C0285,2025-02,18.0,9,92690.32,Aplicacion,Recurrente,Sin compra,Sin compra,0,0.0,0
C0285,2025-03,18.0,5,132301.49,Aplicacion,Recurrente,Electronica,Aplicacion,1,973000.0,1
C0285,2025-04,18.0,8,118729.4,Web,Recurrente,Sin compra,Sin compra,0,0.0,0
C0285,2025-05,18.0,10,64621.69,Aplicacion,Recurrente,Sin compra,Sin compra,0,0.0,0
C0285,2025-06,18.0,5,122999.36,Aplicacion,Recurrente,Ropa,Aplicacion,3,503000.0,1
C0285,2025-07,18.0,6,94025.93,Aplicacion,Recurrente,Electronica,Aplicacion,1,470000.0,1
C0285,2025-08,18.0,6,92908.52,Web,Recurrente,Hogar,Web,2,338000.0,1
C0285,2025-09,18.0,9,97341.0,Aplicacion,Recurrente,Sin compra,Sin compra,0,0.0,0
C0285,2025-10,18.0,5,61312.71,Web,Recurrente,Ropa,Web,1,185000.0,1
C0285,2025-11,18.0,13,77600.97,Aplicacion,Recurrente,Ropa,Aplicacion,2,292000.0,1
C0285,2025-12,18.0,10,133611.06,Ambos,Recurrente,Ropa,Web,1,389000.0,1
C0286,2025-01,24.0,6,129817.28,Aplicacion,Recurrente,Ropa,Aplicacion,2,601000.0,1
C0286,2025-02,24.0,11,156021.91,Ambos,Recurrente,Ropa,Web,1,561000.0,1
C0286,2025-03,24.0,11,154706.08,Web,Recurrente,Sin compra,Sin compra,0,0.0,0
C0286,2025-04,24.0,6,118007.51,Aplicacion,Recurrente,Sin compra,Sin compra,0,0.0,0
C0286,2025-05,24.0,6,75598.87,Web,Recurrente,Belleza,Web,2,245000.0,1
C0286,2025-06,24.0,10,120957.06,Web,Recurrente,Sin compra,Sin compra,0,0.0,0
C0286,2025-07,24.0,10,135734.35,Aplicacion,Recurrente,Electronica,Aplicacion,4,1218000.0,1
C0286,2025-08,24.0,15,159665.79,Ambos,Recurrente,Sin compra,Sin compra,0,0.0,0
C0286,2025-09,24.0,10,88306.77,Aplicacion,Recurrente,Sin compra,Sin compra,0,0.0,0
C0286,2025-10,24.0,16,142939.87,Aplicacion,Recurrente,Ropa,Aplicacion,1,297000.0,1
C0286,2025-11,24.0,16,65469.41,Ambos,Recurrente,Ropa,Web,1,367000.0,1
C0286,2025-12,24.0,9,93558.18,Web,Recurrente,Sin compra,Sin compra,0,0.0,0
C0287,2025-01,60.0,3,84641.23,Aplicacion,Nuevo,Sin compra,Sin compra,0,0.0,0
C0287,2025-02,60.0,4,33314.47,Web,Nuevo,Sin compra,Sin compra,0,0.0,0
C0287,2025-03,60.0,6,118849.06,Web,Nuevo,Sin compra,Sin compra,0,0.0,0
C0287,2025-04,60.0,16,152884.17,Ambos,Recurrente,Deportes,Web,2,357000.0,1
C0287,2025-05,60.0,6,121782.55,Aplicacion,Recurrente,Ropa,Aplicacion,2,397000.0,1
C0287,2025-06,60.0,3,86606.33,Web,Recurrente,Deportes,Web,2,435000.0,1
C0287,2025-07,60.0,8,74827.83,Aplicacion,Recurrente,Sin compra,Sin compra,0,0.0,0
C0287,2025-08,60.0,8,138595.6,Web,Recurrente,Ropa,Web,3,350000.0,1
C0287,2025-09,60.0,8,122162.66,Aplicacion,Recurrente,Sin compra,Sin compra,0,0.0,0
C0287,2025-10,60.0,5,61481.03,Web,Recurrente,Belleza,Web,1,176000.0,1
C0287,2025-11,60.0,12,123023.83,Aplicacion,Recurrente,Hogar,Aplicacion,2,294000.0,1
C0287,2025-12,60.0,10,105764.91,Aplicacion,Recurrente,Hogar,Aplicacion,4,275000.0,1
C0288,2025-01,56.0,12,97822.24,Aplicacion,Nuevo,Sin compra,Sin compra,0,0.0,0
C0288,2025-02,56.0,3,112620.18,Web,Nuevo,Sin compra,Sin compra,0,0.0,0
C0288,2025-03,56.0,14,137868.25,Ambos,Recurrente,Ropa,Aplicacion,1,488000.0,1
C0288,2025-04,56.0,8,57775.43,Web,Recurrente,Electronica,Web,1,538000.0,1
C0288,2025-05,56.0,7,60555.33,Web,Recurrente,Sin compra,Sin compra,0,0.0,0
C0288,2025-06,56.0,4,,Web,Recurrente,Sin compra,Sin compra,0,0.0,0
C0288,2025-07,56.0,13,139118.0,Ambos,Recurrente,Ropa,Web,1,421000.0,1
C0288,2025-08,56.0,9,159550.48,Web,Recurrente,Deportes,Web,1,564000.0,1
C0288,2025-09,56.0,14,139532.1,Web,Recurrente,Sin compra,Sin compra,0,0.0,0
C0288,2025-10,56.0,8,100350.4,Aplicacion,Recurrente,Sin compra,Sin compra,0,0.0,0
C0288,2025-11,56.0,8,98409.73,Web,Recurrente,Sin compra,Sin compra,0,0.0,0
C0288,2025-12,56.0,5,14168.84,Aplicacion,Recurrente,Sin compra,Sin compra,0,0.0,0
C0289,2025-01,35.0,16,110930.95,Ambos,Recurrente,Ropa,Web,3,365000.0,1
C0289,2025-02,35.0,8,163562.62,Web,Recurrente,Electronica,Web,2,979000.0,1
C0289,2025-03,35.0,9,144786.14,Aplicacion,Recurrente,Sin compra,Sin compra,0,0.0,0
C0289,2025-04,35.0,11,96400.2,Ambos,Recurrente,Belleza,Web,3,297000.0,1
C0289,2025-05,35.0,6,66360.05,Web,Recurrente,Sin compra,Sin compra,0,0.0,0
C0289,2025-06,35.0,10,114401.03,Aplicacion,Recurrente,Electronica,Aplicacion,2,701000.0,1
C0289,2025-07,35.0,18,111265.25,Ambos,Recurrente,Belleza,Web,2,244000.0,1
C0289,2025-08,35.0,6,105554.53,Aplicacion,Recurrente,Deportes,Aplicacion,1,343000.0,1
C0289,2025-09,35.0,13,168569.97,Aplicacion,Recurrente,Hogar,Aplicacion,2,648000.0,1
C0289,2025-10,35.0,10,117678.01,Aplicacion,Recurrente,Belleza,Aplicacion,1,471000.0,1
C0289,2025-11,35.0,8,48572.03,Aplicacion,Recurrente,Electronica,Aplicacion,1,528000.0,1
C0289,2025-12,35.0,5,75657.21,Aplicacion,Recurrente,Deportes,Aplicacion,2,258000.0,1
C0290,2025-01,38.0,6,89738.25,Web,Nuevo,Sin compra,Sin compra,0,0.0,0
C0290,2025-02,38.0,8,82437.05,Aplicacion,Recurrente,Belleza,Aplicacion,3,233000.0,1
C0290,2025-03,38.0,6,90987.28,Aplicacion,Recurrente,Belleza,Aplicacion,1,283000.0,1
C0290,2025-04,38.0,5,52820.45,Web,Recurrente,Sin compra,Sin compra,0,0.0,0
C0290,2025-05,38.0,7,97855.74,Web,Recurrente,Sin compra,Sin compra,0,0.0,0
C0290,2025-06,38.0,4,84793.8,Web,Recurrente,Sin compra,Sin compra,0,0.0,0
C0290,2025-07,38.0,23,181113.0,Ambos,Recurrente,Electronica,Aplicacion,2,1526000.0,1
C0290,2025-08,38.0,10,112882.96,Aplicacion,Recurrente,Sin compra,Sin compra,0,0.0,0
C0290,2025-09,38.0,9,136839.83,Aplicacion,Recurrente,Deportes,Aplicacion,2,458000.0,1
C0290,2025-10,38.0,9,131283.66,Aplicacion,Recurrente,Electronica,Aplicacion,1,890000.0,1
C0290,2025-11,38.0,5,110149.43,Web,Recurrente,Belleza,Web,2,360000.0,1
C0290,2025-12,38.0,10,93085.91,Aplicacion,Recurrente,Ropa,Aplicacion,1,207000.0,1
C0291,2025-01,28.0,6,,Web,Nuevo,Sin compra,Sin compra,0,0.0,0
C0291,2025-02,28.0,6,99855.63,Aplicacion,Recurrente,Hogar,Aplicacion,4,414000.0,1
C0291,2025-03,28.0,10,160436.92,Aplicacion,Recurrente,Deportes,Aplicacion,1,752000.0,1
C0291,2025-04,28.0,6,124609.37,Aplicacion,Recurrente,Sin compra,Sin compra,0,0.0,0
C0291,2025-05,28.0,9,108138.02,Aplicacion,Recurrente,Deportes,Aplicacion,1,298000.0,1
C0291,2025-06,28.0,7,92788.06,Aplicacion,Recurrente,Deportes,Aplicacion,3,374000.0,1
C0291,2025-07,28.0,6,70037.34,Web,Recurrente,Sin compra,Sin compra,0,0.0,0
C0291,2025-08,28.0,12,76687.51,Ambos,Recurrente,Ropa,Aplicacion,3,271000.0,1
C0291,2025-09,28.0,7,87729.85,Aplicacion,Recurrente,Hogar,Aplicacion,1,287000.0,1
C0291,2025-10,28.0,3,84557.31,Web,Recurrente,Electronica,Web,1,732000.0,1
C0291,2025-11,28.0,10,113239.34,Web,Recurrente,Electronica,Web,1,1004000.0,1
C0291,2025-12,28.0,20,144658.41,Ambos,Recurrente,Electronica,Web,1,1139000.0,1
C0292,2025-01,38.0,10,114489.84,Web,Recurrente,Deportes,Web,2,577000.0,1
C0292,2025-02,38.0,16,149647.33,Ambos,Recurrente,Ropa,Aplicacion,2,563000.0,1
C0292,2025-03,38.0,14,157149.28,Ambos,Recurrente,Hogar,Aplicacion,2,398000.0,1
C0292,2025-04,38.0,5,127779.73,Aplicacion,Recurrente,Ropa,Aplicacion,2,545000.0,1
C0292,2025-05,38.0,8,94403.83,Web,Recurrente,Deportes,Web,1,350000.0,1
C0292,2025-06,38.0,9,94374.95,Aplicacion,Recurrente,Sin compra,Sin compra,0,0.0,0
C0292,2025-07,38.0,11,160710.95,Aplicacion,Recurrente,Belleza,Aplicacion,1,672000.0,1
C0292,2025-08,38.0,12,109638.03,Web,Recurrente,Sin compra,Sin compra,0,0.0,0
C0292,2025-09,38.0,9,65286.62,Aplicacion,Recurrente,Ropa,Aplicacion,1,207000.0,1
C0292,2025-10,38.0,5,63534.44,Web,Recurrente,Electronica,Web,2,444000.0,1
C0292,2025-11,38.0,10,103336.74,Ambos,Recurrente,Hogar,Web,2,361000.0,1
C0292,2025-12,38.0,9,95567.22,Web,Recurrente,Electronica,Web,1,823000.0,1
C0293,2025-01,44.0,10,116068.85,Web,Recurrente,Electronica,Web,1,1049000.0,1
C0293,2025-02,44.0,7,82348.9,Web,Recurrente,Belleza,Web,4,235000.0,1
C0293,2025-03,44.0,9,57759.33,Web,Recurrente,Ropa,Web,2,460000.0,1
C0293,2025-04,44.0,13,134143.13,Ambos,Recurrente,Deportes,Web,2,395000.0,1
C0293,2025-05,44.0,13,85278.86,Ambos,Recurrente,Electronica,Aplicacion,1,687000.0,1
C0293,2025-06,44.0,8,96173.05,Web,Recurrente,Ropa,Web,2,494000.0,1
C0293,2025-07,44.0,11,120030.06,Web,Recurrente,Ropa,Web,2,592000.0,1
C0293,2025-08,44.0,4,79595.91,Aplicacion,Recurrente,Deportes,Aplicacion,1,383000.0,1
C0293,2025-09,44.0,10,77180.72,Ambos,Recurrente,Deportes,Aplicacion,2,327000.0,1
C0293,2025-10,44.0,6,34594.51,Web,Recurrente,Ropa,Web,2,161000.0,1
C0293,2025-11,44.0,5,82796.9,Web,Recurrente,Deportes,Web,3,464000.0,1
C0293,2025-12,44.0,7,101505.7,Web,Recurrente,Electronica,Web,2,610000.0,1
C0294,2025-01,38.0,7,85108.6,Aplicacion,Recurrente,Ropa,Aplicacion,1,262000.0,1
C0294,2025-02,38.0,21,166037.17,Ambos,Recurrente,Belleza,Web,1,546000.0,1
C0294,2025-03,38.0,14,119145.09,Ambos,Recurrente,Ropa,Web,2,433000.0,1
C0294,2025-04,38.0,14,104060.86,Web,Recurrente,Hogar,Web,1,513000.0,1
C0294,2025-05,38.0,10,150619.09,Ambos,Recurrente,Hogar,Web,1,545000.0,1
C0294,2025-06,38.0,11,152412.03,Web,Recurrente,Electronica,Web,1,1210000.0,1
C0294,2025-07,38.0,11,126368.83,Web,Recurrente,Ropa,Web,1,463000.0,1
C0294,2025-08,38.0,16,82773.1,Aplicacion,Recurrente,Electronica,Aplicacion,3,713000.0,1
C0294,2025-09,38.0,10,,Web,Recurrente,Belleza,Web,1,359000.0,1
C0294,2025-10,38.0,11,71500.89,Aplicacion,Recurrente,Deportes,Aplicacion,1,230000.0,1
C0294,2025-11,38.0,8,73496.92,Web,Recurrente,Electronica,Web,1,516000.0,1
C0294,2025-12,38.0,7,155063.05,Aplicacion,Recurrente,Belleza,Aplicacion,1,456000.0,1
C0295,2025-01,65.0,17,147530.1,Ambos,Recurrente,Belleza,Web,1,444000.0,1
C0295,2025-02,65.0,6,100156.85,Web,Recurrente,Belleza,Web,1,353000.0,1
C0295,2025-03,65.0,9,82096.93,Web,Recurrente,Sin compra,Sin compra,0,0.0,0
C0295,2025-04,65.0,4,71582.43,Web,Recurrente,Sin compra,Sin compra,0,0.0,0
C0295,2025-05,65.0,13,100136.19,Ambos,Recurrente,Sin compra,Sin compra,0,0.0,0
C0295,2025-06,65.0,5,44041.5,Web,Recurrente,Sin compra,Sin compra,0,0.0,0
C0295,2025-07,65.0,12,94501.94,Ambos,Recurrente,Hogar,Aplicacion,1,379000.0,1
C0295,2025-08,65.0,6,99446.55,Web,Recurrente,Sin compra,Sin compra,0,0.0,0
C0295,2025-09,65.0,11,154554.53,Ambos,Recurrente,Belleza,Web,1,496000.0,1
C0295,2025-10,65.0,11,127992.24,Web,Recurrente,Sin compra,Sin compra,0,0.0,0
C0295,2025-11,65.0,12,122058.14,Aplicacion,Recurrente,Sin compra,Sin compra,0,0.0,0
C0295,2025-12,65.0,6,30300.48,Aplicacion,Recurrente,Sin compra,Sin compra,0,0.0,0
C0296,2025-01,37.0,13,120719.54,Aplicacion,Recurrente,Belleza,Aplicacion,1,475000.0,1
C0296,2025-02,37.0,12,149266.16,Web,Recurrente,Sin compra,Sin compra,0,0.0,0
C0296,2025-03,37.0,6,64507.46,Web,Recurrente,Sin compra,Sin compra,0,0.0,0
C0296,2025-04,37.0,13,69472.91,Aplicacion,Recurrente,Electronica,Aplicacion,3,455000.0,1
C0296,2025-05,37.0,7,95734.92,Aplicacion,Recurrente,Sin compra,Sin compra,0,0.0,0
C0296,2025-06,37.0,13,92303.28,Aplicacion,Recurrente,Sin compra,Sin compra,0,0.0,0
C0296,2025-07,37.0,9,63650.16,Aplicacion,Recurrente,Hogar,Aplicacion,1,218000.0,1
C0296,2025-08,37.0,13,172756.22,Ambos,Recurrente,Sin compra,Sin compra,0,0.0,0
C0296,2025-09,37.0,6,45160.56,Web,Recurrente,Sin compra,Sin compra,0,0.0,0
C0296,2025-10,37.0,8,111523.59,Aplicacion,Recurrente,Deportes,Aplicacion,3,364000.0,1
C0296,2025-11,37.0,5,102924.79,Web,Recurrente,Electronica,Web,3,1104000.0,1
C0296,2025-12,37.0,17,186995.98,Ambos,Recurrente,Ropa,Aplicacion,1,558000.0,1
C0297,2025-01,52.0,10,150801.27,Aplicacion,Nuevo,Sin compra,Sin compra,0,0.0,0
C0297,2025-02,52.0,13,107269.69,Aplicacion,Recurrente,Deportes,Aplicacion,1,570000.0,1
C0297,2025-03,52.0,4,75355.08,Web,Recurrente,Ropa,Web,1,312000.0,1
C0297,2025-04,52.0,16,108457.05,Ambos,Recurrente,Deportes,Web,1,425000.0,1
C0297,2025-05,52.0,9,123602.69,Web,Recurrente,Electronica,Web,2,1020000.0,1
C0297,2025-06,52.0,18,211046.76,Ambos,Recurrente,Deportes,Aplicacion,1,800000.0,1
C0297,2025-07,52.0,5,87529.79,Web,Recurrente,Hogar,Web,3,297000.0,1
C0297,2025-08,52.0,6,97192.29,Aplicacion,Recurrente,Sin compra,Sin compra,0,0.0,0
C0297,2025-09,52.0,6,100333.45,Aplicacion,Recurrente,Ropa,Aplicacion,2,444000.0,1
C0297,2025-10,52.0,6,106424.65,Web,Recurrente,Hogar,Web,2,420000.0,1
C0297,2025-11,52.0,8,31375.94,Web,Recurrente,Hogar,Web,2,172000.0,1
C0297,2025-12,52.0,11,67741.61,Ambos,Recurrente,Electronica,Web,1,546000.0,1
C0298,2025-01,35.0,18,152714.76,Ambos,Recurrente,Ropa,Web,1,585000.0,1
C0298,2025-02,35.0,5,124523.11,Aplicacion,Recurrente,Deportes,Aplicacion,1,462000.0,1
C0298,2025-03,35.0,10,98320.87,Web,Recurrente,Sin compra,Sin compra,0,0.0,0
C0298,2025-04,35.0,4,118193.37,Web,Recurrente,Sin compra,Sin compra,0,0.0,0
C0298,2025-05,35.0,9,76792.62,Web,Recurrente,Sin compra,Sin compra,0,0.0,0
C0298,2025-06,35.0,15,127707.29,Ambos,Recurrente,Hogar,Web,3,580000.0,1
C0298,2025-07,35.0,13,194551.66,Ambos,Recurrente,Ropa,Aplicacion,1,966000.0,1
C0298,2025-08,35.0,12,134438.66,Ambos,Recurrente,Hogar,Web,1,563000.0,1
C0298,2025-09,35.0,7,97982.67,Web,Recurrente,Sin compra,Sin compra,0,0.0,0
C0298,2025-10,,4,96488.05,Web,Recurrente,Sin compra,Sin compra,0,0.0,0
C0298,2025-11,35.0,4,72723.9,Web,Recurrente,Sin compra,Sin compra,0,0.0,0
C0298,2025-12,35.0,4,89540.97,Web,Recurrente,Sin compra,Sin compra,0,0.0,0
C0299,2025-01,27.0,11,142747.78,Aplicacion,Recurrente,Deportes,Aplicacion,1,435000.0,1
C0299,2025-02,27.0,13,86861.09,Aplicacion,Recurrente,Sin compra,Sin compra,0,0.0,0
C0299,2025-03,27.0,10,105197.72,Aplicacion,Recurrente,Sin compra,Sin compra,0,0.0,0
C0299,2025-04,27.0,13,147451.52,Aplicacion,Recurrente,Sin compra,Sin compra,0,0.0,0
C0299,2025-05,27.0,14,146980.05,Ambos,Recurrente,Sin compra,Sin compra,0,0.0,0
C0299,2025-06,27.0,7,135581.68,Web,Recurrente,Sin compra,Sin compra,0,0.0,0
C0299,2025-07,27.0,15,123776.77,Ambos,Recurrente,Sin compra,Sin compra,0,0.0,0
C0299,2025-08,27.0,5,74303.4,Aplicacion,Recurrente,Sin compra,Sin compra,0,0.0,0
C0299,2025-09,27.0,13,81130.95,Ambos,Recurrente,Sin compra,Sin compra,0,0.0,0
C0299,2025-10,27.0,21,97335.23,Ambos,Recurrente,Hogar,Aplicacion,2,377000.0,1
C0299,2025-11,27.0,11,133984.0,Web,Recurrente,Hogar,Web,1,382000.0,1
C0299,2025-12,27.0,9,131082.04,Aplicacion,Recurrente,Sin compra,Sin compra,0,0.0,0
C0300,2025-01,56.0,6,124485.63,Aplicacion,Recurrente,Ropa,Aplicacion,3,327000.0,1
C0300,2025-02,56.0,8,130027.08,Web,Recurrente,Belleza,Web,2,308000.0,1
C0300,2025-03,56.0,7,122921.45,Web,Recurrente,Sin compra,Sin compra,0,0.0,0
C0300,2025-04,56.0,13,120209.04,Aplicacion,Recurrente,Sin compra,Sin compra,0,0.0,0
C0300,2025-05,56.0,7,104016.41,Aplicacion,Recurrente,Ropa,Aplicacion,1,419000.0,1
C0300,2025-06,56.0,8,81015.74,Ambos,Recurrente,Electronica,Aplicacion,1,431000.0,1
C0300,2025-07,56.0,4,55888.94,Web,Recurrente,Sin compra,Sin compra,0,0.0,0
C0300,2025-08,56.0,6,112806.94,Aplicacion,Recurrente,Belleza,Aplicacion,2,460000.0,1
C0300,2025-09,56.0,6,72351.86,Web,Recurrente,Sin compra,Sin compra,0,0.0,0
C0300,2025-10,56.0,7,112570.49,Aplicacion,Recurrente,Ropa,Aplicacion,2,326000.0,1
C0300,2025-11,56.0,11,92541.29,Aplicacion,Recurrente,Electronica,Aplicacion,1,588000.0,1
C0300,2025-12,56.0,16,135775.28,Ambos,Recurrente,Electronica,Web,1,922000.0,1
C0301,2025-01,20.0,6,57919.53,Web,Recurrente,Electronica,Web,2,500000.0,1
C0301,2025-02,20.0,9,87553.73,Web,Recurrente,Sin compra,Sin compra,0,0.0,0
C0301,2025-03,20.0,9,159800.15,Aplicacion,Recurrente,Sin compra,Sin compra,0,0.0,0
C0301,2025-04,20.0,7,114915.25,Aplicacion,Recurrente,Ropa,Aplicacion,3,378000.0,1
C0301,2025-05,20.0,5,17548.99,Aplicacion,Recurrente,Sin compra,Sin compra,0,0.0,0
C0301,2025-06,20.0,8,131315.19,Aplicacion,Recurrente,Sin compra,Sin compra,0,0.0,0
C0301,2025-07,20.0,5,82917.92,Web,Recurrente,Hogar,Web,2,281000.0,1
C0301,2025-08,20.0,11,109066.8,Aplicacion,Recurrente,Belleza,Aplicacion,1,439000.0,1
C0301,2025-09,20.0,10,100421.36,Ambos,Recurrente,Belleza,Aplicacion,3,255000.0,1
C0301,2025-10,20.0,9,149939.33,Web,Recurrente,Sin compra,Sin compra,0,0.0,0
C0301,2025-11,20.0,5,20512.45,Web,Recurrente,Belleza,Web,4,100000.0,1
C0301,2025-12,20.0,7,109561.61,Aplicacion,Recurrente,Ropa,Aplicacion,4,415000.0,1
C0302,2025-01,,16,92986.74,Ambos,Nuevo,Sin compra,Sin compra,0,0.0,0
C0302,2025-02,42.0,5,140869.74,Aplicacion,Recurrente,Deportes,Aplicacion,2,354000.0,1
C0302,2025-03,42.0,8,122356.19,Aplicacion,Recurrente,Sin compra,Sin compra,0,0.0,0
C0302,2025-04,42.0,10,151072.17,Web,Recurrente,Belleza,Web,1,392000.0,1
C0302,2025-05,42.0,3,45425.48,Web,Recurrente,Sin compra,Sin compra,0,0.0,0
C0302,2025-06,42.0,10,88241.27,Web,Recurrente,Ropa,Web,4,352000.0,1
C0302,2025-07,42.0,8,61311.7,Aplicacion,Recurrente,Sin compra,Sin compra,0,0.0,0
C0302,2025-08,42.0,5,100488.64,Aplicacion,Recurrente,Sin compra,Sin compra,0,0.0,0
C0302,2025-09,42.0,4,75273.1,Web,Recurrente,Electronica,Web,1,669000.0,1
C0302,2025-10,42.0,10,122059.05,Aplicacion,Recurrente,Sin compra,Sin compra,0,0.0,0
C0302,2025-11,42.0,6,123577.57,Web,Recurrente,Sin compra,Sin compra,0,0.0,0
C0302,2025-12,42.0,7,145536.5,Web,Recurrente,Ropa,Web,2,513000.0,1
C0303,2025-01,50.0,4,51917.33,Web,Nuevo,Sin compra,Sin compra,0,0.0,0
C0303,2025-02,50.0,11,124138.68,Aplicacion,Nuevo,Sin compra,Sin compra,0,0.0,0
C0303,2025-03,50.0,6,91137.61,Aplicacion,Nuevo,Sin compra,Sin compra,0,0.0,0
C0303,2025-04,50.0,8,116654.93,Aplicacion,Recurrente,Ropa,Aplicacion,2,438000.0,1
C0303,2025-05,50.0,7,87752.07,Web,Recurrente,Belleza,Web,2,286000.0,1
C0303,2025-06,,13,135993.88,Aplicacion,Recurrente,Deportes,Aplicacion,1,501000.0,1
C0303,2025-07,50.0,7,60309.07,Aplicacion,Recurrente,Sin compra,Sin compra,0,0.0,0
C0303,2025-08,50.0,4,86456.12,Web,Recurrente,Ropa,Web,2,295000.0,1
C0303,2025-09,50.0,18,166802.48,Ambos,Recurrente,Electronica,Web,2,1286000.0,1
C0303,2025-10,50.0,9,150749.41,Web,Recurrente,Deportes,Web,2,608000.0,1
C0303,2025-11,50.0,15,,Ambos,Recurrente,Deportes,Aplicacion,2,407000.0,1
C0303,2025-12,50.0,10,113403.59,Aplicacion,Recurrente,Belleza,Aplicacion,1,433000.0,1
C0304,2025-01,26.0,11,154470.27,Ambos,Recurrente,Ropa,Aplicacion,2,500000.0,1
C0304,2025-02,26.0,15,156754.78,Ambos,Recurrente,Sin compra,Sin compra,0,0.0,0
C0304,2025-03,26.0,15,139519.88,Ambos,Recurrente,Ropa,Aplicacion,1,571000.0,1
C0304,2025-04,26.0,8,157111.1,Aplicacion,Recurrente,Sin compra,Sin compra,0,0.0,0
C0304,2025-05,26.0,8,158723.97,Web,Recurrente,Sin compra,Sin compra,0,0.0,0
C0304,2025-06,26.0,8,82012.03,Ambos,Recurrente,Electronica,Aplicacion,2,426000.0,1
C0304,2025-07,26.0,15,123955.07,Aplicacion,Recurrente,Electronica,Aplicacion,4,1504000.0,1
C0304,2025-08,26.0,11,126207.5,Aplicacion,Recurrente,Electronica,Aplicacion,3,826000.0,1
C0304,2025-09,26.0,2,82993.74,Web,Recurrente,Ropa,Web,1,252000.0,1
C0304,2025-10,26.0,6,97102.57,Web,Recurrente,Ropa,Web,1,295000.0,1
C0304,2025-11,26.0,11,127344.98,Ambos,Recurrente,Electronica,Aplicacion,1,1442000.0,1
C0304,2025-12,26.0,12,89649.12,Ambos,Recurrente,Hogar,Aplicacion,1,275000.0,1
C0305,2025-01,36.0,7,92318.37,Aplicacion,Nuevo,Sin compra,Sin compra,0,0.0,0
C0305,2025-02,36.0,15,114126.82,Ambos,Recurrente,Electronica,Web,3,887000.0,1
C0305,2025-03,36.0,12,133375.54,Aplicacion,Recurrente,Ropa,Aplicacion,1,425000.0,1
C0305,2025-04,36.0,10,117767.91,Aplicacion,Recurrente,Electronica,Aplicacion,1,1472000.0,1
C0305,2025-05,36.0,5,32736.37,Web,Recurrente,Belleza,Web,2,185000.0,1
C0305,2025-06,36.0,14,118275.98,Aplicacion,Recurrente,Deportes,Aplicacion,1,368000.0,1
C0305,2025-07,36.0,14,106899.2,Ambos,Recurrente,Hogar,Aplicacion,1,403000.0,1
C0305,2025-08,36.0,6,,Aplicacion,Recurrente,Ropa,Aplicacion,1,357000.0,1
C0305,2025-09,36.0,12,129108.08,Ambos,Recurrente,Hogar,Aplicacion,1,412000.0,1
C0305,2025-10,36.0,9,91866.75,Ambos,Recurrente,Deportes,Web,2,453000.0,1
C0305,2025-11,36.0,7,,Aplicacion,Recurrente,Sin compra,Sin compra,0,0.0,0
C0305,2025-12,36.0,1,72131.99,Aplicacion,Recurrente,Hogar,Aplicacion,4,278000.0,1
C0306,2025-01,47.0,10,86207.72,Aplicacion,Nuevo,Sin compra,Sin compra,0,0.0,0
C0306,2025-02,47.0,11,128085.11,Web,Nuevo,Sin compra,Sin compra,0,0.0,0
C0306,2025-03,47.0,5,55453.71,Web,Nuevo,Sin compra,Sin compra,0,0.0,0
C0306,2025-04,47.0,7,75406.99,Aplicacion,Nuevo,Sin compra,Sin compra,0,0.0,0
C0306,2025-05,47.0,8,119055.6,Ambos,Nuevo,Sin compra,Sin compra,0,0.0,0
C0306,2025-06,47.0,9,150062.82,Aplicacion,Recurrente,Hogar,Aplicacion,2,378000.0,1
C0306,2025-07,47.0,10,52800.59,Web,Recurrente,Sin compra,Sin compra,0,0.0,0
C0306,2025-08,47.0,13,114568.31,Aplicacion,Recurrente,Belleza,Aplicacion,2,386000.0,1
C0306,2025-09,47.0,8,107083.52,Aplicacion,Recurrente,Hogar,Aplicacion,1,393000.0,1
C0306,2025-10,47.0,21,188508.69,Ambos,Recurrente,Sin compra,Sin compra,0,0.0,0
C0306,2025-11,47.0,13,75901.62,Ambos,Recurrente,Sin compra,Sin compra,0,0.0,0
C0306,2025-12,47.0,18,101026.96,Ambos,Recurrente,Belleza,Web,2,333000.0,1
C0307,2025-01,54.0,6,93871.57,Aplicacion,Recurrente,Hogar,Aplicacion,1,367000.0,1
C0307,2025-02,54.0,6,104515.57,Web,Recurrente,Sin compra,Sin compra,0,0.0,0
C0307,2025-03,54.0,7,88026.53,Aplicacion,Recurrente,Sin compra,Sin compra,0,0.0,0
C0307,2025-04,54.0,8,147705.94,Web,Recurrente,Deportes,Web,1,567000.0,1
C0307,2025-05,54.0,10,67964.68,Web,Recurrente,Hogar,Web,1,276000.0,1
C0307,2025-06,54.0,7,117244.45,Web,Recurrente,Sin compra,Sin compra,0,0.0,0
C0307,2025-07,54.0,6,101227.47,Web,Recurrente,Sin compra,Sin compra,0,0.0,0
C0307,2025-08,54.0,8,108779.84,Web,Recurrente,Sin compra,Sin compra,0,0.0,0
C0307,2025-09,54.0,13,174764.48,Aplicacion,Recurrente,Hogar,Aplicacion,1,549000.0,1
C0307,2025-10,54.0,10,105964.68,Aplicacion,Recurrente,Deportes,Aplicacion,1,413000.0,1
C0307,2025-11,54.0,5,,Web,Recurrente,Deportes,Web,2,255000.0,1
C0307,2025-12,54.0,10,95820.26,Web,Recurrente,Sin compra,Sin compra,0,0.0,0
C0308,2025-01,20.0,12,137507.7,Web,Recurrente,Electronica,Web,2,1292000.0,1
C0308,2025-02,20.0,5,78245.67,Web,Recurrente,Sin compra,Sin compra,0,0.0,0
C0308,2025-03,20.0,7,83347.34,Aplicacion,Recurrente,Sin compra,Sin compra,0,0.0,0
C0308,2025-04,20.0,14,133019.25,Ambos,Recurrente,Electronica,Aplicacion,1,807000.0,1
C0308,2025-05,20.0,6,80405.41,Aplicacion,Recurrente,Sin compra,Sin compra,0,0.0,0
C0308,2025-06,20.0,4,134138.03,Web,Recurrente,Sin compra,Sin compra,0,0.0,0
C0308,2025-07,20.0,13,174609.16,Web,Recurrente,Ropa,Web,1,578000.0,1
C0308,2025-08,20.0,10,135129.44,Ambos,Recurrente,Ropa,Web,1,427000.0,1
C0308,2025-09,20.0,5,59538.49,Web,Recurrente,Hogar,Web,2,269000.0,1
C0308,2025-10,20.0,10,136479.72,Ambos,Recurrente,Ropa,Aplicacion,1,398000.0,1
C0308,2025-11,20.0,8,113050.36,Web,Recurrente,Sin compra,Sin compra,0,0.0,0
C0308,2025-12,20.0,13,174477.83,Ambos,Recurrente,Electronica,Aplicacion,2,1407000.0,1
C0309,2025-01,64.0,10,65921.11,Aplicacion,Nuevo,Sin compra,Sin compra,0,0.0,0
C0309,2025-02,64.0,10,120660.07,Web,Recurrente,Deportes,Web,1,306000.0,1
C0309,2025-03,64.0,2,58491.04,Aplicacion,Recurrente,Hogar,Aplicacion,3,296000.0,1
C0309,2025-04,64.0,13,93511.48,Ambos,Recurrente,Hogar,Aplicacion,2,425000.0,1
C0309,2025-05,64.0,7,75406.31,Aplicacion,Recurrente,Electronica,Aplicacion,1,755000.0,1
C0309,2025-06,64.0,13,,Aplicacion,Recurrente,Deportes,Aplicacion,2,357000.0,1
C0309,2025-07,64.0,8,96172.59,Web,Recurrente,Ropa,Web,3,346000.0,1
C0309,2025-08,64.0,9,70551.43,Web,Recurrente,Belleza,Web,1,231000.0,1
C0309,2025-09,64.0,4,106838.67,Aplicacion,Recurrente,Deportes,Aplicacion,1,357000.0,1
C0309,2025-10,64.0,7,121109.23,Aplicacion,Recurrente,Deportes,Aplicacion,1,332000.0,1
C0309,2025-11,64.0,8,102195.85,Web,Recurrente,Electronica,Web,1,788000.0,1
C0309,2025-12,64.0,6,129439.43,Web,Recurrente,Ropa,Web,1,243000.0,1
C0310,2025-01,35.0,7,108142.24,Aplicacion,Nuevo,Sin compra,Sin compra,0,0.0,0
C0310,2025-02,35.0,5,157125.99,Web,Recurrente,Belleza,Web,3,565000.0,1
C0310,2025-03,35.0,4,69464.04,Web,Recurrente,Sin compra,Sin compra,0,0.0,0
C0310,2025-04,35.0,13,92452.57,Ambos,Recurrente,Electronica,Aplicacion,1,617000.0,1
C0310,2025-05,35.0,9,149964.7,Ambos,Recurrente,Sin compra,Sin compra,0,0.0,0
C0310,2025-06,35.0,7,164048.88,Aplicacion,Recurrente,Hogar,Aplicacion,2,666000.0,1
C0310,2025-07,35.0,7,75762.15,Web,Recurrente,Sin compra,Sin compra,0,0.0,0
C0310,2025-08,35.0,8,89834.02,Aplicacion,Recurrente,Sin compra,Sin compra,0,0.0,0
C0310,2025-09,35.0,5,,Aplicacion,Recurrente,Electronica,Aplicacion,1,1041000.0,1
C0310,2025-10,35.0,12,124490.31,Ambos,Recurrente,Deportes,Aplicacion,2,511000.0,1
C0310,2025-11,35.0,10,109298.86,Web,Recurrente,Electronica,Web,1,688000.0,1
C0310,2025-12,35.0,11,120397.64,Ambos,Recurrente,Sin compra,Sin compra,0,0.0,0
C0311,2025-01,25.0,12,94360.18,Aplicacion,Nuevo,Sin compra,Sin compra,0,0.0,0
C0311,2025-02,25.0,10,99389.69,Aplicacion,Nuevo,Sin compra,Sin compra,0,0.0,0
C0311,2025-03,25.0,15,87217.88,Ambos,Recurrente,Electronica,Web,1,829000.0,1
C0311,2025-04,25.0,5,126412.22,Aplicacion,Recurrente,Sin compra,Sin compra,0,0.0,0
C0311,2025-05,25.0,5,52169.92,Web,Recurrente,Sin compra,Sin compra,0,0.0,0
C0311,2025-06,25.0,9,101821.52,Web,Recurrente,Sin compra,Sin compra,0,0.0,0
C0311,2025-07,25.0,4,32216.78,Web,Recurrente,Sin compra,Sin compra,0,0.0,0
C0311,2025-08,25.0,9,110578.57,Aplicacion,Recurrente,Sin compra,Sin compra,0,0.0,0
C0311,2025-09,25.0,25,208228.35,Ambos,Recurrente,Belleza,Aplicacion,2,768000.0,1
C0311,2025-10,25.0,13,98270.41,Aplicacion,Recurrente,Sin compra,Sin compra,0,0.0,0
C0311,2025-11,25.0,16,160341.9,Aplicacion,Recurrente,Sin compra,Sin compra,0,0.0,0
C0311,2025-12,25.0,9,113003.73,Web,Recurrente,Sin compra,Sin compra,0,0.0,0
C0312,2025-01,38.0,9,107022.73,Aplicacion,Nuevo,Sin compra,Sin compra,0,0.0,0
C0312,2025-02,38.0,9,78189.33,Web,Nuevo,Sin compra,Sin compra,0,0.0,0
C0312,2025-03,38.0,14,121623.75,Ambos,Recurrente,Deportes,Aplicacion,1,521000.0,1
C0312,2025-04,38.0,7,126219.93,Aplicacion,Recurrente,Electronica,Aplicacion,1,1023000.0,1
C0312,2025-05,38.0,13,129177.24,Ambos,Recurrente,Electronica,Aplicacion,2,1035000.0,1
C0312,2025-06,38.0,10,67286.8,Aplicacion,Recurrente,Hogar,Aplicacion,4,271000.0,1
C0312,2025-07,38.0,13,119082.68,Aplicacion,Recurrente,Electronica,Aplicacion,1,907000.0,1
C0312,2025-08,38.0,18,97408.58,Ambos,Recurrente,Deportes,Aplicacion,1,410000.0,1
C0312,2025-09,38.0,14,109184.54,Ambos,Recurrente,Ropa,Web,2,385000.0,1
C0312,2025-10,38.0,6,126817.12,Web,Recurrente,Ropa,Web,2,379000.0,1
C0312,2025-11,38.0,15,174482.02,Aplicacion,Recurrente,Electronica,Aplicacion,2,1227000.0,1
C0312,2025-12,38.0,9,109101.73,Aplicacion,Recurrente,Deportes,Aplicacion,1,392000.0,1
C0313,2025-01,35.0,12,113127.37,Aplicacion,Recurrente,Hogar,Aplicacion,2,386000.0,1
C0313,2025-02,35.0,3,113939.96,Aplicacion,Recurrente,Belleza,Aplicacion,1,406000.0,1
C0313,2025-03,35.0,7,152837.96,Web,Recurrente,Electronica,Web,1,1118000.0,1
C0313,2025-04,35.0,13,,Web,Recurrente,Deportes,Web,1,501000.0,1
C0313,2025-05,35.0,14,114352.93,Aplicacion,Recurrente,Sin compra,Sin compra,0,0.0,0
C0313,2025-06,35.0,5,68711.04,Web,Recurrente,Electronica,Web,1,489000.0,1
C0313,2025-07,35.0,5,44553.01,Web,Recurrente,Deportes,Web,1,158000.0,1
C0313,2025-08,35.0,7,142530.04,Aplicacion,Recurrente,Electronica,Aplicacion,1,934000.0,1
C0313,2025-09,35.0,9,190671.02,Web,Recurrente,Ropa,Web,1,573000.0,1
C0313,2025-10,35.0,12,166825.27,Aplicacion,Recurrente,Electronica,Aplicacion,4,1241000.0,1
C0313,2025-11,35.0,8,154564.43,Aplicacion,Recurrente,Sin compra,Sin compra,0,0.0,0
C0313,2025-12,35.0,6,81922.71,Web,Recurrente,Ropa,Web,1,345000.0,1
C0314,2025-01,66.0,10,167764.96,Web,Recurrente,Ropa,Web,3,351000.0,1
C0314,2025-02,66.0,7,129188.21,Aplicacion,Recurrente,Hogar,Aplicacion,1,481000.0,1
C0314,2025-03,66.0,4,,Web,Recurrente,Sin compra,Sin compra,0,0.0,0
C0314,2025-04,66.0,10,120238.75,Aplicacion,Recurrente,Electronica,Aplicacion,1,673000.0,1
C0314,2025-05,66.0,7,86321.78,Web,Recurrente,Belleza,Web,1,235000.0,1
C0314,2025-06,66.0,7,125793.38,Web,Recurrente,Belleza,Web,1,369000.0,1
C0314,2025-07,66.0,15,179254.43,Ambos,Recurrente,Electronica,Web,1,1360000.0,1
C0314,2025-08,66.0,18,107547.15,Ambos,Recurrente,Hogar,Aplicacion,2,579000.0,1
C0314,2025-09,66.0,9,140257.77,Web,Recurrente,Electronica,Web,2,1000000.0,1
C0314,2025-10,66.0,12,110407.61,Aplicacion,Recurrente,Ropa,Aplicacion,1,491000.0,1
C0314,2025-11,66.0,10,145110.56,Aplicacion,Recurrente,Ropa,Aplicacion,1,532000.0,1
C0314,2025-12,66.0,8,100639.93,Web,Recurrente,Sin compra,Sin compra,0,0.0,0
C0315,2025-01,70.0,7,109223.14,Aplicacion,Recurrente,Electronica,Aplicacion,1,804000.0,1
C0315,2025-02,70.0,7,73423.21,Aplicacion,Recurrente,Belleza,Aplicacion,2,302000.0,1
C0315,2025-03,70.0,11,122319.96,Aplicacion,Recurrente,Sin compra,Sin compra,0,0.0,0
C0315,2025-04,70.0,12,137124.31,Aplicacion,Recurrente,Deportes,Aplicacion,2,440000.0,1
C0315,2025-05,70.0,21,124640.08,Ambos,Recurrente,Sin compra,Sin compra,0,0.0,0
C0315,2025-06,70.0,10,138291.6,Aplicacion,Recurrente,Electronica,Aplicacion,4,1170000.0,1
C0315,2025-07,,12,172138.2,Ambos,Recurrente,Sin compra,Sin compra,0,0.0,0
C0315,2025-08,70.0,17,157116.78,Aplicacion,Recurrente,Ropa,Aplicacion,2,777000.0,1
C0315,2025-09,70.0,7,89946.92,Aplicacion,Recurrente,Hogar,Aplicacion,2,394000.0,1
C0315,2025-10,70.0,15,163550.35,Ambos,Recurrente,Electronica,Aplicacion,1,1240000.0,1
C0315,2025-11,70.0,8,52905.92,Aplicacion,Recurrente,Hogar,Aplicacion,1,208000.0,1
C0315,2025-12,70.0,7,122807.51,Web,Recurrente,Sin compra,Sin compra,0,0.0,0
C0316,2025-01,61.0,5,41523.57,Aplicacion,Recurrente,Deportes,Aplicacion,1,170000.0,1
C0316,2025-02,61.0,8,99705.94,Web,Recurrente,Hogar,Web,1,332000.0,1
C0316,2025-03,61.0,9,80555.06,Web,Recurrente,Sin compra,Sin compra,0,0.0,0
C0316,2025-04,61.0,8,120367.83,Web,Recurrente,Sin compra,Sin compra,0,0.0,0
C0316,2025-05,61.0,19,164224.84,Ambos,Recurrente,Ropa,Aplicacion,3,800000.0,1
C0316,2025-06,61.0,4,99333.11,Web,Recurrente,Hogar,Web,1,422000.0,1
C0316,2025-07,61.0,12,81607.69,Aplicacion,Recurrente,Sin compra,Sin compra,0,0.0,0
C0316,2025-08,61.0,8,82903.83,Aplicacion,Recurrente,Hogar,Aplicacion,1,337000.0,1
C0316,2025-09,61.0,10,96488.31,Aplicacion,Recurrente,Ropa,Aplicacion,3,374000.0,1
C0316,2025-10,61.0,6,79635.57,Aplicacion,Recurrente,Hogar,Aplicacion,1,456000.0,1
C0316,2025-11,61.0,8,148863.63,Web,Recurrente,Electronica,Web,1,1050000.0,1
C0316,2025-12,61.0,2,78979.75,Web,Recurrente,Ropa,Web,1,244000.0,1
C0317,2025-01,70.0,10,53833.84,Aplicacion,Nuevo,Sin compra,Sin compra,0,0.0,0
C0317,2025-02,70.0,9,139589.49,Aplicacion,Recurrente,Electronica,Aplicacion,2,1432000.0,1
C0317,2025-03,70.0,8,81407.49,Aplicacion,Recurrente,Electronica,Aplicacion,2,785000.0,1
C0317,2025-04,70.0,9,100694.15,Web,Recurrente,Sin compra,Sin compra,0,0.0,0
C0317,2025-05,70.0,2,51314.77,Web,Recurrente,Sin compra,Sin compra,0,0.0,0
C0317,2025-06,70.0,5,90321.75,Web,Recurrente,Belleza,Web,1,235000.0,1
C0317,2025-07,70.0,6,141399.34,Aplicacion,Recurrente,Belleza,Aplicacion,2,480000.0,1
C0317,2025-08,70.0,8,103510.14,Aplicacion,Recurrente,Ropa,Aplicacion,3,352000.0,1
C0317,2025-09,70.0,5,137276.14,Aplicacion,Recurrente,Belleza,Aplicacion,2,390000.0,1
C0317,2025-10,70.0,7,153121.07,Web,Recurrente,Deportes,Web,3,472000.0,1
C0317,2025-11,70.0,3,73244.1,Web,Recurrente,Deportes,Web,3,239000.0,1
C0317,2025-12,70.0,14,157971.76,Ambos,Recurrente,Ropa,Aplicacion,2,543000.0,1
C0318,2025-01,47.0,8,82549.99,Aplicacion,Recurrente,Ropa,Aplicacion,1,351000.0,1
C0318,2025-02,47.0,17,101171.61,Aplicacion,Recurrente,Electronica,Aplicacion,1,743000.0,1
C0318,2025-03,47.0,7,88598.69,Aplicacion,Recurrente,Ropa,Aplicacion,1,338000.0,1
C0318,2025-04,47.0,4,110643.8,Web,Recurrente,Sin compra,Sin compra,0,0.0,0
C0318,2025-05,47.0,12,157927.37,Ambos,Recurrente,Hogar,Web,2,425000.0,1
C0318,2025-06,47.0,3,66970.97,Web,Recurrente,Electronica,Web,1,513000.0,1
C0318,2025-07,47.0,8,38872.27,Aplicacion,Recurrente,Hogar,Aplicacion,2,240000.0,1
C0318,2025-08,47.0,10,144311.86,Aplicacion,Recurrente,Electronica,Aplicacion,2,1094000.0,1
C0318,2025-09,47.0,4,59151.17,Aplicacion,Recurrente,Sin compra,Sin compra,0,0.0,0
C0318,2025-10,47.0,10,121696.85,Aplicacion,Recurrente,Sin compra,Sin compra,0,0.0,0
C0318,2025-11,47.0,7,52752.96,Web,Recurrente,Ropa,Web,1,199000.0,1
C0318,2025-12,47.0,8,35025.64,Web,Recurrente,Sin compra,Sin compra,0,0.0,0
C0319,2025-01,23.0,16,134718.95,Ambos,Nuevo,Sin compra,Sin compra,0,0.0,0
C0319,2025-02,23.0,13,113473.99,Aplicacion,Nuevo,Sin compra,Sin compra,0,0.0,0
C0319,2025-03,23.0,6,102625.64,Web,Nuevo,Sin compra,Sin compra,0,0.0,0
C0319,2025-04,23.0,9,66200.11,Web,Nuevo,Sin compra,Sin compra,0,0.0,0
C0319,2025-05,23.0,7,96853.23,Web,Nuevo,Sin compra,Sin compra,0,0.0,0
C0319,2025-06,23.0,8,74348.12,Web,Nuevo,Sin compra,Sin compra,0,0.0,0
C0319,2025-07,23.0,9,124863.76,Web,Nuevo,Sin compra,Sin compra,0,0.0,0
C0319,2025-08,23.0,22,169298.64,Ambos,Recurrente,Ropa,Aplicacion,1,799000.0,1
C0319,2025-09,23.0,10,114725.75,Web,Recurrente,Sin compra,Sin compra,0,0.0,0
C0319,2025-10,23.0,8,97048.08,Web,Recurrente,Sin compra,Sin compra,0,0.0,0
C0319,2025-11,23.0,13,76712.82,Aplicacion,Recurrente,Sin compra,Sin compra,0,0.0,0
C0319,2025-12,23.0,5,84615.7,Aplicacion,Recurrente,Sin compra,Sin compra,0,0.0,0
C0320,2025-01,33.0,6,82720.38,Aplicacion,Nuevo,Sin compra,Sin compra,0,0.0,0
C0320,2025-02,33.0,10,77368.77,Aplicacion,Nuevo,Sin compra,Sin compra,0,0.0,0
C0320,2025-03,33.0,10,129958.56,Aplicacion,Nuevo,Sin compra,Sin compra,0,0.0,0
C0320,2025-04,33.0,9,,Web,Nuevo,Sin compra,Sin compra,0,0.0,0
C0320,2025-05,33.0,10,137330.9,Web,Recurrente,Ropa,Web,1,509000.0,1
C0320,2025-06,33.0,7,68479.93,Aplicacion,Recurrente,Hogar,Aplicacion,2,300000.0,1
C0320,2025-07,33.0,6,95760.98,Aplicacion,Recurrente,Electronica,Aplicacion,4,846000.0,1
C0320,2025-08,33.0,15,93836.57,Aplicacion,Recurrente,Deportes,Aplicacion,1,293000.0,1
C0320,2025-09,33.0,11,96821.81,Web,Recurrente,Electronica,Web,1,767000.0,1
C0320,2025-10,33.0,9,160664.67,Aplicacion,Recurrente,Sin compra,Sin compra,0,0.0,0
C0320,2025-11,33.0,11,125832.27,Aplicacion,Recurrente,Hogar,Aplicacion,4,678000.0,1
C0320,2025-12,,15,,Ambos,Recurrente,Hogar,Web,3,503000.0,1
C0321,2025-01,53.0,6,69082.4,Aplicacion,Nuevo,Sin compra,Sin compra,0,0.0,0
C0321,2025-02,53.0,6,68085.92,Web,Nuevo,Sin compra,Sin compra,0,0.0,0
C0321,2025-03,53.0,12,142544.94,Web,Nuevo,Sin compra,Sin compra,0,0.0,0
C0321,2025-04,53.0,9,110697.73,Aplicacion,Nuevo,Sin compra,Sin compra,0,0.0,0
C0321,2025-05,53.0,7,61744.48,Aplicacion,Nuevo,Sin compra,Sin compra,0,0.0,0
C0321,2025-06,53.0,11,49181.56,Aplicacion,Nuevo,Sin compra,Sin compra,0,0.0,0
C0321,2025-07,53.0,8,100752.21,Web,Nuevo,Sin compra,Sin compra,0,0.0,0
C0321,2025-08,53.0,2,,Aplicacion,Recurrente,Ropa,Aplicacion,1,466000.0,1
C0321,2025-09,53.0,4,57376.41,Web,Recurrente,Sin compra,Sin compra,0,0.0,0
C0321,2025-10,53.0,9,73917.54,Aplicacion,Recurrente,Sin compra,Sin compra,0,0.0,0
C0321,2025-11,53.0,6,108147.88,Aplicacion,Recurrente,Sin compra,Sin compra,0,0.0,0
C0321,2025-12,53.0,9,153697.22,Aplicacion,Recurrente,Ropa,Aplicacion,1,416000.0,1
C0322,2025-01,20.0,8,149637.44,Web,Nuevo,Sin compra,Sin compra,0,0.0,0
C0322,2025-02,20.0,17,124581.13,Ambos,Recurrente,Electronica,Aplicacion,2,971000.0,1
C0322,2025-03,20.0,8,82623.13,Web,Recurrente,Sin compra,Sin compra,0,0.0,0
C0322,2025-04,20.0,9,147708.07,Web,Recurrente,Sin compra,Sin compra,0,0.0,0
C0322,2025-05,20.0,4,90738.9,Web,Recurrente,Belleza,Web,1,340000.0,1
C0322,2025-06,20.0,2,117130.79,Web,Recurrente,Sin compra,Sin compra,0,0.0,0
C0322,2025-07,20.0,20,,Ambos,Recurrente,Deportes,Web,2,522000.0,1
C0322,2025-08,20.0,5,100764.76,Aplicacion,Recurrente,Sin compra,Sin compra,0,0.0,0
C0322,2025-09,20.0,8,62882.19,Web,Recurrente,Electronica,Web,3,382000.0,1
C0322,2025-10,20.0,10,106490.91,Web,Recurrente,Sin compra,Sin compra,0,0.0,0
C0322,2025-11,20.0,8,,Web,Recurrente,Sin compra,Sin compra,0,0.0,0
C0322,2025-12,20.0,5,56365.95,Aplicacion,Recurrente,Deportes,Aplicacion,3,228000.0,1
C0323,2025-01,63.0,8,69504.91,Web,Nuevo,Sin compra,Sin compra,0,0.0,0
C0323,2025-02,63.0,3,52210.25,Web,Nuevo,Sin compra,Sin compra,0,0.0,0
C0323,2025-03,63.0,15,86298.91,Ambos,Recurrente,Hogar,Aplicacion,2,356000.0,1
C0323,2025-04,63.0,6,127557.14,Aplicacion,Recurrente,Sin compra,Sin compra,0,0.0,0
C0323,2025-05,63.0,7,146357.0,Web,Recurrente,Sin compra,Sin compra,0,0.0,0
C0323,2025-06,63.0,5,52795.24,Web,Recurrente,Hogar,Web,4,199000.0,1
C0323,2025-07,63.0,6,90033.45,Aplicacion,Recurrente,Sin compra,Sin compra,0,0.0,0
C0323,2025-08,63.0,6,92408.05,Web,Recurrente,Sin compra,Sin compra,0,0.0,0
C0323,2025-09,63.0,10,143296.91,Aplicacion,Recurrente,Hogar,Aplicacion,3,562000.0,1
C0323,2025-10,63.0,8,136095.65,Web,Recurrente,Electronica,Web,1,853000.0,1
C0323,2025-11,,12,139340.04,Web,Recurrente,Hogar,Web,2,550000.0,1
C0323,2025-12,,10,133746.07,Ambos,Recurrente,Hogar,Web,1,542000.0,1
C0324,2025-01,35.0,8,91067.71,Web,Recurrente,Ropa,Web,2,278000.0,1
C0324,2025-02,35.0,5,87937.68,Web,Recurrente,Sin compra,Sin compra,0,0.0,0
C0324,2025-03,35.0,18,145061.39,Ambos,Recurrente,Hogar,Aplicacion,1,549000.0,1
C0324,2025-04,35.0,10,103150.42,Aplicacion,Recurrente,Electronica,Aplicacion,2,505000.0,1
C0324,2025-05,35.0,14,90350.27,Ambos,Recurrente,Deportes,Aplicacion,2,383000.0,1
C0324,2025-06,35.0,10,140669.07,Web,Recurrente,Deportes,Web,2,466000.0,1
C0324,2025-07,35.0,7,108020.51,Aplicacion,Recurrente,Ropa,Aplicacion,2,246000.0,1
C0324,2025-08,35.0,7,39910.09,Web,Recurrente,Electronica,Web,2,278000.0,1
C0324,2025-09,35.0,9,89019.11,Aplicacion,Recurrente,Belleza,Aplicacion,1,281000.0,1
C0324,2025-10,35.0,5,94393.91,Aplicacion,Recurrente,Hogar,Aplicacion,1,507000.0,1
C0324,2025-11,35.0,10,104188.35,Aplicacion,Recurrente,Deportes,Aplicacion,2,379000.0,1
C0324,2025-12,35.0,13,57440.22,Ambos,Recurrente,Electronica,Aplicacion,1,442000.0,1
C0325,2025-01,45.0,17,130085.91,Ambos,Nuevo,Sin compra,Sin compra,0,0.0,0
C0325,2025-02,45.0,12,144544.55,Ambos,Recurrente,Ropa,Aplicacion,1,434000.0,1
C0325,2025-03,45.0,11,94874.29,Aplicacion,Recurrente,Sin compra,Sin compra,0,0.0,0
C0325,2025-04,45.0,6,176865.43,Web,Recurrente,Electronica,Web,4,793000.0,1
C0325,2025-05,45.0,9,106583.21,Aplicacion,Recurrente,Sin compra,Sin compra,0,0.0,0
C0325,2025-06,45.0,9,102175.55,Aplicacion,Recurrente,Sin compra,Sin compra,0,0.0,0
C0325,2025-07,45.0,7,103482.74,Web,Recurrente,Sin compra,Sin compra,0,0.0,0
C0325,2025-08,45.0,15,84921.59,Ambos,Recurrente,Deportes,Aplicacion,2,295000.0,1
C0325,2025-09,45.0,1,68251.71,Web,Recurrente,Sin compra,Sin compra,0,0.0,0
C0325,2025-10,45.0,14,161317.43,Aplicacion,Recurrente,Electronica,Aplicacion,1,1003000.0,1
C0325,2025-11,45.0,12,103366.4,Ambos,Recurrente,Electronica,Web,1,834000.0,1
C0325,2025-12,45.0,12,116098.7,Aplicacion,Recurrente,Hogar,Aplicacion,2,538000.0,1
C0326,2025-01,40.0,4,94606.89,Web,Recurrente,Electronica,Web,1,648000.0,1
C0326,2025-02,40.0,9,138574.28,Aplicacion,Recurrente,Ropa,Aplicacion,2,638000.0,1
C0326,2025-03,40.0,8,114083.96,Web,Recurrente,Ropa,Web,1,360000.0,1
C0326,2025-04,40.0,10,98719.17,Aplicacion,Recurrente,Electronica,Aplicacion,2,814000.0,1
C0326,2025-05,40.0,8,106318.36,Web,Recurrente,Sin compra,Sin compra,0,0.0,0
C0326,2025-06,40.0,6,59839.08,Web,Recurrente,Deportes,Web,1,220000.0,1
C0326,2025-07,40.0,12,111100.46,Web,Recurrente,Hogar,Web,2,336000.0,1
C0326,2025-08,40.0,9,90013.82,Web,Recurrente,Belleza,Web,2,254000.0,1
C0326,2025-09,40.0,11,91519.16,Aplicacion,Recurrente,Belleza,Aplicacion,3,277000.0,1
C0326,2025-10,40.0,5,69687.11,Web,Recurrente,Belleza,Web,2,304000.0,1
C0326,2025-11,40.0,10,163597.42,Aplicacion,Recurrente,Electronica,Aplicacion,2,1126000.0,1
C0326,2025-12,40.0,3,79262.06,Aplicacion,Recurrente,Ropa,Aplicacion,4,191000.0,1
C0327,2025-01,51.0,10,123854.09,Ambos,Recurrente,Deportes,Web,1,447000.0,1
C0327,2025-02,51.0,22,198933.57,Ambos,Recurrente,Belleza,Web,1,651000.0,1
C0327,2025-03,51.0,9,143687.07,Aplicacion,Recurrente,Deportes,Aplicacion,1,379000.0,1
C0327,2025-04,51.0,15,77038.89,Ambos,Recurrente,Sin compra,Sin compra,0,0.0,0
C0327,2025-05,51.0,9,127314.28,Web,Recurrente,Electronica,Web,1,1020000.0,1
C0327,2025-06,,13,89892.15,Aplicacion,Recurrente,Electronica,Aplicacion,1,783000.0,1
C0327,2025-07,51.0,8,140203.48,Aplicacion,Recurrente,Ropa,Aplicacion,2,336000.0,1
C0327,2025-08,51.0,12,129692.67,Aplicacion,Recurrente,Sin compra,Sin compra,0,0.0,0
C0327,2025-09,51.0,8,57075.59,Web,Recurrente,Sin compra,Sin compra,0,0.0,0
C0327,2025-10,51.0,10,57339.05,Aplicacion,Recurrente,Deportes,Aplicacion,2,289000.0,1
C0327,2025-11,51.0,11,26518.89,Ambos,Recurrente,Hogar,Aplicacion,1,128000.0,1
C0327,2025-12,51.0,10,135109.49,Aplicacion,Recurrente,Ropa,Aplicacion,1,363000.0,1
C0328,2025-01,46.0,15,207678.4,Ambos,Recurrente,Deportes,Aplicacion,1,767000.0,1
C0328,2025-02,46.0,6,69560.12,Web,Recurrente,Sin compra,Sin compra,0,0.0,0
C0328,2025-03,46.0,5,80289.69,Aplicacion,Recurrente,Sin compra,Sin compra,0,0.0,0
C0328,2025-04,46.0,8,80799.49,Aplicacion,Recurrente,Deportes,Aplicacion,2,217000.0,1
C0328,2025-05,46.0,6,165957.12,Web,Recurrente,Sin compra,Sin compra,0,0.0,0
C0328,2025-06,46.0,20,133897.49,Ambos,Recurrente,Electronica,Aplicacion,1,651000.0,1
C0328,2025-07,46.0,11,119635.07,Web,Recurrente,Deportes,Web,2,366000.0,1
C0328,2025-08,46.0,18,151326.47,Ambos,Recurrente,Hogar,Aplicacion,1,577000.0,1
C0328,2025-09,46.0,6,111010.81,Web,Recurrente,Electronica,Web,1,816000.0,1
C0328,2025-10,46.0,8,141771.48,Web,Recurrente,Ropa,Web,2,402000.0,1
C0328,2025-11,46.0,10,138790.38,Aplicacion,Recurrente,Sin compra,Sin compra,0,0.0,0
C0328,2025-12,46.0,10,132418.01,Ambos,Recurrente,Hogar,Aplicacion,1,359000.0,1
C0329,2025-01,29.0,8,102451.31,Web,Nuevo,Sin compra,Sin compra,0,0.0,0
C0329,2025-02,29.0,5,110454.14,Web,Nuevo,Sin compra,Sin compra,0,0.0,0
C0329,2025-03,29.0,6,113206.93,Web,Nuevo,Sin compra,Sin compra,0,0.0,0
C0329,2025-04,29.0,10,,Aplicacion,Nuevo,Sin compra,Sin compra,0,0.0,0
C0329,2025-05,29.0,12,197404.51,Ambos,Nuevo,Sin compra,Sin compra,0,0.0,0
C0329,2025-06,29.0,11,132667.87,Aplicacion,Recurrente,Electronica,Aplicacion,1,1237000.0,1
C0329,2025-07,29.0,9,112525.32,Web,Recurrente,Electronica,Web,2,1027000.0,1
C0329,2025-08,29.0,8,77324.48,Web,Recurrente,Sin compra,Sin compra,0,0.0,0
C0329,2025-09,29.0,9,118236.57,Web,Recurrente,Ropa,Web,4,398000.0,1
C0329,2025-10,29.0,15,146410.19,Aplicacion,Recurrente,Deportes,Aplicacion,2,560000.0,1
C0329,2025-11,,13,88026.86,Ambos,Recurrente,Sin compra,Sin compra,0,0.0,0
C0329,2025-12,29.0,9,133632.99,Ambos,Recurrente,Belleza,Aplicacion,1,281000.0,1
C0330,2025-01,46.0,5,67808.78,Web,Recurrente,Electronica,Web,2,625000.0,1
C0330,2025-02,46.0,13,121403.03,Ambos,Recurrente,Belleza,Web,2,509000.0,1
C0330,2025-03,46.0,8,161037.18,Ambos,Recurrente,Ropa,Web,2,580000.0,1
C0330,2025-04,46.0,6,,Aplicacion,Recurrente,Sin compra,Sin compra,0,0.0,0
C0330,2025-05,46.0,9,142654.25,Aplicacion,Recurrente,Electronica,Aplicacion,2,1247000.0,1
C0330,2025-06,46.0,6,107014.22,Aplicacion,Recurrente,Ropa,Aplicacion,3,361000.0,1
C0330,2025-07,46.0,6,73533.73,Aplicacion,Recurrente,Electronica,Aplicacion,1,615000.0,1
C0330,2025-08,46.0,14,149561.6,Ambos,Recurrente,Hogar,Web,1,351000.0,1
C0330,2025-09,46.0,12,80291.7,Aplicacion,Recurrente,Deportes,Aplicacion,3,284000.0,1
C0330,2025-10,46.0,4,124866.18,Web,Recurrente,Hogar,Web,1,442000.0,1
C0330,2025-11,46.0,4,54314.84,Web,Recurrente,Deportes,Web,1,172000.0,1
C0330,2025-12,46.0,3,63631.59,Web,Recurrente,Sin compra,Sin compra,0,0.0,0
C0331,2025-01,47.0,12,162930.36,Web,Nuevo,Sin compra,Sin compra,0,0.0,0
C0331,2025-02,47.0,7,80208.48,Web,Recurrente,Hogar,Web,4,228000.0,1
C0331,2025-03,47.0,7,91919.09,Web,Recurrente,Deportes,Web,2,301000.0,1
C0331,2025-04,47.0,17,180313.45,Ambos,Recurrente,Electronica,Aplicacion,1,1133000.0,1
C0331,2025-05,47.0,16,129814.1,Ambos,Recurrente,Belleza,Aplicacion,1,540000.0,1
C0331,2025-06,47.0,8,111559.68,Web,Recurrente,Belleza,Web,1,321000.0,1
C0331,2025-07,47.0,21,116967.37,Ambos,Recurrente,Ropa,Aplicacion,2,424000.0,1
C0331,2025-08,47.0,6,122470.27,Web,Recurrente,Deportes,Web,1,531000.0,1
C0331,2025-09,47.0,13,81879.93,Aplicacion,Recurrente,Belleza,Aplicacion,1,237000.0,1
C0331,2025-10,47.0,6,,Web,Recurrente,Electronica,Web,2,838000.0,1
C0331,2025-11,47.0,10,144808.87,Web,Recurrente,Deportes,Web,1,666000.0,1
C0331,2025-12,47.0,5,24705.1,Aplicacion,Recurrente,Belleza,Aplicacion,2,100000.0,1
C0332,2025-01,39.0,4,68584.53,Web,Nuevo,Sin compra,Sin compra,0,0.0,0
C0332,2025-02,39.0,10,62649.15,Aplicacion,Nuevo,Sin compra,Sin compra,0,0.0,0
C0332,2025-03,39.0,3,76145.92,Web,Nuevo,Sin compra,Sin compra,0,0.0,0
C0332,2025-04,39.0,8,109838.79,Web,Nuevo,Sin compra,Sin compra,0,0.0,0
C0332,2025-05,,10,133546.06,Aplicacion,Recurrente,Deportes,Aplicacion,1,422000.0,1
C0332,2025-06,39.0,7,109984.35,Web,Recurrente,Belleza,Web,3,414000.0,1
C0332,2025-07,39.0,16,119437.18,Ambos,Recurrente,Sin compra,Sin compra,0,0.0,0
C0332,2025-08,39.0,6,95259.77,Aplicacion,Recurrente,Sin compra,Sin compra,0,0.0,0
C0332,2025-09,39.0,6,101267.82,Web,Recurrente,Deportes,Web,2,418000.0,1
C0332,2025-10,39.0,7,106220.32,Ambos,Recurrente,Deportes,Aplicacion,1,329000.0,1
C0332,2025-11,39.0,8,58612.41,Aplicacion,Recurrente,Sin compra,Sin compra,0,0.0,0
C0332,2025-12,,6,93734.52,Web,Recurrente,Sin compra,Sin compra,0,0.0,0
C0333,2025-01,23.0,10,67041.08,Ambos,Nuevo,Sin compra,Sin compra,0,0.0,0
C0333,2025-02,23.0,9,62129.31,Web,Nuevo,Sin compra,Sin compra,0,0.0,0
C0333,2025-03,23.0,9,,Web,Recurrente,Ropa,Web,1,321000.0,1
C0333,2025-04,23.0,6,114266.2,Web,Recurrente,Electronica,Web,1,761000.0,1
C0333,2025-05,23.0,13,,Aplicacion,Recurrente,Sin compra,Sin compra,0,0.0,0
C0333,2025-06,23.0,10,99550.84,Aplicacion,Recurrente,Sin compra,Sin compra,0,0.0,0
C0333,2025-07,23.0,11,104644.98,Web,Recurrente,Electronica,Web,4,717000.0,1
C0333,2025-08,23.0,16,,Ambos,Recurrente,Ropa,Web,2,445000.0,1
C0333,2025-09,23.0,11,147255.35,Aplicacion,Recurrente,Ropa,Aplicacion,1,449000.0,1
C0333,2025-10,23.0,8,157305.1,Aplicacion,Recurrente,Electronica,Aplicacion,1,982000.0,1
C0333,2025-11,23.0,10,67641.57,Web,Recurrente,Hogar,Web,2,249000.0,1
C0333,2025-12,23.0,5,,Aplicacion,Recurrente,Electronica,Aplicacion,3,933000.0,1
C0334,2025-01,55.0,12,125411.54,Ambos,Nuevo,Sin compra,Sin compra,0,0.0,0
C0334,2025-02,,7,91934.59,Web,Nuevo,Sin compra,Sin compra,0,0.0,0
C0334,2025-03,55.0,14,131526.23,Ambos,Recurrente,Hogar,Aplicacion,4,285000.0,1
C0334,2025-04,55.0,8,129145.94,Ambos,Recurrente,Sin compra,Sin compra,0,0.0,0
C0334,2025-05,55.0,13,147340.13,Aplicacion,Recurrente,Sin compra,Sin compra,0,0.0,0
C0334,2025-06,55.0,8,72390.24,Web,Recurrente,Ropa,Web,2,244000.0,1
C0334,2025-07,55.0,7,105253.14,Web,Recurrente,Deportes,Web,1,384000.0,1
C0334,2025-08,55.0,3,73074.33,Web,Recurrente,Sin compra,Sin compra,0,0.0,0
C0334,2025-09,55.0,16,103129.21,Aplicacion,Recurrente,Hogar,Aplicacion,3,368000.0,1
C0334,2025-10,,10,108426.91,Aplicacion,Recurrente,Electronica,Aplicacion,3,705000.0,1
C0334,2025-11,55.0,14,103368.51,Ambos,Recurrente,Ropa,Web,1,413000.0,1
C0334,2025-12,55.0,10,117200.23,Web,Recurrente,Hogar,Web,1,455000.0,1
C0335,2025-01,47.0,12,90682.64,Ambos,Recurrente,Electronica,Web,4,1125000.0,1
C0335,2025-02,47.0,11,140849.82,Aplicacion,Recurrente,Hogar,Aplicacion,2,448000.0,1
C0335,2025-03,47.0,10,144849.08,Aplicacion,Recurrente,Ropa,Aplicacion,1,507000.0,1
C0335,2025-04,47.0,16,146319.01,Ambos,Recurrente,Belleza,Aplicacion,1,384000.0,1
C0335,2025-05,47.0,12,103019.58,Ambos,Recurrente,Hogar,Web,3,512000.0,1
C0335,2025-06,47.0,6,90419.74,Web,Recurrente,Belleza,Web,1,352000.0,1
C0335,2025-07,47.0,7,106889.82,Aplicacion,Recurrente,Electronica,Aplicacion,4,926000.0,1
C0335,2025-08,47.0,4,93600.93,Aplicacion,Recurrente,Ropa,Aplicacion,2,375000.0,1
C0335,2025-09,47.0,13,125997.07,Ambos,Recurrente,Hogar,Aplicacion,2,548000.0,1
C0335,2025-10,47.0,7,164168.29,Aplicacion,Recurrente,Deportes,Aplicacion,1,584000.0,1
C0335,2025-11,47.0,6,58460.32,Aplicacion,Recurrente,Electronica,Aplicacion,1,510000.0,1
C0335,2025-12,47.0,14,176578.18,Ambos,Recurrente,Electronica,Web,1,1585000.0,1
C0336,2025-01,42.0,12,150540.9,Ambos,Recurrente,Ropa,Web,1,550000.0,1
C0336,2025-02,,18,97747.41,Ambos,Recurrente,Sin compra,Sin compra,0,0.0,0
C0336,2025-03,42.0,7,99581.65,Aplicacion,Recurrente,Deportes,Aplicacion,2,331000.0,1
C0336,2025-04,42.0,7,147442.71,Aplicacion,Recurrente,Ropa,Aplicacion,2,459000.0,1
C0336,2025-05,42.0,5,99806.47,Web,Recurrente,Sin compra,Sin compra,0,0.0,0
C0336,2025-06,42.0,13,129660.65,Aplicacion,Recurrente,Deportes,Aplicacion,1,483000.0,1
C0336,2025-07,42.0,6,5000.0,Web,Recurrente,Electronica,Web,1,242000.0,1
C0336,2025-08,42.0,9,102690.67,Web,Recurrente,Electronica,Web,2,826000.0,1
C0336,2025-09,42.0,3,102357.71,Aplicacion,Recurrente,Deportes,Aplicacion,1,335000.0,1
C0336,2025-10,42.0,8,112555.25,Web,Recurrente,Sin compra,Sin compra,0,0.0,0
C0336,2025-11,42.0,10,126587.79,Web,Recurrente,Hogar,Web,1,364000.0,1
C0336,2025-12,42.0,14,104722.88,Web,Recurrente,Hogar,Web,4,492000.0,1
C0337,2025-01,61.0,6,119194.61,Aplicacion,Recurrente,Hogar,Aplicacion,1,447000.0,1
C0337,2025-02,61.0,12,98030.2,Web,Recurrente,Electronica,Web,1,850000.0,1
C0337,2025-03,61.0,10,116685.84,Web,Recurrente,Sin compra,Sin compra,0,0.0,0
C0337,2025-04,61.0,5,90583.72,Web,Recurrente,Sin compra,Sin compra,0,0.0,0
C0337,2025-05,61.0,4,86292.47,Web,Recurrente,Sin compra,Sin compra,0,0.0,0
C0337,2025-06,61.0,9,98291.77,Aplicacion,Recurrente,Ropa,Aplicacion,1,354000.0,1
C0337,2025-07,61.0,10,139675.43,Web,Recurrente,Sin compra,Sin compra,0,0.0,0
C0337,2025-08,61.0,6,112714.13,Web,Recurrente,Electronica,Web,2,949000.0,1
C0337,2025-09,61.0,16,154593.19,Ambos,Recurrente,Sin compra,Sin compra,0,0.0,0
C0337,2025-10,61.0,9,164074.17,Web,Recurrente,Sin compra,Sin compra,0,0.0,0
C0337,2025-11,61.0,10,133589.83,Aplicacion,Recurrente,Ropa,Aplicacion,2,320000.0,1
C0337,2025-12,61.0,15,164530.65,Ambos,Recurrente,Ropa,Web,1,457000.0,1
C0338,2025-01,38.0,5,77821.67,Web,Recurrente,Ropa,Web,3,256000.0,1
C0338,2025-02,38.0,12,113854.25,Ambos,Recurrente,Electronica,Web,1,1073000.0,1
C0338,2025-03,38.0,10,73681.41,Aplicacion,Recurrente,Electronica,Aplicacion,1,708000.0,1
C0338,2025-04,38.0,13,89764.58,Ambos,Recurrente,Sin compra,Sin compra,0,0.0,0
C0338,2025-05,38.0,8,165253.78,Web,Recurrente,Ropa,Web,1,617000.0,1
C0338,2025-06,38.0,9,94810.62,Aplicacion,Recurrente,Belleza,Aplicacion,2,337000.0,1
C0338,2025-07,38.0,17,76530.54,Ambos,Recurrente,Hogar,Aplicacion,1,396000.0,1
C0338,2025-08,38.0,10,92564.64,Aplicacion,Recurrente,Hogar,Aplicacion,3,319000.0,1
C0338,2025-09,38.0,5,111736.51,Aplicacion,Recurrente,Deportes,Aplicacion,1,342000.0,1
C0338,2025-10,38.0,9,124916.57,Ambos,Recurrente,Belleza,Aplicacion,1,375000.0,1
C0338,2025-11,38.0,10,88135.77,Web,Recurrente,Ropa,Web,1,303000.0,1
C0338,2025-12,38.0,8,30372.08,Aplicacion,Recurrente,Hogar,Aplicacion,2,195000.0,1
C0339,2025-01,21.0,12,118383.77,Ambos,Recurrente,Belleza,Web,1,388000.0,1
C0339,2025-02,21.0,4,99029.27,Aplicacion,Recurrente,Electronica,Aplicacion,2,751000.0,1
C0339,2025-03,21.0,6,83083.51,Web,Recurrente,Deportes,Web,1,300000.0,1
C0339,2025-04,21.0,10,63248.35,Aplicacion,Recurrente,Belleza,Aplicacion,1,315000.0,1
C0339,2025-05,21.0,15,161886.89,Ambos,Recurrente,Deportes,Aplicacion,2,518000.0,1
C0339,2025-06,21.0,9,89114.26,Aplicacion,Recurrente,Sin compra,Sin compra,0,0.0,0
C0339,2025-07,21.0,10,92288.48,Web,Recurrente,Hogar,Web,1,413000.0,1
C0339,2025-08,21.0,9,127787.53,Ambos,Recurrente,Ropa,Web,1,379000.0,1
C0339,2025-09,21.0,5,103209.33,Aplicacion,Recurrente,Hogar,Aplicacion,1,399000.0,1
C0339,2025-10,21.0,7,72530.35,Web,Recurrente,Belleza,Web,1,268000.0,1
C0339,2025-11,21.0,4,46821.05,Web,Recurrente,Electronica,Web,3,404000.0,1
C0339,2025-12,21.0,9,155223.18,Aplicacion,Recurrente,Deportes,Aplicacion,1,427000.0,1
C0340,2025-01,46.0,13,121479.99,Aplicacion,Nuevo,Sin compra,Sin compra,0,0.0,0
C0340,2025-02,46.0,4,116100.56,Web,Nuevo,Sin compra,Sin compra,0,0.0,0
C0340,2025-03,46.0,4,81096.55,Aplicacion,Nuevo,Sin compra,Sin compra,0,0.0,0
C0340,2025-04,46.0,10,127410.5,Aplicacion,Recurrente,Belleza,Aplicacion,3,429000.0,1
C0340,2025-05,46.0,7,103623.73,Aplicacion,Recurrente,Electronica,Aplicacion,2,836000.0,1
C0340,2025-06,46.0,7,107750.16,Web,Recurrente,Sin compra,Sin compra,0,0.0,0
C0340,2025-07,46.0,7,52697.75,Aplicacion,Recurrente,Sin compra,Sin compra,0,0.0,0
C0340,2025-08,46.0,14,92344.79,Ambos,Recurrente,Hogar,Web,3,366000.0,1
C0340,2025-09,46.0,0,94096.77,Web,Recurrente,Ropa,Web,1,283000.0,1
C0340,2025-10,46.0,8,147305.03,Aplicacion,Recurrente,Electronica,Aplicacion,1,1022000.0,1
C0340,2025-11,46.0,6,35069.86,Web,Recurrente,Hogar,Web,1,276000.0,1
C0340,2025-12,46.0,5,43305.4,Web,Recurrente,Electronica,Web,1,375000.0,1
C0341,2025-01,18.0,2,52767.59,Web,Nuevo,Sin compra,Sin compra,0,0.0,0
C0341,2025-02,18.0,10,112953.2,Aplicacion,Recurrente,Electronica,Aplicacion,2,660000.0,1
C0341,2025-03,18.0,5,75279.74,Web,Recurrente,Deportes,Web,1,201000.0,1
C0341,2025-04,18.0,16,174263.4,Aplicacion,Recurrente,Ropa,Aplicacion,1,659000.0,1
C0341,2025-05,18.0,9,108731.18,Aplicacion,Recurrente,Hogar,Aplicacion,2,288000.0,1
C0341,2025-06,18.0,0,38428.66,Web,Recurrente,Ropa,Web,1,158000.0,1
C0341,2025-07,18.0,7,42330.39,Web,Recurrente,Belleza,Web,1,156000.0,1
C0341,2025-08,18.0,4,23944.25,Web,Recurrente,Deportes,Web,1,131000.0,1
C0341,2025-09,18.0,8,66379.72,Web,Recurrente,Sin compra,Sin compra,0,0.0,0
C0341,2025-10,18.0,13,104957.72,Aplicacion,Recurrente,Belleza,Aplicacion,1,355000.0,1
C0341,2025-11,18.0,1,37739.92,Aplicacion,Recurrente,Hogar,Aplicacion,2,188000.0,1
C0341,2025-12,18.0,11,102929.62,Ambos,Recurrente,Electronica,Aplicacion,2,759000.0,1
C0342,2025-01,52.0,4,46227.56,Web,Nuevo,Sin compra,Sin compra,0,0.0,0
C0342,2025-02,52.0,3,50030.98,Web,Nuevo,Sin compra,Sin compra,0,0.0,0
C0342,2025-03,52.0,12,142369.69,Ambos,Recurrente,Hogar,Web,2,508000.0,1
C0342,2025-04,52.0,6,92515.94,Web,Recurrente,Sin compra,Sin compra,0,0.0,0
C0342,2025-05,52.0,15,145194.73,Ambos,Recurrente,Sin compra,Sin compra,0,0.0,0
C0342,2025-06,52.0,8,156741.73,Web,Recurrente,Ropa,Web,3,412000.0,1
C0342,2025-07,52.0,5,51440.82,Web,Recurrente,Sin compra,Sin compra,0,0.0,0
C0342,2025-08,52.0,4,43676.6,Web,Recurrente,Sin compra,Sin compra,0,0.0,0
C0342,2025-09,52.0,14,54192.45,Aplicacion,Recurrente,Hogar,Aplicacion,1,176000.0,1
C0342,2025-10,52.0,9,112455.37,Web,Recurrente,Belleza,Web,1,454000.0,1
C0342,2025-11,52.0,10,115951.24,Aplicacion,Recurrente,Electronica,Aplicacion,1,685000.0,1
C0342,2025-12,52.0,6,79170.63,Aplicacion,Recurrente,Electronica,Aplicacion,1,702000.0,1
C0343,2025-01,50.0,9,78784.57,Aplicacion,Nuevo,Sin compra,Sin compra,0,0.0,0
C0343,2025-02,50.0,9,104968.83,Aplicacion,Recurrente,Belleza,Aplicacion,3,406000.0,1
C0343,2025-03,50.0,5,82433.73,Aplicacion,Recurrente,Sin compra,Sin compra,0,0.0,0
C0343,2025-04,50.0,4,119196.93,Web,Recurrente,Sin compra,Sin compra,0,0.0,0
C0343,2025-05,50.0,8,114831.3,Web,Recurrente,Sin compra,Sin compra,0,0.0,0
C0343,2025-06,50.0,4,118066.29,Aplicacion,Recurrente,Hogar,Aplicacion,3,439000.0,1
C0343,2025-07,50.0,4,54982.72,Web,Recurrente,Sin compra,Sin compra,0,0.0,0
C0343,2025-08,50.0,11,125782.73,Web,Recurrente,Deportes,Web,1,368000.0,1
C0343,2025-09,50.0,14,181870.08,Ambos,Recurrente,Belleza,Aplicacion,2,760000.0,1
C0343,2025-10,50.0,6,71001.94,Web,Recurrente,Electronica,Web,1,464000.0,1
C0343,2025-11,50.0,7,119628.13,Web,Recurrente,Electronica,Web,1,1086000.0,1
C0343,2025-12,50.0,9,132436.45,Aplicacion,Recurrente,Belleza,Aplicacion,1,518000.0,1
C0344,2025-01,64.0,6,74223.65,Web,Nuevo,Sin compra,Sin compra,0,0.0,0
C0344,2025-02,64.0,7,,Web,Nuevo,Sin compra,Sin compra,0,0.0,0
C0344,2025-03,64.0,19,131410.2,Ambos,Recurrente,Hogar,Aplicacion,1,403000.0,1
C0344,2025-04,64.0,7,81139.13,Aplicacion,Recurrente,Sin compra,Sin compra,0,0.0,0
C0344,2025-05,64.0,5,110666.33,Web,Recurrente,Sin compra,Sin compra,0,0.0,0
C0344,2025-06,64.0,16,131387.01,Aplicacion,Recurrente,Sin compra,Sin compra,0,0.0,0
C0344,2025-07,64.0,13,136660.6,Aplicacion,Recurrente,Sin compra,Sin compra,0,0.0,0
C0344,2025-08,64.0,11,68521.83,Ambos,Recurrente,Ropa,Aplicacion,1,308000.0,1
C0344,2025-09,64.0,8,61777.68,Ambos,Recurrente,Sin compra,Sin compra,0,0.0,0
C0344,2025-10,64.0,13,103778.61,Ambos,Recurrente,Sin compra,Sin compra,0,0.0,0
C0344,2025-11,64.0,6,70423.45,Web,Recurrente,Sin compra,Sin compra,0,0.0,0
C0344,2025-12,64.0,5,34551.46,Web,Recurrente,Sin compra,Sin compra,0,0.0,0
C0345,2025-01,35.0,7,70765.99,Aplicacion,Nuevo,Sin compra,Sin compra,0,0.0,0
C0345,2025-02,35.0,12,146243.88,Aplicacion,Nuevo,Sin compra,Sin compra,0,0.0,0
C0345,2025-03,35.0,9,82286.41,Web,Recurrente,Hogar,Web,3,279000.0,1
C0345,2025-04,35.0,7,141649.21,Aplicacion,Recurrente,Deportes,Aplicacion,2,524000.0,1
C0345,2025-05,35.0,9,129077.14,Aplicacion,Recurrente,Sin compra,Sin compra,0,0.0,0
C0345,2025-06,35.0,5,111751.58,Web,Recurrente,Sin compra,Sin compra,0,0.0,0
C0345,2025-07,35.0,12,125330.94,Ambos,Recurrente,Electronica,Web,2,673000.0,1
C0345,2025-08,35.0,7,80971.64,Web,Recurrente,Ropa,Web,3,411000.0,1
C0345,2025-09,35.0,11,102055.95,Aplicacion,Recurrente,Sin compra,Sin compra,0,0.0,0
C0345,2025-10,35.0,14,91609.44,Aplicacion,Recurrente,Electronica,Aplicacion,1,929000.0,1
C0345,2025-11,35.0,9,70848.94,Ambos,Recurrente,Sin compra,Sin compra,0,0.0,0
C0345,2025-12,35.0,8,97227.23,Aplicacion,Recurrente,Belleza,Aplicacion,2,325000.0,1
C0346,2025-01,21.0,8,119340.1,Aplicacion,Recurrente,Electronica,Aplicacion,1,864000.0,1
C0346,2025-02,21.0,14,102380.52,Aplicacion,Recurrente,Sin compra,Sin compra,0,0.0,0
C0346,2025-03,,9,102910.96,Web,Recurrente,Sin compra,Sin compra,0,0.0,0
C0346,2025-04,21.0,6,66187.91,Web,Recurrente,Sin compra,Sin compra,0,0.0,0
C0346,2025-05,21.0,3,85843.67,Web,Recurrente,Sin compra,Sin compra,0,0.0,0
C0346,2025-06,21.0,8,77709.3,Aplicacion,Recurrente,Hogar,Aplicacion,1,424000.0,1
C0346,2025-07,21.0,11,69165.89,Aplicacion,Recurrente,Ropa,Aplicacion,1,305000.0,1
C0346,2025-08,21.0,8,136255.75,Web,Recurrente,Hogar,Web,1,536000.0,1
C0346,2025-09,21.0,7,102716.63,Aplicacion,Recurrente,Sin compra,Sin compra,0,0.0,0
C0346,2025-10,21.0,14,184730.93,Ambos,Recurrente,Sin compra,Sin compra,0,0.0,0
C0346,2025-11,21.0,6,114580.37,Web,Recurrente,Electronica,Web,2,815000.0,1
C0346,2025-12,21.0,4,102609.6,Web,Recurrente,Sin compra,Sin compra,0,0.0,0
C0347,2025-01,69.0,6,127794.76,Web,Recurrente,Deportes,Web,1,413000.0,1
C0347,2025-02,69.0,20,172046.01,Ambos,Recurrente,Sin compra,Sin compra,0,0.0,0
C0347,2025-03,69.0,16,96270.98,Ambos,Recurrente,Sin compra,Sin compra,0,0.0,0
C0347,2025-04,69.0,12,135078.16,Aplicacion,Recurrente,Sin compra,Sin compra,0,0.0,0
C0347,2025-05,69.0,10,135570.94,Aplicacion,Recurrente,Ropa,Aplicacion,2,447000.0,1
C0347,2025-06,69.0,6,62527.94,Web,Recurrente,Sin compra,Sin compra,0,0.0,0
C0347,2025-07,69.0,7,110372.66,Ambos,Recurrente,Sin compra,Sin compra,0,0.0,0
C0347,2025-08,69.0,7,151997.85,Web,Recurrente,Belleza,Web,1,393000.0,1
C0347,2025-09,69.0,7,101128.3,Aplicacion,Recurrente,Hogar,Aplicacion,1,403000.0,1
C0347,2025-10,69.0,6,76188.68,Web,Recurrente,Hogar,Web,1,435000.0,1
C0347,2025-11,69.0,8,61033.01,Web,Recurrente,Sin compra,Sin compra,0,0.0,0
C0347,2025-12,69.0,12,104565.55,Ambos,Recurrente,Sin compra,Sin compra,0,0.0,0
C0348,2025-01,37.0,15,133029.58,Ambos,Recurrente,Belleza,Aplicacion,1,500000.0,1
C0348,2025-02,37.0,9,103487.03,Web,Recurrente,Sin compra,Sin compra,0,0.0,0
C0348,2025-03,37.0,2,108438.66,Aplicacion,Recurrente,Belleza,Aplicacion,3,390000.0,1
C0348,2025-04,37.0,2,52004.89,Web,Recurrente,Sin compra,Sin compra,0,0.0,0
C0348,2025-05,37.0,4,85461.65,Web,Recurrente,Deportes,Web,1,341000.0,1
C0348,2025-06,37.0,8,81214.09,Aplicacion,Recurrente,Deportes,Aplicacion,1,504000.0,1
C0348,2025-07,37.0,7,110515.2,Web,Recurrente,Sin compra,Sin compra,0,0.0,0
C0348,2025-08,37.0,16,,Ambos,Recurrente,Hogar,Aplicacion,1,407000.0,1
C0348,2025-09,37.0,9,45651.79,Aplicacion,Recurrente,Electronica,Aplicacion,1,334000.0,1
C0348,2025-10,37.0,7,109403.28,Aplicacion,Recurrente,Sin compra,Sin compra,0,0.0,0
C0348,2025-11,37.0,3,83852.62,Web,Recurrente,Sin compra,Sin compra,0,0.0,0
C0348,2025-12,37.0,8,114140.89,Web,Recurrente,Electronica,Web,1,507000.0,1
C0349,2025-01,69.0,17,140165.37,Ambos,Recurrente,Electronica,Aplicacion,3,1066000.0,1
C0349,2025-02,69.0,6,99469.14,Web,Recurrente,Sin compra,Sin compra,0,0.0,0
C0349,2025-03,,11,102471.64,Aplicacion,Recurrente,Sin compra,Sin compra,0,0.0,0
C0349,2025-04,69.0,7,100079.11,Aplicacion,Recurrente,Sin compra,Sin compra,0,0.0,0
C0349,2025-05,69.0,13,128353.2,Ambos,Recurrente,Belleza,Aplicacion,1,459000.0,1
C0349,2025-06,69.0,17,149686.47,Ambos,Recurrente,Hogar,Web,2,731000.0,1
C0349,2025-07,69.0,10,162661.43,Aplicacion,Recurrente,Ropa,Aplicacion,1,405000.0,1
C0349,2025-08,69.0,9,86861.83,Aplicacion,Recurrente,Hogar,Aplicacion,1,321000.0,1
C0349,2025-09,69.0,7,29230.36,Web,Recurrente,Sin compra,Sin compra,0,0.0,0
C0349,2025-10,69.0,4,86611.03,Aplicacion,Recurrente,Deportes,Aplicacion,1,427000.0,1
C0349,2025-11,69.0,6,92257.41,Web,Recurrente,Deportes,Web,1,249000.0,1
C0349,2025-12,69.0,16,129766.12,Ambos,Recurrente,Sin compra,Sin compra,0,0.0,0
C0350,2025-01,49.0,12,152569.4,Aplicacion,Nuevo,Sin compra,Sin compra,0,0.0,0
C0350,2025-02,49.0,8,84552.16,Aplicacion,Nuevo,Sin compra,Sin compra,0,0.0,0
C0350,2025-03,,15,192080.62,Ambos,Recurrente,Hogar,Aplicacion,2,591000.0,1
C0350,2025-04,49.0,9,116079.95,Ambos,Recurrente,Deportes,Aplicacion,1,399000.0,1
C0350,2025-05,49.0,11,166371.89,Aplicacion,Recurrente,Sin compra,Sin compra,0,0.0,0
C0350,2025-06,49.0,9,51976.38,Aplicacion,Recurrente,Sin compra,Sin compra,0,0.0,0
C0350,2025-07,49.0,5,67161.97,Web,Recurrente,Electronica,Web,2,469000.0,1
C0350,2025-08,49.0,5,69532.95,Web,Recurrente,Sin compra,Sin compra,0,0.0,0
C0350,2025-09,49.0,13,119147.26,Ambos,Recurrente,Hogar,Web,1,471000.0,1
C0350,2025-10,49.0,6,96414.45,Aplicacion,Recurrente,Deportes,Aplicacion,2,239000.0,1
C0350,2025-11,49.0,6,100572.65,Aplicacion,Recurrente,Ropa,Aplicacion,2,299000.0,1
C0350,2025-12,49.0,8,115086.22,Aplicacion,Recurrente,Belleza,Aplicacion,3,328000.0,1
C0351,2025-01,39.0,9,115201.84,Ambos,Nuevo,Sin compra,Sin compra,0,0.0,0
C0351,2025-02,39.0,11,82340.84,Aplicacion,Recurrente,Electronica,Aplicacion,1,885000.0,1
C0351,2025-03,39.0,4,39638.24,Aplicacion,Recurrente,Sin compra,Sin compra,0,0.0,0
C0351,2025-04,39.0,12,129657.16,Ambos,Recurrente,Sin compra,Sin compra,0,0.0,0
C0351,2025-05,39.0,9,92338.43,Web,Recurrente,Deportes,Web,1,387000.0,1
C0351,2025-06,39.0,15,126364.1,Aplicacion,Recurrente,Hogar,Aplicacion,2,559000.0,1
C0351,2025-07,,15,161053.5,Ambos,Recurrente,Ropa,Aplicacion,2,440000.0,1
C0351,2025-08,39.0,12,124403.44,Ambos,Recurrente,Deportes,Aplicacion,2,584000.0,1
C0351,2025-09,39.0,5,43528.26,Aplicacion,Recurrente,Belleza,Aplicacion,1,164000.0,1
C0351,2025-10,39.0,2,21545.47,Web,Recurrente,Deportes,Web,1,145000.0,1
C0351,2025-11,39.0,6,96288.19,Web,Recurrente,Ropa,Web,2,237000.0,1
C0351,2025-12,39.0,8,109289.41,Aplicacion,Recurrente,Belleza,Aplicacion,1,278000.0,1
C0352,2025-01,34.0,5,142629.81,Web,Recurrente,Hogar,Web,1,431000.0,1
C0352,2025-02,34.0,11,116930.83,Aplicacion,Recurrente,Deportes,Aplicacion,1,562000.0,1
C0352,2025-03,34.0,5,99826.9,Aplicacion,Recurrente,Sin compra,Sin compra,0,0.0,0
C0352,2025-04,34.0,12,57617.89,Ambos,Recurrente,Ropa,Aplicacion,1,199000.0,1
C0352,2025-05,34.0,10,152045.18,Aplicacion,Recurrente,Sin compra,Sin compra,0,0.0,0
C0352,2025-06,34.0,11,93119.11,Aplicacion,Recurrente,Belleza,Aplicacion,2,316000.0,1
C0352,2025-07,34.0,15,114349.38,Ambos,Recurrente,Deportes,Web,1,394000.0,1
C0352,2025-08,34.0,16,183983.72,Ambos,Recurrente,Belleza,Aplicacion,1,684000.0,1
C0352,2025-09,34.0,7,121572.96,Web,Recurrente,Belleza,Web,2,364000.0,1
C0352,2025-10,34.0,9,109647.37,Aplicacion,Recurrente,Hogar,Aplicacion,3,574000.0,1
C0352,2025-11,34.0,8,138998.01,Aplicacion,Recurrente,Electronica,Aplicacion,2,857000.0,1
C0352,2025-12,34.0,13,126911.69,Aplicacion,Recurrente,Electronica,Aplicacion,1,1556000.0,1
C0353,2025-01,64.0,18,210042.18,Ambos,Recurrente,Belleza,Aplicacion,4,649000.0,1
C0353,2025-02,64.0,7,88524.07,Web,Recurrente,Sin compra,Sin compra,0,0.0,0
C0353,2025-03,64.0,9,105254.19,Aplicacion,Recurrente,Ropa,Aplicacion,4,283000.0,1
C0353,2025-04,64.0,15,155139.38,Ambos,Recurrente,Belleza,Web,1,573000.0,1
C0353,2025-05,64.0,15,100952.14,Aplicacion,Recurrente,Electronica,Aplicacion,3,856000.0,1
C0353,2025-06,64.0,5,44861.8,Web,Recurrente,Sin compra,Sin compra,0,0.0,0
C0353,2025-07,64.0,5,61754.33,Web,Recurrente,Deportes,Web,1,200000.0,1
C0353,2025-08,64.0,12,107737.79,Ambos,Recurrente,Deportes,Web,2,526000.0,1
C0353,2025-09,64.0,7,93154.25,Web,Recurrente,Ropa,Web,2,291000.0,1
C0353,2025-10,64.0,9,86767.97,Aplicacion,Recurrente,Hogar,Aplicacion,3,272000.0,1
C0353,2025-11,64.0,5,56231.68,Web,Recurrente,Ropa,Web,2,226000.0,1
C0353,2025-12,64.0,6,99614.26,Web,Recurrente,Deportes,Web,1,410000.0,1
C0354,2025-01,55.0,13,151808.17,Aplicacion,Recurrente,Ropa,Aplicacion,2,582000.0,1
C0354,2025-02,55.0,12,154796.79,Web,Recurrente,Sin compra,Sin compra,0,0.0,0
C0354,2025-03,55.0,6,108883.1,Aplicacion,Recurrente,Sin compra,Sin compra,0,0.0,0
C0354,2025-04,55.0,7,140604.35,Web,Recurrente,Sin compra,Sin compra,0,0.0,0
C0354,2025-05,55.0,9,137419.32,Aplicacion,Recurrente,Sin compra,Sin compra,0,0.0,0
C0354,2025-06,55.0,6,49748.76,Web,Recurrente,Sin compra,Sin compra,0,0.0,0
C0354,2025-07,55.0,2,51988.9,Web,Recurrente,Sin compra,Sin compra,0,0.0,0
C0354,2025-08,55.0,10,57581.13,Aplicacion,Recurrente,Sin compra,Sin compra,0,0.0,0
C0354,2025-09,55.0,10,172002.21,Web,Recurrente,Sin compra,Sin compra,0,0.0,0
C0354,2025-10,55.0,5,115240.44,Web,Recurrente,Electronica,Web,1,638000.0,1
C0354,2025-11,55.0,20,214270.7,Ambos,Recurrente,Belleza,Web,2,917000.0,1
C0354,2025-12,55.0,13,137351.16,Ambos,Recurrente,Electronica,Web,1,1128000.0,1
C0355,2025-01,41.0,9,94356.06,Ambos,Recurrente,Deportes,Web,1,393000.0,1
C0355,2025-02,41.0,10,153778.15,Aplicacion,Recurrente,Sin compra,Sin compra,0,0.0,0
C0355,2025-03,41.0,3,105376.28,Aplicacion,Recurrente,Sin compra,Sin compra,0,0.0,0
C0355,2025-04,41.0,7,113305.43,Web,Recurrente,Sin compra,Sin compra,0,0.0,0
C0355,2025-05,41.0,10,139506.22,Aplicacion,Recurrente,Sin compra,Sin compra,0,0.0,0
C0355,2025-06,41.0,6,87215.21,Aplicacion,Recurrente,Sin compra,Sin compra,0,0.0,0
C0355,2025-07,41.0,7,63900.46,Web,Recurrente,Sin compra,Sin compra,0,0.0,0
C0355,2025-08,41.0,7,127819.85,Web,Recurrente,Sin compra,Sin compra,0,0.0,0
C0355,2025-09,41.0,8,43643.13,Aplicacion,Recurrente,Electronica,Aplicacion,1,353000.0,1
C0355,2025-10,41.0,8,110108.68,Aplicacion,Recurrente,Sin compra,Sin compra,0,0.0,0
C0355,2025-11,41.0,6,39718.29,Web,Recurrente,Sin compra,Sin compra,0,0.0,0
C0355,2025-12,41.0,10,95618.63,Web,Recurrente,Belleza,Web,2,271000.0,1
C0356,2025-01,50.0,15,148170.85,Ambos,Recurrente,Belleza,Aplicacion,2,424000.0,1
C0356,2025-02,50.0,7,108918.47,Aplicacion,Recurrente,Electronica,Aplicacion,1,838000.0,1
C0356,2025-03,50.0,5,49466.69,Aplicacion,Recurrente,Sin compra,Sin compra,0,0.0,0
C0356,2025-04,50.0,10,74965.58,Aplicacion,Recurrente,Deportes,Aplicacion,3,463000.0,1
C0356,2025-05,50.0,8,20797.58,Web,Recurrente,Sin compra,Sin compra,0,0.0,0
C0356,2025-06,50.0,10,103633.16,Aplicacion,Recurrente,Sin compra,Sin compra,0,0.0,0
C0356,2025-07,50.0,13,143400.86,Aplicacion,Recurrente,Belleza,Aplicacion,2,475000.0,1
C0356,2025-08,50.0,4,93944.04,Web,Recurrente,Sin compra,Sin compra,0,0.0,0
C0356,2025-09,50.0,9,62220.85,Aplicacion,Recurrente,Deportes,Aplicacion,3,265000.0,1
C0356,2025-10,50.0,1,29490.24,Web,Recurrente,Belleza,Web,2,153000.0,1
C0356,2025-11,50.0,17,159232.42,Ambos,Recurrente,Sin compra,Sin compra,0,0.0,0
C0356,2025-12,50.0,16,190508.32,Aplicacion,Recurrente,Ropa,Aplicacion,1,854000.0,1
C0357,2025-01,34.0,11,141163.17,Ambos,Recurrente,Ropa,Aplicacion,2,560000.0,1
C0357,2025-02,34.0,11,138780.2,Aplicacion,Recurrente,Sin compra,Sin compra,0,0.0,0
C0357,2025-03,34.0,10,81228.98,Ambos,Recurrente,Sin compra,Sin compra,0,0.0,0
C0357,2025-04,34.0,9,124569.16,Aplicacion,Recurrente,Deportes,Aplicacion,2,399000.0,1
C0357,2025-05,34.0,8,133425.14,Web,Recurrente,Ropa,Web,4,311000.0,1
C0357,2025-06,34.0,17,174330.6,Ambos,Recurrente,Electronica,Web,1,852000.0,1
C0357,2025-07,34.0,16,128994.11,Ambos,Recurrente,Electronica,Aplicacion,1,977000.0,1
C0357,2025-08,34.0,16,130399.22,Ambos,Recurrente,Deportes,Aplicacion,1,418000.0,1
C0357,2025-09,34.0,6,101957.0,Web,Recurrente,Electronica,Web,1,926000.0,1
C0357,2025-10,34.0,3,124251.0,Web,Recurrente,Electronica,Web,3,1326000.0,1
C0357,2025-11,34.0,14,171398.67,Aplicacion,Recurrente,Belleza,Aplicacion,1,484000.0,1
C0357,2025-12,34.0,8,49774.06,Aplicacion,Recurrente,Sin compra,Sin compra,0,0.0,0
C0358,2025-01,24.0,9,99415.7,Web,Nuevo,Sin compra,Sin compra,0,0.0,0
C0358,2025-02,24.0,9,80652.48,Web,Nuevo,Sin compra,Sin compra,0,0.0,0
C0358,2025-03,24.0,13,150304.51,Aplicacion,Recurrente,Deportes,Aplicacion,2,502000.0,1
C0358,2025-04,24.0,8,135887.81,Web,Recurrente,Sin compra,Sin compra,0,0.0,0
C0358,2025-05,24.0,10,91277.22,Aplicacion,Recurrente,Deportes,Aplicacion,3,347000.0,1
C0358,2025-06,24.0,12,108305.11,Aplicacion,Recurrente,Belleza,Aplicacion,2,247000.0,1
C0358,2025-07,24.0,13,104627.58,Aplicacion,Recurrente,Sin compra,Sin compra,0,0.0,0
C0358,2025-08,,7,56709.06,Web,Recurrente,Electronica,Web,1,520000.0,1
C0358,2025-09,24.0,10,113203.72,Aplicacion,Recurrente,Deportes,Aplicacion,1,498000.0,1
C0358,2025-10,24.0,18,143749.67,Ambos,Recurrente,Hogar,Aplicacion,2,988000.0,1
C0358,2025-11,24.0,11,155002.43,Aplicacion,Recurrente,Sin compra,Sin compra,0,0.0,0
C0358,2025-12,24.0,6,79870.31,Web,Recurrente,Sin compra,Sin compra,0,0.0,0
C0359,2025-01,66.0,3,90543.84,Aplicacion,Nuevo,Sin compra,Sin compra,0,0.0,0
C0359,2025-02,66.0,11,95421.2,Ambos,Nuevo,Sin compra,Sin compra,0,0.0,0
C0359,2025-03,66.0,15,104856.27,Aplicacion,Recurrente,Deportes,Aplicacion,1,312000.0,1
C0359,2025-04,66.0,5,84626.61,Web,Recurrente,Sin compra,Sin compra,0,0.0,0
C0359,2025-05,66.0,16,50605.91,Ambos,Recurrente,Ropa,Web,1,298000.0,1
C0359,2025-06,66.0,7,150710.91,Web,Recurrente,Belleza,Web,3,641000.0,1
C0359,2025-07,66.0,4,120549.17,Web,Recurrente,Electronica,Web,1,722000.0,1
C0359,2025-08,66.0,6,132121.38,Web,Recurrente,Deportes,Web,2,438000.0,1
C0359,2025-09,66.0,3,15173.45,Aplicacion,Recurrente,Hogar,Aplicacion,1,140000.0,1
C0359,2025-10,66.0,13,113435.72,Ambos,Recurrente,Electronica,Aplicacion,2,844000.0,1
C0359,2025-11,,7,120839.37,Web,Recurrente,Deportes,Web,1,403000.0,1
C0359,2025-12,66.0,11,87466.15,Ambos,Recurrente,Electronica,Aplicacion,2,821000.0,1
C0360,2025-01,44.0,16,162480.7,Ambos,Recurrente,Electronica,Web,2,1710000.0,1
C0360,2025-02,44.0,16,,Ambos,Recurrente,Deportes,Web,1,470000.0,1
C0360,2025-03,44.0,14,157399.22,Web,Recurrente,Hogar,Web,3,548000.0,1
C0360,2025-04,44.0,10,108475.31,Aplicacion,Recurrente,Ropa,Aplicacion,1,448000.0,1
C0360,2025-05,44.0,11,91046.19,Ambos,Recurrente,Electronica,Web,2,658000.0,1
C0360,2025-06,44.0,9,66086.29,Aplicacion,Recurrente,Ropa,Aplicacion,2,202000.0,1
C0360,2025-07,44.0,6,156745.69,Aplicacion,Recurrente,Ropa,Aplicacion,2,473000.0,1
C0360,2025-08,44.0,11,111260.55,Web,Recurrente,Deportes,Web,4,405000.0,1
C0360,2025-09,44.0,18,108107.45,Ambos,Recurrente,Hogar,Aplicacion,1,480000.0,1
C0360,2025-10,44.0,17,178949.94,Ambos,Recurrente,Belleza,Aplicacion,3,609000.0,1
C0360,2025-11,44.0,18,,Ambos,Recurrente,Electronica,Web,2,864000.0,1
C0360,2025-12,44.0,0,50510.42,Web,Recurrente,Hogar,Web,1,135000.0,1
C0361,2025-01,66.0,11,109254.53,Aplicacion,Nuevo,Sin compra,Sin compra,0,0.0,0
C0361,2025-02,66.0,5,144666.8,Aplicacion,Nuevo,Sin compra,Sin compra,0,0.0,0
C0361,2025-03,66.0,13,141140.14,Ambos,Recurrente,Deportes,Web,1,358000.0,1
C0361,2025-04,66.0,16,133531.36,Ambos,Recurrente,Sin compra,Sin compra,0,0.0,0
C0361,2025-05,66.0,12,129154.72,Aplicacion,Recurrente,Ropa,Aplicacion,1,419000.0,1
C0361,2025-06,66.0,4,42175.71,Web,Recurrente,Sin compra,Sin compra,0,0.0,0
C0361,2025-07,66.0,15,111792.47,Ambos,Recurrente,Deportes,Web,2,514000.0,1
C0361,2025-08,66.0,5,94608.61,Web,Recurrente,Deportes,Web,3,282000.0,1
C0361,2025-09,66.0,12,139334.34,Aplicacion,Recurrente,Sin compra,Sin compra,0,0.0,0
C0361,2025-10,66.0,6,139001.98,Aplicacion,Recurrente,Sin compra,Sin compra,0,0.0,0
C0361,2025-11,,18,142266.36,Ambos,Recurrente,Ropa,Web,1,457000.0,1
C0361,2025-12,66.0,12,105394.17,Ambos,Recurrente,Deportes,Web,1,460000.0,1
C0362,2025-01,59.0,7,93494.27,Web,Nuevo,Sin compra,Sin compra,0,0.0,0
C0362,2025-02,59.0,8,112540.39,Aplicacion,Recurrente,Deportes,Aplicacion,2,313000.0,1
C0362,2025-03,59.0,9,127279.27,Aplicacion,Recurrente,Deportes,Aplicacion,2,525000.0,1
C0362,2025-04,59.0,13,131100.36,Ambos,Recurrente,Electronica,Web,1,963000.0,1
C0362,2025-05,59.0,10,123125.27,Web,Recurrente,Sin compra,Sin compra,0,0.0,0
C0362,2025-06,59.0,5,,Web,Recurrente,Sin compra,Sin compra,0,0.0,0
C0362,2025-07,59.0,5,94083.94,Web,Recurrente,Sin compra,Sin compra,0,0.0,0
C0362,2025-08,59.0,8,136315.63,Web,Recurrente,Deportes,Web,1,427000.0,1
C0362,2025-09,59.0,6,70834.09,Web,Recurrente,Sin compra,Sin compra,0,0.0,0
C0362,2025-10,59.0,8,67496.88,Aplicacion,Recurrente,Hogar,Aplicacion,1,328000.0,1
C0362,2025-11,59.0,7,39063.59,Aplicacion,Recurrente,Belleza,Aplicacion,1,149000.0,1
C0362,2025-12,59.0,6,185401.54,Web,Recurrente,Sin compra,Sin compra,0,0.0,0
C0363,2025-01,36.0,4,62806.09,Web,Nuevo,Sin compra,Sin compra,0,0.0,0
C0363,2025-02,36.0,11,123878.04,Aplicacion,Nuevo,Sin compra,Sin compra,0,0.0,0
C0363,2025-03,36.0,14,120093.35,Aplicacion,Recurrente,Belleza,Aplicacion,2,501000.0,1
C0363,2025-04,36.0,13,87142.71,Ambos,Recurrente,Belleza,Aplicacion,2,256000.0,1
C0363,2025-05,36.0,5,113239.08,Web,Recurrente,Sin compra,Sin compra,0,0.0,0
C0363,2025-06,36.0,5,126967.01,Web,Recurrente,Belleza,Web,1,328000.0,1
C0363,2025-07,36.0,17,158224.82,Aplicacion,Recurrente,Electronica,Aplicacion,2,1154000.0,1
C0363,2025-08,36.0,3,116483.56,Web,Recurrente,Belleza,Web,2,411000.0,1
C0363,2025-09,36.0,10,117608.55,Aplicacion,Recurrente,Electronica,Aplicacion,4,774000.0,1
C0363,2025-10,36.0,6,91974.98,Web,Recurrente,Deportes,Web,2,355000.0,1
C0363,2025-11,36.0,9,55667.02,Aplicacion,Recurrente,Electronica,Aplicacion,4,584000.0,1
C0363,2025-12,36.0,9,131248.89,Web,Recurrente,Hogar,Web,3,610000.0,1
C0364,2025-01,18.0,8,87607.86,Aplicacion,Nuevo,Sin compra,Sin compra,0,0.0,0
C0364,2025-02,18.0,23,193174.66,Ambos,Nuevo,Sin compra,Sin compra,0,0.0,0
C0364,2025-03,18.0,5,94686.64,Aplicacion,Recurrente,Ropa,Aplicacion,1,286000.0,1
C0364,2025-04,18.0,6,100459.6,Web,Recurrente,Sin compra,Sin compra,0,0.0,0
C0364,2025-05,18.0,10,109805.54,Web,Recurrente,Sin compra,Sin compra,0,0.0,0
C0364,2025-06,18.0,7,96085.65,Aplicacion,Recurrente,Sin compra,Sin compra,0,0.0,0
C0364,2025-07,18.0,10,113767.66,Web,Recurrente,Hogar,Web,1,474000.0,1
C0364,2025-08,18.0,7,106722.93,Aplicacion,Recurrente,Hogar,Aplicacion,3,481000.0,1
C0364,2025-09,18.0,7,41743.23,Aplicacion,Recurrente,Sin compra,Sin compra,0,0.0,0
C0364,2025-10,18.0,9,148418.81,Aplicacion,Recurrente,Electronica,Aplicacion,2,1682000.0,1
C0364,2025-11,18.0,5,126626.4,Web,Recurrente,Electronica,Web,2,946000.0,1
C0364,2025-12,18.0,7,100686.49,Web,Recurrente,Ropa,Web,2,380000.0,1
C0365,2025-01,46.0,17,123671.92,Ambos,Recurrente,Hogar,Web,2,519000.0,1
C0365,2025-02,46.0,17,137247.32,Ambos,Recurrente,Sin compra,Sin compra,0,0.0,0
C0365,2025-03,46.0,6,131643.97,Aplicacion,Recurrente,Deportes,Aplicacion,1,228000.0,1
C0365,2025-04,46.0,13,88751.42,Ambos,Recurrente,Deportes,Aplicacion,1,363000.0,1
C0365,2025-05,46.0,10,103244.17,Aplicacion,Recurrente,Sin compra,Sin compra,0,0.0,0
C0365,2025-06,46.0,7,76833.23,Aplicacion,Recurrente,Hogar,Aplicacion,2,299000.0,1
C0365,2025-07,46.0,6,81375.52,Web,Recurrente,Sin compra,Sin compra,0,0.0,0
C0365,2025-08,46.0,5,,Web,Recurrente,Hogar,Web,1,302000.0,1
C0365,2025-09,46.0,7,82725.09,Aplicacion,Recurrente,Deportes,Aplicacion,1,257000.0,1
C0365,2025-10,46.0,12,127368.06,Ambos,Recurrente,Belleza,Web,3,395000.0,1
C0365,2025-11,46.0,18,163933.38,Ambos,Recurrente,Belleza,Aplicacion,2,538000.0,1
C0365,2025-12,46.0,4,45404.61,Web,Recurrente,Belleza,Web,2,166000.0,1
C0366,2025-01,44.0,15,80019.27,Aplicacion,Nuevo,Sin compra,Sin compra,0,0.0,0
C0366,2025-02,44.0,4,67444.62,Web,Recurrente,Hogar,Web,1,236000.0,1
C0366,2025-03,44.0,8,137220.73,Aplicacion,Recurrente,Sin compra,Sin compra,0,0.0,0
C0366,2025-04,44.0,4,89777.46,Web,Recurrente,Electronica,Web,1,693000.0,1
C0366,2025-05,44.0,7,114820.98,Web,Recurrente,Electronica,Web,1,1051000.0,1
C0366,2025-06,44.0,13,185212.34,Aplicacion,Recurrente,Sin compra,Sin compra,0,0.0,0
C0366,2025-07,44.0,6,108564.25,Web,Recurrente,Ropa,Web,2,347000.0,1
C0366,2025-08,44.0,3,55182.51,Web,Recurrente,Sin compra,Sin compra,0,0.0,0
C0366,2025-09,44.0,13,140409.21,Aplicacion,Recurrente,Belleza,Aplicacion,1,580000.0,1
C0366,2025-10,44.0,18,171386.26,Ambos,Recurrente,Ropa,Web,1,796000.0,1
C0366,2025-11,44.0,14,133541.93,Ambos,Recurrente,Sin compra,Sin compra,0,0.0,0
C0366,2025-12,44.0,7,125019.67,Web,Recurrente,Hogar,Web,1,558000.0,1
C0367,2025-01,55.0,14,113726.22,Ambos,Recurrente,Electronica,Web,1,859000.0,1
C0367,2025-02,55.0,6,66894.41,Aplicacion,Recurrente,Hogar,Aplicacion,2,261000.0,1
C0367,2025-03,,6,48214.41,Web,Recurrente,Sin compra,Sin compra,0,0.0,0
C0367,2025-04,55.0,8,66005.06,Web,Recurrente,Ropa,Web,4,146000.0,1
C0367,2025-05,,8,126588.35,Aplicacion,Recurrente,Ropa,Aplicacion,1,392000.0,1
C0367,2025-06,,2,71171.22,Aplicacion,Recurrente,Sin compra,Sin compra,0,0.0,0
C0367,2025-07,55.0,13,121525.31,Aplicacion,Recurrente,Ropa,Aplicacion,2,387000.0,1
C0367,2025-08,55.0,9,108487.94,Ambos,Recurrente,Ropa,Aplicacion,1,305000.0,1
C0367,2025-09,55.0,15,125165.66,Aplicacion,Recurrente,Belleza,Aplicacion,1,254000.0,1
C0367,2025-10,55.0,5,116464.28,Aplicacion,Recurrente,Hogar,Aplicacion,1,479000.0,1
C0367,2025-11,55.0,6,118073.24,Web,Recurrente,Hogar,Web,1,515000.0,1
C0367,2025-12,55.0,8,93938.89,Web,Recurrente,Belleza,Web,3,289000.0,1
C0368,2025-01,38.0,7,99059.39,Aplicacion,Nuevo,Sin compra,Sin compra,0,0.0,0
C0368,2025-02,38.0,15,179409.54,Ambos,Recurrente,Electronica,Aplicacion,1,1582000.0,1
C0368,2025-03,38.0,3,51927.52,Web,Recurrente,Deportes,Web,3,183000.0,1
C0368,2025-04,38.0,8,67786.51,Ambos,Recurrente,Sin compra,Sin compra,0,0.0,0
C0368,2025-05,38.0,16,133683.07,Ambos,Recurrente,Sin compra,Sin compra,0,0.0,0
C0368,2025-06,38.0,5,38029.4,Web,Recurrente,Sin compra,Sin compra,0,0.0,0
C0368,2025-07,38.0,1,67747.33,Web,Recurrente,Sin compra,Sin compra,0,0.0,0
C0368,2025-08,38.0,5,82611.02,Web,Recurrente,Ropa,Web,2,183000.0,1
C0368,2025-09,38.0,6,83396.32,Aplicacion,Recurrente,Hogar,Aplicacion,3,307000.0,1
C0368,2025-10,38.0,9,103294.05,Aplicacion,Recurrente,Ropa,Aplicacion,1,315000.0,1
C0368,2025-11,38.0,9,150243.62,Web,Recurrente,Electronica,Web,2,1028000.0,1
C0368,2025-12,38.0,5,108181.64,Web,Recurrente,Electronica,Web,2,773000.0,1
C0369,2025-01,34.0,12,199921.16,Aplicacion,Recurrente,Belleza,Aplicacion,1,462000.0,1
C0369,2025-02,34.0,6,88130.1,Aplicacion,Recurrente,Sin compra,Sin compra,0,0.0,0
C0369,2025-03,34.0,7,42631.4,Web,Recurrente,Deportes,Web,1,135000.0,1
C0369,2025-04,34.0,6,89265.2,Web,Recurrente,Sin compra,Sin compra,0,0.0,0
C0369,2025-05,34.0,7,81719.27,Aplicacion,Recurrente,Sin compra,Sin compra,0,0.0,0
C0369,2025-06,34.0,8,78989.21,Web,Recurrente,Electronica,Web,3,796000.0,1
C0369,2025-07,34.0,8,86858.98,Web,Recurrente,Ropa,Web,1,306000.0,1
C0369,2025-08,34.0,9,79999.03,Aplicacion,Recurrente,Belleza,Aplicacion,2,294000.0,1
C0369,2025-09,,4,60495.15,Web,Recurrente,Deportes,Web,1,177000.0,1
C0369,2025-10,34.0,9,141028.78,Web,Recurrente,Belleza,Web,3,245000.0,1
C0369,2025-11,34.0,16,144453.27,Ambos,Recurrente,Electronica,Web,2,821000.0,1
C0369,2025-12,34.0,17,89591.85,Ambos,Recurrente,Hogar,Web,1,491000.0,1
C0370,2025-01,51.0,17,133910.61,Ambos,Nuevo,Sin compra,Sin compra,0,0.0,0
C0370,2025-02,51.0,7,79940.77,Web,Nuevo,Sin compra,Sin compra,0,0.0,0
C0370,2025-03,51.0,3,50627.27,Aplicacion,Nuevo,Sin compra,Sin compra,0,0.0,0
C0370,2025-04,51.0,15,183171.64,Ambos,Recurrente,Electronica,Aplicacion,1,1497000.0,1
C0370,2025-05,51.0,8,103282.4,Web,Recurrente,Electronica,Web,4,520000.0,1
C0370,2025-06,51.0,7,121081.24,Web,Recurrente,Belleza,Web,3,313000.0,1
C0370,2025-07,51.0,15,89682.38,Ambos,Recurrente,Hogar,Aplicacion,2,288000.0,1
C0370,2025-08,51.0,7,108162.1,Aplicacion,Recurrente,Belleza,Aplicacion,1,336000.0,1
C0370,2025-09,51.0,9,87033.33,Aplicacion,Recurrente,Electronica,Aplicacion,1,1020000.0,1
C0370,2025-10,51.0,6,122374.86,Web,Recurrente,Hogar,Web,1,377000.0,1
C0370,2025-11,51.0,8,118783.15,Web,Recurrente,Belleza,Web,2,398000.0,1
C0370,2025-12,51.0,9,107671.31,Aplicacion,Recurrente,Hogar,Aplicacion,2,387000.0,1
C0371,2025-01,40.0,4,62816.16,Web,Nuevo,Sin compra,Sin compra,0,0.0,0
C0371,2025-02,40.0,5,136610.4,Web,Nuevo,Sin compra,Sin compra,0,0.0,0
C0371,2025-03,40.0,14,127178.07,Ambos,Recurrente,Electronica,Web,4,914000.0,1
C0371,2025-04,40.0,5,125007.4,Aplicacion,Recurrente,Sin compra,Sin compra,0,0.0,0
C0371,2025-05,40.0,8,77595.93,Aplicacion,Recurrente,Sin compra,Sin compra,0,0.0,0
C0371,2025-06,40.0,12,143534.9,Web,Recurrente,Electronica,Web,2,883000.0,1
C0371,2025-07,40.0,9,84011.87,Web,Recurrente,Belleza,Web,1,248000.0,1
C0371,2025-08,40.0,9,64685.55,Aplicacion,Recurrente,Sin compra,Sin compra,0,0.0,0
C0371,2025-09,40.0,5,72241.98,Web,Recurrente,Belleza,Web,1,268000.0,1
C0371,2025-10,40.0,6,133946.01,Web,Recurrente,Ropa,Web,4,461000.0,1
C0371,2025-11,40.0,14,109440.09,Ambos,Recurrente,Hogar,Aplicacion,1,500000.0,1
C0371,2025-12,40.0,6,85876.57,Aplicacion,Recurrente,Deportes,Aplicacion,1,263000.0,1
C0372,2025-01,39.0,7,88385.93,Aplicacion,Recurrente,Ropa,Aplicacion,3,265000.0,1
C0372,2025-02,39.0,9,130622.99,Aplicacion,Recurrente,Ropa,Aplicacion,1,438000.0,1
C0372,2025-03,39.0,10,102711.64,Web,Recurrente,Sin compra,Sin compra,0,0.0,0
C0372,2025-04,39.0,3,91053.26,Web,Recurrente,Ropa,Web,2,284000.0,1
C0372,2025-05,39.0,12,155086.21,Web,Recurrente,Deportes,Web,1,442000.0,1
C0372,2025-06,39.0,6,82056.06,Aplicacion,Recurrente,Ropa,Aplicacion,1,255000.0,1
C0372,2025-07,39.0,11,111726.24,Aplicacion,Recurrente,Ropa,Aplicacion,1,534000.0,1
C0372,2025-08,39.0,14,100541.32,Ambos,Recurrente,Ropa,Web,1,355000.0,1
C0372,2025-09,39.0,9,104496.4,Aplicacion,Recurrente,Deportes,Aplicacion,1,421000.0,1
C0372,2025-10,39.0,13,109885.34,Aplicacion,Recurrente,Ropa,Aplicacion,1,471000.0,1
C0372,2025-11,39.0,3,63535.93,Web,Recurrente,Ropa,Web,1,216000.0,1
C0372,2025-12,39.0,6,72028.72,Web,Recurrente,Electronica,Web,2,862000.0,1
C0373,2025-01,28.0,12,80493.03,Aplicacion,Recurrente,Electronica,Aplicacion,1,756000.0,1
C0373,2025-02,28.0,6,121968.57,Web,Recurrente,Sin compra,Sin compra,0,0.0,0
C0373,2025-03,28.0,4,82094.47,Web,Recurrente,Sin compra,Sin compra,0,0.0,0
C0373,2025-04,28.0,8,128072.46,Aplicacion,Recurrente,Sin compra,Sin compra,0,0.0,0
C0373,2025-05,28.0,6,92098.74,Web,Recurrente,Sin compra,Sin compra,0,0.0,0
C0373,2025-06,28.0,10,76974.93,Aplicacion,Recurrente,Deportes,Aplicacion,2,360000.0,1
C0373,2025-07,28.0,15,53294.74,Ambos,Recurrente,Sin compra,Sin compra,0,0.0,0
C0373,2025-08,28.0,9,83882.38,Aplicacion,Recurrente,Belleza,Aplicacion,1,265000.0,1
C0373,2025-09,28.0,15,134595.84,Ambos,Recurrente,Sin compra,Sin compra,0,0.0,0
C0373,2025-10,28.0,10,113296.62,Aplicacion,Recurrente,Belleza,Aplicacion,3,426000.0,1
C0373,2025-11,28.0,7,87485.37,Web,Recurrente,Deportes,Web,1,320000.0,1
C0373,2025-12,28.0,5,131272.11,Web,Recurrente,Electronica,Web,1,1096000.0,1
C0374,2025-01,61.0,8,112560.55,Aplicacion,Recurrente,Deportes,Aplicacion,3,352000.0,1
C0374,2025-02,61.0,6,49678.72,Aplicacion,Recurrente,Sin compra,Sin compra,0,0.0,0
C0374,2025-03,61.0,4,116791.44,Aplicacion,Recurrente,Ropa,Aplicacion,2,330000.0,1
C0374,2025-04,61.0,17,136652.08,Ambos,Recurrente,Electronica,Aplicacion,2,1097000.0,1
C0374,2025-05,61.0,9,108451.71,Aplicacion,Recurrente,Sin compra,Sin compra,0,0.0,0
C0374,2025-06,,15,153391.5,Ambos,Recurrente,Ropa,Aplicacion,2,604000.0,1
C0374,2025-07,61.0,8,85894.77,Web,Recurrente,Hogar,Web,3,259000.0,1
C0374,2025-08,61.0,14,94747.69,Aplicacion,Recurrente,Electronica,Aplicacion,2,838000.0,1
C0374,2025-09,61.0,12,,Ambos,Recurrente,Belleza,Web,2,352000.0,1
C0374,2025-10,61.0,7,57779.63,Web,Recurrente,Electronica,Web,1,654000.0,1
C0374,2025-11,61.0,5,65988.57,Web,Recurrente,Hogar,Web,1,166000.0,1
C0374,2025-12,61.0,8,113912.79,Ambos,Recurrente,Deportes,Aplicacion,1,297000.0,1
C0375,2025-01,67.0,8,122146.42,Aplicacion,Recurrente,Hogar,Aplicacion,1,525000.0,1
C0375,2025-02,67.0,6,103349.08,Aplicacion,Recurrente,Belleza,Aplicacion,1,352000.0,1
C0375,2025-03,67.0,5,110097.96,Web,Recurrente,Sin compra,Sin compra,0,0.0,0
C0375,2025-04,67.0,5,72204.01,Aplicacion,Recurrente,Sin compra,Sin compra,0,0.0,0
C0375,2025-05,67.0,8,107980.73,Web,Recurrente,Sin compra,Sin compra,0,0.0,0
C0375,2025-06,67.0,8,83101.9,Web,Recurrente,Ropa,Web,1,334000.0,1
C0375,2025-07,67.0,9,104394.56,Web,Recurrente,Sin compra,Sin compra,0,0.0,0
C0375,2025-08,67.0,7,87603.04,Aplicacion,Recurrente,Sin compra,Sin compra,0,0.0,0
C0375,2025-09,67.0,11,111279.33,Aplicacion,Recurrente,Belleza,Aplicacion,4,372000.0,1
C0375,2025-10,67.0,5,86217.26,Web,Recurrente,Deportes,Web,3,332000.0,1
C0375,2025-11,67.0,8,50789.59,Web,Recurrente,Ropa,Web,2,233000.0,1
C0375,2025-12,67.0,9,79681.01,Aplicacion,Recurrente,Deportes,Aplicacion,1,373000.0,1
C0376,2025-01,18.0,5,71443.94,Aplicacion,Nuevo,Sin compra,Sin compra,0,0.0,0
C0376,2025-02,18.0,10,72991.89,Aplicacion,Nuevo,Sin compra,Sin compra,0,0.0,0
C0376,2025-03,18.0,16,151801.99,Ambos,Recurrente,Electronica,Aplicacion,2,932000.0,1
C0376,2025-04,18.0,11,96643.39,Ambos,Recurrente,Sin compra,Sin compra,0,0.0,0
C0376,2025-05,18.0,5,35952.01,Web,Recurrente,Sin compra,Sin compra,0,0.0,0
C0376,2025-06,18.0,6,154304.42,Web,Recurrente,Sin compra,Sin compra,0,0.0,0
C0376,2025-07,18.0,8,108374.46,Ambos,Recurrente,Sin compra,Sin compra,0,0.0,0
C0376,2025-08,18.0,9,,Web,Recurrente,Sin compra,Sin compra,0,0.0,0
C0376,2025-09,18.0,8,51976.88,Web,Recurrente,Sin compra,Sin compra,0,0.0,0
C0376,2025-10,18.0,10,148393.02,Web,Recurrente,Belleza,Web,3,390000.0,1
C0376,2025-11,18.0,8,113854.92,Web,Recurrente,Sin compra,Sin compra,0,0.0,0
C0376,2025-12,18.0,10,70882.18,Aplicacion,Recurrente,Sin compra,Sin compra,0,0.0,0
C0377,2025-01,24.0,5,49774.12,Web,Nuevo,Sin compra,Sin compra,0,0.0,0
C0377,2025-02,24.0,9,,Web,Nuevo,Sin compra,Sin compra,0,0.0,0
C0377,2025-03,24.0,7,89851.45,Web,Nuevo,Sin compra,Sin compra,0,0.0,0
C0377,2025-04,24.0,8,96293.72,Web,Nuevo,Sin compra,Sin compra,0,0.0,0
C0377,2025-05,24.0,17,101354.43,Ambos,Recurrente,Deportes,Aplicacion,2,513000.0,1
C0377,2025-06,24.0,17,107402.39,Ambos,Recurrente,Belleza,Web,1,480000.0,1
C0377,2025-07,24.0,2,67522.01,Web,Recurrente,Ropa,Web,1,190000.0,1
C0377,2025-08,24.0,9,125649.97,Aplicacion,Recurrente,Sin compra,Sin compra,0,0.0,0
C0377,2025-09,24.0,6,111367.88,Web,Recurrente,Electronica,Web,1,1208000.0,1
C0377,2025-10,24.0,12,72629.43,Aplicacion,Recurrente,Sin compra,Sin compra,0,0.0,0
C0377,2025-11,24.0,11,107188.1,Ambos,Recurrente,Deportes,Aplicacion,3,446000.0,1
C0377,2025-12,24.0,17,112371.27,Ambos,Recurrente,Hogar,Aplicacion,1,556000.0,1
C0378,2025-01,60.0,5,115013.52,Web,Nuevo,Sin compra,Sin compra,0,0.0,0
C0378,2025-02,60.0,13,145835.51,Aplicacion,Nuevo,Sin compra,Sin compra,0,0.0,0
C0378,2025-03,60.0,14,134188.18,Aplicacion,Recurrente,Ropa,Aplicacion,1,444000.0,1
C0378,2025-04,60.0,10,45264.67,Web,Recurrente,Sin compra,Sin compra,0,0.0,0
C0378,2025-05,60.0,12,162760.29,Ambos,Recurrente,Belleza,Web,1,425000.0,1
C0378,2025-06,60.0,11,164166.64,Aplicacion,Recurrente,Electronica,Aplicacion,1,1238000.0,1
C0378,2025-07,,9,103121.35,Aplicacion,Recurrente,Sin compra,Sin compra,0,0.0,0
C0378,2025-08,60.0,6,25450.77,Web,Recurrente,Sin compra,Sin compra,0,0.0,0
C0378,2025-09,60.0,9,111783.56,Web,Recurrente,Deportes,Web,1,396000.0,1
C0378,2025-10,60.0,6,115358.49,Web,Recurrente,Sin compra,Sin compra,0,0.0,0
C0378,2025-11,60.0,7,111907.54,Aplicacion,Recurrente,Electronica,Aplicacion,1,688000.0,1
C0378,2025-12,60.0,16,163403.37,Ambos,Recurrente,Ropa,Aplicacion,1,562000.0,1
C0379,2025-01,44.0,1,42167.68,Web,Nuevo,Sin compra,Sin compra,0,0.0,0
C0379,2025-02,44.0,7,101331.06,Aplicacion,Nuevo,Sin compra,Sin compra,0,0.0,0
C0379,2025-03,44.0,12,132931.75,Aplicacion,Recurrente,Hogar,Aplicacion,2,502000.0,1
C0379,2025-04,44.0,5,68437.52,Web,Recurrente,Belleza,Web,1,166000.0,1
C0379,2025-05,44.0,6,112254.08,Aplicacion,Recurrente,Sin compra,Sin compra,0,0.0,0
C0379,2025-06,44.0,10,125634.46,Web,Recurrente,Hogar,Web,1,394000.0,1
C0379,2025-07,44.0,14,89503.42,Ambos,Recurrente,Deportes,Web,4,349000.0,1
C0379,2025-08,,3,77269.25,Web,Recurrente,Sin compra,Sin compra,0,0.0,0
C0379,2025-09,44.0,15,110835.96,Ambos,Recurrente,Ropa,Aplicacion,3,343000.0,1
C0379,2025-10,44.0,10,165150.52,Aplicacion,Recurrente,Deportes,Aplicacion,4,635000.0,1
C0379,2025-11,44.0,6,141056.77,Web,Recurrente,Deportes,Web,2,595000.0,1
C0379,2025-12,44.0,5,65010.18,Aplicacion,Recurrente,Deportes,Aplicacion,1,200000.0,1
C0380,2025-01,70.0,22,212871.13,Ambos,Recurrente,Belleza,Aplicacion,1,700000.0,1
C0380,2025-02,70.0,10,89539.69,Web,Recurrente,Sin compra,Sin compra,0,0.0,0
C0380,2025-03,70.0,11,115526.92,Aplicacion,Recurrente,Ropa,Aplicacion,3,431000.0,1
C0380,2025-04,70.0,6,39079.89,Web,Recurrente,Sin compra,Sin compra,0,0.0,0
C0380,2025-05,70.0,12,143628.87,Ambos,Recurrente,Hogar,Aplicacion,1,628000.0,1
C0380,2025-06,70.0,5,77758.94,Web,Recurrente,Sin compra,Sin compra,0,0.0,0
C0380,2025-07,70.0,12,87908.95,Aplicacion,Recurrente,Deportes,Aplicacion,2,252000.0,1
C0380,2025-08,70.0,18,102450.82,Ambos,Recurrente,Hogar,Aplicacion,1,353000.0,1
C0380,2025-09,70.0,8,76776.26,Ambos,Recurrente,Deportes,Aplicacion,1,316000.0,1
C0380,2025-10,70.0,13,134181.41,Ambos,Recurrente,Sin compra,Sin compra,0,0.0,0
C0380,2025-11,70.0,13,118429.19,Ambos,Recurrente,Belleza,Aplicacion,2,492000.0,1
C0380,2025-12,70.0,7,115871.43,Aplicacion,Recurrente,Hogar,Aplicacion,3,446000.0,1
C0381,2025-01,59.0,5,73330.24,Web,Nuevo,Sin compra,Sin compra,0,0.0,0
C0381,2025-02,59.0,8,,Web,Recurrente,Electronica,Web,1,693000.0,1
C0381,2025-03,59.0,8,75179.66,Aplicacion,Recurrente,Electronica,Aplicacion,1,699000.0,1
C0381,2025-04,59.0,8,44497.88,Web,Recurrente,Sin compra,Sin compra,0,0.0,0
C0381,2025-05,59.0,8,86651.66,Web,Recurrente,Sin compra,Sin compra,0,0.0,0
C0381,2025-06,59.0,13,,Ambos,Recurrente,Hogar,Web,1,360000.0,1
C0381,2025-07,59.0,7,128976.94,Web,Recurrente,Sin compra,Sin compra,0,0.0,0
C0381,2025-08,59.0,3,90449.81,Web,Recurrente,Sin compra,Sin compra,0,0.0,0
C0381,2025-09,59.0,10,65787.48,Aplicacion,Recurrente,Hogar,Aplicacion,1,212000.0,1
C0381,2025-10,59.0,17,149140.74,Ambos,Recurrente,Deportes,Aplicacion,1,553000.0,1
C0381,2025-11,59.0,17,135789.21,Ambos,Recurrente,Ropa,Web,3,573000.0,1
C0381,2025-12,59.0,10,137273.27,Web,Recurrente,Ropa,Web,1,551000.0,1
C0382,2025-01,21.0,10,,Aplicacion,Nuevo,Sin compra,Sin compra,0,0.0,0
C0382,2025-02,21.0,19,148609.68,Aplicacion,Recurrente,Ropa,Aplicacion,3,542000.0,1
C0382,2025-03,21.0,15,131850.2,Web,Recurrente,Belleza,Web,1,373000.0,1
C0382,2025-04,21.0,10,45146.64,Aplicacion,Recurrente,Sin compra,Sin compra,0,0.0,0
C0382,2025-05,21.0,9,146765.8,Web,Recurrente,Electronica,Web,2,858000.0,1
C0382,2025-06,21.0,10,93384.71,Aplicacion,Recurrente,Belleza,Aplicacion,1,359000.0,1
C0382,2025-07,21.0,6,89467.6,Aplicacion,Recurrente,Sin compra,Sin compra,0,0.0,0
C0382,2025-08,21.0,8,70067.57,Web,Recurrente,Deportes,Web,1,225000.0,1
C0382,2025-09,21.0,6,82128.85,Web,Recurrente,Deportes,Web,2,316000.0,1
C0382,2025-10,21.0,17,97980.02,Ambos,Recurrente,Belleza,Aplicacion,1,381000.0,1
C0382,2025-11,21.0,12,98660.32,Web,Recurrente,Hogar,Web,2,341000.0,1
C0382,2025-12,21.0,8,79715.35,Web,Recurrente,Belleza,Web,3,261000.0,1
C0383,2025-01,66.0,5,89298.15,Web,Nuevo,Sin compra,Sin compra,0,0.0,0
C0383,2025-02,,10,125505.14,Aplicacion,Nuevo,Sin compra,Sin compra,0,0.0,0
C0383,2025-03,66.0,10,100347.08,Aplicacion,Nuevo,Sin compra,Sin compra,0,0.0,0
C0383,2025-04,66.0,21,142473.29,Ambos,Recurrente,Electronica,Aplicacion,1,1165000.0,1
C0383,2025-05,66.0,6,144242.12,Web,Recurrente,Belleza,Web,1,492000.0,1
C0383,2025-06,66.0,6,80798.27,Aplicacion,Recurrente,Sin compra,Sin compra,0,0.0,0
C0383,2025-07,66.0,6,132928.81,Web,Recurrente,Deportes,Web,1,387000.0,1
C0383,2025-08,66.0,18,160359.1,Ambos,Recurrente,Deportes,Aplicacion,1,560000.0,1
C0383,2025-09,66.0,8,130744.31,Aplicacion,Recurrente,Electronica,Aplicacion,1,1022000.0,1
C0383,2025-10,66.0,10,71213.38,Web,Recurrente,Electronica,Web,2,494000.0,1
C0383,2025-11,66.0,9,111502.76,Ambos,Recurrente,Sin compra,Sin compra,0,0.0,0
C0383,2025-12,66.0,15,141453.24,Ambos,Recurrente,Electronica,Aplicacion,1,1012000.0,1
C0384,2025-01,50.0,10,120794.19,Aplicacion,Recurrente,Ropa,Aplicacion,1,365000.0,1
C0384,2025-02,50.0,5,32049.88,Web,Recurrente,Sin compra,Sin compra,0,0.0,0
C0384,2025-03,50.0,8,64355.24,Web,Recurrente,Hogar,Web,2,280000.0,1
C0384,2025-04,50.0,11,,Aplicacion,Recurrente,Sin compra,Sin compra,0,0.0,0
C0384,2025-05,,15,110881.45,Ambos,Recurrente,Ropa,Aplicacion,1,318000.0,1
C0384,2025-06,50.0,9,53624.41,Aplicacion,Recurrente,Sin compra,Sin compra,0,0.0,0
C0384,2025-07,50.0,10,154844.13,Web,Recurrente,Sin compra,Sin compra,0,0.0,0
C0384,2025-08,50.0,13,114530.25,Ambos,Recurrente,Electronica,Web,2,918000.0,1
C0384,2025-09,50.0,12,60568.68,Aplicacion,Recurrente,Hogar,Aplicacion,2,296000.0,1
C0384,2025-10,50.0,10,70191.27,Aplicacion,Recurrente,Sin compra,Sin compra,0,0.0,0
C0384,2025-11,50.0,5,66909.13,Web,Recurrente,Deportes,Web,1,333000.0,1
C0384,2025-12,50.0,21,197429.68,Ambos,Recurrente,Electronica,Aplicacion,1,1537000.0,1
C0385,2025-01,37.0,4,134389.89,Aplicacion,Nuevo,Sin compra,Sin compra,0,0.0,0
C0385,2025-02,37.0,5,121494.98,Web,Recurrente,Ropa,Web,2,525000.0,1
C0385,2025-03,37.0,8,133465.53,Web,Recurrente,Sin compra,Sin compra,0,0.0,0
C0385,2025-04,37.0,5,100024.86,Web,Recurrente,Sin compra,Sin compra,0,0.0,0
C0385,2025-05,37.0,11,146971.77,Ambos,Recurrente,Sin compra,Sin compra,0,0.0,0
C0385,2025-06,37.0,5,131073.34,Web,Recurrente,Sin compra,Sin compra,0,0.0,0
C0385,2025-07,37.0,12,118946.7,Ambos,Recurrente,Sin compra,Sin compra,0,0.0,0
C0385,2025-08,37.0,9,132744.79,Aplicacion,Recurrente,Sin compra,Sin compra,0,0.0,0
C0385,2025-09,37.0,6,95948.65,Aplicacion,Recurrente,Sin compra,Sin compra,0,0.0,0
C0385,2025-10,37.0,5,48252.7,Aplicacion,Recurrente,Deportes,Aplicacion,3,218000.0,1
C0385,2025-11,37.0,5,92802.56,Web,Recurrente,Hogar,Web,1,392000.0,1
C0385,2025-12,37.0,8,108964.42,Aplicacion,Recurrente,Sin compra,Sin compra,0,0.0,0
C0386,2025-01,49.0,10,98871.82,Web,Nuevo,Sin compra,Sin compra,0,0.0,0
C0386,2025-02,49.0,9,66853.85,Aplicacion,Nuevo,Sin compra,Sin compra,0,0.0,0
C0386,2025-03,,8,,Aplicacion,Nuevo,Sin compra,Sin compra,0,0.0,0
C0386,2025-04,49.0,10,116938.68,Aplicacion,Nuevo,Sin compra,Sin compra,0,0.0,0
C0386,2025-05,49.0,7,106082.17,Aplicacion,Nuevo,Sin compra,Sin compra,0,0.0,0
C0386,2025-06,49.0,15,126538.83,Ambos,Nuevo,Sin compra,Sin compra,0,0.0,0
C0386,2025-07,49.0,8,120180.02,Aplicacion,Nuevo,Sin compra,Sin compra,0,0.0,0
C0386,2025-08,49.0,7,111751.83,Aplicacion,Recurrente,Deportes,Aplicacion,1,336000.0,1
C0386,2025-09,49.0,9,132254.66,Aplicacion,Recurrente,Sin compra,Sin compra,0,0.0,0
C0386,2025-10,49.0,5,134230.77,Web,Recurrente,Sin compra,Sin compra,0,0.0,0
C0386,2025-11,49.0,12,89575.13,Ambos,Recurrente,Sin compra,Sin compra,0,0.0,0
C0386,2025-12,49.0,3,40657.92,Web,Recurrente,Sin compra,Sin compra,0,0.0,0
C0387,2025-01,37.0,8,125143.11,Web,Nuevo,Sin compra,Sin compra,0,0.0,0
C0387,2025-02,37.0,19,123138.07,Aplicacion,Recurrente,Deportes,Aplicacion,1,422000.0,1
C0387,2025-03,37.0,8,51064.03,Web,Recurrente,Deportes,Web,2,243000.0,1
C0387,2025-04,37.0,8,123235.0,Aplicacion,Recurrente,Hogar,Aplicacion,4,394000.0,1
C0387,2025-05,37.0,5,118918.49,Web,Recurrente,Electronica,Web,1,1209000.0,1
C0387,2025-06,37.0,12,81986.3,Ambos,Recurrente,Hogar,Aplicacion,3,355000.0,1
C0387,2025-07,37.0,9,61304.37,Aplicacion,Recurrente,Ropa,Aplicacion,2,411000.0,1
C0387,2025-08,37.0,11,55706.72,Web,Recurrente,Electronica,Web,1,487000.0,1
C0387,2025-09,37.0,6,99018.24,Aplicacion,Recurrente,Belleza,Aplicacion,3,354000.0,1
C0387,2025-10,,19,146585.18,Ambos,Recurrente,Deportes,Web,1,601000.0,1
C0387,2025-11,37.0,18,141499.49,Ambos,Recurrente,Electronica,Aplicacion,2,1190000.0,1
C0387,2025-12,37.0,10,93697.11,Web,Recurrente,Belleza,Web,1,342000.0,1
C0388,2025-01,32.0,9,29282.32,Aplicacion,Nuevo,Sin compra,Sin compra,0,0.0,0
C0388,2025-02,32.0,8,109536.11,Aplicacion,Nuevo,Sin compra,Sin compra,0,0.0,0
C0388,2025-03,32.0,6,110568.58,Web,Nuevo,Sin compra,Sin compra,0,0.0,0
C0388,2025-04,32.0,3,41264.45,Aplicacion,Nuevo,Sin compra,Sin compra,0,0.0,0
C0388,2025-05,32.0,13,130308.06,Aplicacion,Recurrente,Belleza,Aplicacion,3,277000.0,1
C0388,2025-06,32.0,11,127450.13,Aplicacion,Recurrente,Sin compra,Sin compra,0,0.0,0
C0388,2025-07,32.0,8,96114.24,Web,Recurrente,Sin compra,Sin compra,0,0.0,0
C0388,2025-08,32.0,6,93198.78,Aplicacion,Recurrente,Ropa,Aplicacion,1,319000.0,1
C0388,2025-09,,20,129310.7,Ambos,Recurrente,Belleza,Aplicacion,3,552000.0,1
C0388,2025-10,32.0,11,82084.09,Ambos,Recurrente,Sin compra,Sin compra,0,0.0,0
C0388,2025-11,32.0,12,66112.66,Aplicacion,Recurrente,Hogar,Aplicacion,4,292000.0,1
C0388,2025-12,32.0,22,184541.66,Ambos,Recurrente,Sin compra,Sin compra,0,0.0,0
C0389,2025-01,34.0,11,162342.84,Aplicacion,Recurrente,Deportes,Aplicacion,1,423000.0,1
C0389,2025-02,34.0,6,109944.72,Web,Recurrente,Sin compra,Sin compra,0,0.0,0
C0389,2025-03,34.0,10,61704.12,Aplicacion,Recurrente,Sin compra,Sin compra,0,0.0,0
C0389,2025-04,34.0,8,85657.3,Web,Recurrente,Sin compra,Sin compra,0,0.0,0
C0389,2025-05,34.0,7,97820.13,Web,Recurrente,Deportes,Web,2,322000.0,1
C0389,2025-06,34.0,3,121220.28,Web,Recurrente,Sin compra,Sin compra,0,0.0,0
C0389,2025-07,34.0,12,151183.63,Ambos,Recurrente,Sin compra,Sin compra,0,0.0,0
C0389,2025-08,34.0,17,,Ambos,Recurrente,Electronica,Aplicacion,2,921000.0,1
C0389,2025-09,34.0,9,132461.42,Aplicacion,Recurrente,Belleza,Aplicacion,1,488000.0,1
C0389,2025-10,34.0,10,149623.59,Aplicacion,Recurrente,Sin compra,Sin compra,0,0.0,0
C0389,2025-11,34.0,10,129440.12,Web,Recurrente,Electronica,Web,1,869000.0,1
C0389,2025-12,34.0,8,96141.74,Web,Recurrente,Deportes,Web,1,434000.0,1
C0390,2025-01,38.0,10,154655.46,Web,Recurrente,Belleza,Web,1,404000.0,1
C0390,2025-02,38.0,11,107392.64,Aplicacion,Recurrente,Sin compra,Sin compra,0,0.0,0
C0390,2025-03,38.0,4,115806.65,Web,Recurrente,Sin compra,Sin compra,0,0.0,0
C0390,2025-04,,10,162730.31,Aplicacion,Recurrente,Ropa,Aplicacion,1,625000.0,1
C0390,2025-05,38.0,3,64673.71,Web,Recurrente,Sin compra,Sin compra,0,0.0,0
C0390,2025-06,38.0,7,116047.73,Web,Recurrente,Electronica,Web,4,921000.0,1
C0390,2025-07,38.0,10,102630.73,Aplicacion,Recurrente,Electronica,Aplicacion,1,1303000.0,1
C0390,2025-08,38.0,8,96522.94,Web,Recurrente,Sin compra,Sin compra,0,0.0,0
C0390,2025-09,38.0,8,130801.16,Web,Recurrente,Ropa,Web,3,481000.0,1
C0390,2025-10,38.0,8,55512.44,Web,Recurrente,Ropa,Web,3,282000.0,1
C0390,2025-11,38.0,5,123468.55,Web,Recurrente,Hogar,Web,1,404000.0,1
C0390,2025-12,38.0,7,87955.4,Web,Recurrente,Hogar,Web,1,227000.0,1
C0391,2025-01,34.0,11,92678.05,Aplicacion,Nuevo,Sin compra,Sin compra,0,0.0,0
C0391,2025-02,34.0,10,91332.4,Aplicacion,Nuevo,Sin compra,Sin compra,0,0.0,0
C0391,2025-03,34.0,7,82998.88,Web,Nuevo,Sin compra,Sin compra,0,0.0,0
C0391,2025-04,34.0,8,112048.08,Web,Nuevo,Sin compra,Sin compra,0,0.0,0
C0391,2025-05,34.0,7,73294.18,Web,Nuevo,Sin compra,Sin compra,0,0.0,0
C0391,2025-06,34.0,10,123569.28,Aplicacion,Recurrente,Deportes,Aplicacion,1,435000.0,1
C0391,2025-07,34.0,11,139865.25,Ambos,Recurrente,Sin compra,Sin compra,0,0.0,0
C0391,2025-08,34.0,7,149270.55,Web,Recurrente,Hogar,Web,2,523000.0,1
C0391,2025-09,34.0,13,132938.37,Aplicacion,Recurrente,Sin compra,Sin compra,0,0.0,0
C0391,2025-10,34.0,10,96683.17,Aplicacion,Recurrente,Ropa,Aplicacion,1,294000.0,1
C0391,2025-11,34.0,14,158199.45,Ambos,Recurrente,Sin compra,Sin compra,0,0.0,0
C0391,2025-12,34.0,7,24655.77,Web,Recurrente,Sin compra,Sin compra,0,0.0,0
C0392,2025-01,65.0,7,72499.76,Web,Nuevo,Sin compra,Sin compra,0,0.0,0
C0392,2025-02,65.0,10,108995.58,Aplicacion,Nuevo,Sin compra,Sin compra,0,0.0,0
C0392,2025-03,65.0,6,50398.23,Web,Nuevo,Sin compra,Sin compra,0,0.0,0
C0392,2025-04,65.0,7,87228.12,Web,Nuevo,Sin compra,Sin compra,0,0.0,0
C0392,2025-05,65.0,4,74915.7,Web,Recurrente,Deportes,Web,1,266000.0,1
C0392,2025-06,65.0,7,112362.75,Aplicacion,Recurrente,Electronica,Aplicacion,2,586000.0,1
C0392,2025-07,65.0,8,61674.45,Web,Recurrente,Sin compra,Sin compra,0,0.0,0
C0392,2025-08,65.0,11,102402.99,Aplicacion,Recurrente,Electronica,Aplicacion,1,782000.0,1
C0392,2025-09,,10,128970.11,Aplicacion,Recurrente,Sin compra,Sin compra,0,0.0,0
C0392,2025-10,65.0,12,208289.52,Ambos,Recurrente,Sin compra,Sin compra,0,0.0,0
C0392,2025-11,65.0,10,110178.04,Web,Recurrente,Sin compra,Sin compra,0,0.0,0
C0392,2025-12,65.0,5,81791.13,Aplicacion,Recurrente,Ropa,Aplicacion,1,244000.0,1
C0393,2025-01,29.0,11,141253.99,Web,Recurrente,Electronica,Web,2,1408000.0,1
C0393,2025-02,29.0,4,52509.21,Web,Recurrente,Deportes,Web,1,206000.0,1
C0393,2025-03,29.0,14,144255.28,Ambos,Recurrente,Electronica,Web,2,1123000.0,1
C0393,2025-04,29.0,10,87860.73,Web,Recurrente,Ropa,Web,1,313000.0,1
C0393,2025-05,29.0,11,96758.62,Web,Recurrente,Ropa,Web,1,231000.0,1
C0393,2025-06,29.0,9,134318.99,Aplicacion,Recurrente,Ropa,Aplicacion,4,352000.0,1
C0393,2025-07,29.0,11,93871.99,Aplicacion,Recurrente,Electronica,Aplicacion,1,983000.0,1
C0393,2025-08,29.0,6,47520.83,Aplicacion,Recurrente,Belleza,Aplicacion,4,200000.0,1
C0393,2025-09,29.0,16,,Ambos,Recurrente,Hogar,Aplicacion,2,321000.0,1
C0393,2025-10,29.0,15,133663.58,Ambos,Recurrente,Electronica,Aplicacion,2,1097000.0,1
C0393,2025-11,29.0,7,119285.05,Web,Recurrente,Hogar,Web,1,386000.0,1
C0393,2025-12,29.0,11,142534.37,Web,Recurrente,Belleza,Web,1,472000.0,1
C0394,2025-01,55.0,8,145245.38,Ambos,Nuevo,Sin compra,Sin compra,0,0.0,0
C0394,2025-02,55.0,13,141747.19,Ambos,Nuevo,Sin compra,Sin compra,0,0.0,0
C0394,2025-03,55.0,10,95876.29,Web,Nuevo,Sin compra,Sin compra,0,0.0,0
C0394,2025-04,55.0,9,106267.99,Aplicacion,Nuevo,Sin compra,Sin compra,0,0.0,0
C0394,2025-05,55.0,18,,Ambos,Recurrente,Deportes,Web,1,418000.0,1
C0394,2025-06,55.0,7,66785.88,Web,Recurrente,Sin compra,Sin compra,0,0.0,0
C0394,2025-07,55.0,8,72210.24,Web,Recurrente,Sin compra,Sin compra,0,0.0,0
C0394,2025-08,55.0,15,118399.65,Ambos,Recurrente,Electronica,Aplicacion,2,941000.0,1
C0394,2025-09,55.0,6,119818.72,Web,Recurrente,Sin compra,Sin compra,0,0.0,0
C0394,2025-10,55.0,9,80448.17,Aplicacion,Recurrente,Sin compra,Sin compra,0,0.0,0
C0394,2025-11,55.0,12,143459.34,Web,Recurrente,Sin compra,Sin compra,0,0.0,0
C0394,2025-12,55.0,7,88275.91,Aplicacion,Recurrente,Ropa,Aplicacion,2,227000.0,1
C0395,2025-01,53.0,11,130378.41,Web,Nuevo,Sin compra,Sin compra,0,0.0,0
C0395,2025-02,53.0,10,151054.66,Ambos,Nuevo,Sin compra,Sin compra,0,0.0,0
C0395,2025-03,53.0,12,69783.39,Ambos,Nuevo,Sin compra,Sin compra,0,0.0,0
C0395,2025-04,53.0,7,75057.36,Web,Nuevo,Sin compra,Sin compra,0,0.0,0
C0395,2025-05,53.0,13,,Ambos,Recurrente,Deportes,Web,3,362000.0,1
C0395,2025-06,53.0,12,132762.49,Aplicacion,Recurrente,Sin compra,Sin compra,0,0.0,0
C0395,2025-07,53.0,5,58757.81,Web,Recurrente,Sin compra,Sin compra,0,0.0,0
C0395,2025-08,53.0,6,99661.07,Web,Recurrente,Sin compra,Sin compra,0,0.0,0
C0395,2025-09,53.0,15,166301.07,Ambos,Recurrente,Electronica,Aplicacion,1,1043000.0,1
C0395,2025-10,53.0,12,134027.54,Aplicacion,Recurrente,Sin compra,Sin compra,0,0.0,0
C0395,2025-11,53.0,9,147815.37,Aplicacion,Recurrente,Sin compra,Sin compra,0,0.0,0
C0395,2025-12,53.0,12,,Ambos,Recurrente,Ropa,Aplicacion,1,343000.0,1
C0396,2025-01,24.0,18,,Ambos,Recurrente,Belleza,Web,1,439000.0,1
C0396,2025-02,24.0,8,103436.0,Aplicacion,Recurrente,Electronica,Aplicacion,1,849000.0,1
C0396,2025-03,24.0,10,77646.64,Aplicacion,Recurrente,Deportes,Aplicacion,3,330000.0,1
C0396,2025-04,24.0,5,121465.93,Web,Recurrente,Ropa,Web,1,437000.0,1
C0396,2025-05,24.0,5,120280.53,Web,Recurrente,Electronica,Web,3,683000.0,1
C0396,2025-06,24.0,3,116186.46,Web,Recurrente,Sin compra,Sin compra,0,0.0,0
C0396,2025-07,24.0,15,70308.93,Ambos,Recurrente,Hogar,Aplicacion,2,297000.0,1
C0396,2025-08,24.0,6,166426.21,Web,Recurrente,Hogar,Web,2,669000.0,1
C0396,2025-09,24.0,7,95314.35,Web,Recurrente,Belleza,Web,1,380000.0,1
C0396,2025-10,24.0,9,98489.18,Aplicacion,Recurrente,Hogar,Aplicacion,3,237000.0,1
C0396,2025-11,24.0,16,152019.67,Ambos,Recurrente,Electronica,Aplicacion,3,942000.0,1
C0396,2025-12,24.0,7,93298.91,Web,Recurrente,Belleza,Web,1,316000.0,1
C0397,2025-01,57.0,11,143338.65,Aplicacion,Nuevo,Sin compra,Sin compra,0,0.0,0
C0397,2025-02,57.0,10,88900.28,Aplicacion,Recurrente,Belleza,Aplicacion,2,540000.0,1
C0397,2025-03,57.0,9,,Aplicacion,Recurrente,Sin compra,Sin compra,0,0.0,0
C0397,2025-04,57.0,9,69646.43,Web,Recurrente,Sin compra,Sin compra,0,0.0,0
C0397,2025-05,57.0,12,137335.91,Ambos,Recurrente,Electronica,Aplicacion,1,894000.0,1
C0397,2025-06,57.0,7,124554.33,Web,Recurrente,Sin compra,Sin compra,0,0.0,0
C0397,2025-07,57.0,11,78450.31,Aplicacion,Recurrente,Sin compra,Sin compra,0,0.0,0
C0397,2025-08,57.0,5,55720.18,Web,Recurrente,Sin compra,Sin compra,0,0.0,0
C0397,2025-09,57.0,6,125979.53,Web,Recurrente,Sin compra,Sin compra,0,0.0,0
C0397,2025-10,,4,83149.97,Aplicacion,Recurrente,Ropa,Aplicacion,2,261000.0,1
C0397,2025-11,57.0,10,98108.27,Web,Recurrente,Electronica,Web,1,805000.0,1
C0397,2025-12,57.0,7,125059.61,Web,Recurrente,Sin compra,Sin compra,0,0.0,0
C0398,2025-01,61.0,8,105373.06,Web,Recurrente,Electronica,Web,2,948000.0,1
C0398,2025-02,61.0,10,165800.41,Aplicacion,Recurrente,Deportes,Aplicacion,2,406000.0,1
C0398,2025-03,61.0,9,86783.09,Web,Recurrente,Sin compra,Sin compra,0,0.0,0
C0398,2025-04,,10,115865.84,Aplicacion,Recurrente,Ropa,Aplicacion,1,334000.0,1
C0398,2025-05,61.0,9,143210.69,Aplicacion,Recurrente,Hogar,Aplicacion,3,448000.0,1
C0398,2025-06,61.0,10,121028.88,Aplicacion,Recurrente,Hogar,Aplicacion,2,378000.0,1
C0398,2025-07,61.0,13,116805.47,Aplicacion,Recurrente,Electronica,Aplicacion,3,817000.0,1
C0398,2025-08,61.0,11,102055.46,Web,Recurrente,Belleza,Web,1,364000.0,1
C0398,2025-09,61.0,10,98149.32,Web,Recurrente,Deportes,Web,4,451000.0,1
C0398,2025-10,61.0,8,155173.43,Aplicacion,Recurrente,Ropa,Aplicacion,1,534000.0,1
C0398,2025-11,61.0,14,151425.3,Ambos,Recurrente,Electronica,Web,1,1189000.0,1
C0398,2025-12,61.0,14,101677.4,Ambos,Recurrente,Hogar,Aplicacion,1,394000.0,1
C0399,2025-01,65.0,19,144583.84,Ambos,Recurrente,Belleza,Web,1,407000.0,1
C0399,2025-02,65.0,8,85642.15,Web,Recurrente,Sin compra,Sin compra,0,0.0,0
C0399,2025-03,65.0,8,90053.37,Web,Recurrente,Ropa,Web,1,237000.0,1
C0399,2025-04,65.0,3,87881.55,Web,Recurrente,Sin compra,Sin compra,0,0.0,0
C0399,2025-05,65.0,11,108858.08,Web,Recurrente,Sin compra,Sin compra,0,0.0,0
C0399,2025-06,,5,100268.86,Web,Recurrente,Sin compra,Sin compra,0,0.0,0
C0399,2025-07,65.0,10,84953.52,Web,Recurrente,Ropa,Web,2,235000.0,1
C0399,2025-08,65.0,11,113295.72,Web,Recurrente,Deportes,Web,1,498000.0,1
C0399,2025-09,65.0,7,77269.66,Aplicacion,Recurrente,Ropa,Aplicacion,2,340000.0,1
C0399,2025-10,65.0,6,62702.85,Aplicacion,Recurrente,Electronica,Aplicacion,1,583000.0,1
C0399,2025-11,65.0,10,95921.7,Aplicacion,Recurrente,Hogar,Aplicacion,2,387000.0,1
C0399,2025-12,65.0,12,144395.28,Web,Recurrente,Electronica,Web,1,1085000.0,1
C0400,2025-01,40.0,6,150303.0,Web,Nuevo,Sin compra,Sin compra,0,0.0,0
C0400,2025-02,40.0,12,97932.44,Aplicacion,Recurrente,Hogar,Aplicacion,2,417000.0,1
C0400,2025-03,40.0,12,158217.96,Aplicacion,Recurrente,Ropa,Aplicacion,1,461000.0,1
C0400,2025-04,40.0,12,79729.23,Aplicacion,Recurrente,Sin compra,Sin compra,0,0.0,0
C0400,2025-05,40.0,9,73627.22,Web,Recurrente,Sin compra,Sin compra,0,0.0,0
C0400,2025-06,40.0,10,45824.15,Aplicacion,Recurrente,Electronica,Aplicacion,1,383000.0,1
C0400,2025-07,40.0,5,88797.45,Web,Recurrente,Sin compra,Sin compra,0,0.0,0
C0400,2025-08,40.0,10,109722.99,Web,Recurrente,Deportes,Web,1,291000.0,1
C0400,2025-09,40.0,8,75674.93,Aplicacion,Recurrente,Belleza,Aplicacion,3,261000.0,1
C0400,2025-10,40.0,7,,Web,Recurrente,Deportes,Web,1,297000.0,1
C0400,2025-11,40.0,8,47094.97,Aplicacion,Recurrente,Deportes,Aplicacion,1,140000.0,1
C0400,2025-12,40.0,9,,Web,Recurrente,Electronica,Web,1,747000.0,1
C0401,2025-01,55.0,11,132683.78,Web,Recurrente,Belleza,Web,3,344000.0,1
C0401,2025-02,55.0,5,96055.3,Web,Recurrente,Hogar,Web,3,400000.0,1
C0401,2025-03,55.0,8,31236.91,Web,Recurrente,Ropa,Web,1,204000.0,1
C0401,2025-04,55.0,11,91070.93,Aplicacion,Recurrente,Electronica,Aplicacion,1,842000.0,1
C0401,2025-05,55.0,7,107535.02,Aplicacion,Recurrente,Deportes,Aplicacion,4,439000.0,1
C0401,2025-06,55.0,7,89138.86,Web,Recurrente,Electronica,Web,1,1035000.0,1
C0401,2025-07,55.0,12,118428.27,Aplicacion,Recurrente,Electronica,Aplicacion,2,720000.0,1
C0401,2025-08,55.0,19,159890.79,Ambos,Recurrente,Electronica,Aplicacion,3,980000.0,1
C0401,2025-09,55.0,12,130570.91,Ambos,Recurrente,Hogar,Web,1,483000.0,1
C0401,2025-10,,10,95807.46,Web,Recurrente,Electronica,Web,1,718000.0,1
C0401,2025-11,55.0,10,83285.25,Web,Recurrente,Hogar,Web,1,350000.0,1
C0401,2025-12,55.0,9,122314.34,Web,Recurrente,Electronica,Web,1,1167000.0,1
C0402,2025-01,27.0,7,89445.07,Aplicacion,Nuevo,Sin compra,Sin compra,0,0.0,0
C0402,2025-02,27.0,11,120272.8,Aplicacion,Nuevo,Sin compra,Sin compra,0,0.0,0
C0402,2025-03,27.0,7,122543.34,Web,Nuevo,Sin compra,Sin compra,0,0.0,0
C0402,2025-04,27.0,17,151171.04,Ambos,Recurrente,Electronica,Web,2,1179000.0,1
C0402,2025-05,27.0,1,36405.52,Web,Recurrente,Sin compra,Sin compra,0,0.0,0
C0402,2025-06,27.0,6,139844.94,Web,Recurrente,Sin compra,Sin compra,0,0.0,0
C0402,2025-07,27.0,7,85799.47,Web,Recurrente,Hogar,Web,1,230000.0,1
C0402,2025-08,27.0,10,102947.31,Ambos,Recurrente,Belleza,Web,2,589000.0,1
C0402,2025-09,27.0,6,87663.13,Web,Recurrente,Belleza,Web,1,227000.0,1
C0402,2025-10,27.0,8,77923.49,Aplicacion,Recurrente,Deportes,Aplicacion,3,227000.0,1
C0402,2025-11,27.0,11,132084.22,Aplicacion,Recurrente,Hogar,Aplicacion,2,601000.0,1
C0402,2025-12,27.0,9,80426.08,Aplicacion,Recurrente,Ropa,Aplicacion,1,207000.0,1
C0403,2025-01,45.0,13,118615.74,Ambos,Recurrente,Ropa,Web,1,323000.0,1
C0403,2025-02,45.0,9,194304.14,Web,Recurrente,Hogar,Web,1,658000.0,1
C0403,2025-03,45.0,15,203565.37,Aplicacion,Recurrente,Hogar,Aplicacion,3,604000.0,1
C0403,2025-04,45.0,5,129079.58,Aplicacion,Recurrente,Ropa,Aplicacion,1,415000.0,1
C0403,2025-05,45.0,11,125127.98,Ambos,Recurrente,Ropa,Aplicacion,1,523000.0,1
C0403,2025-06,45.0,8,128682.48,Web,Recurrente,Belleza,Web,2,400000.0,1
C0403,2025-07,45.0,11,156547.44,Aplicacion,Recurrente,Ropa,Aplicacion,4,463000.0,1
C0403,2025-08,45.0,9,94560.5,Aplicacion,Recurrente,Belleza,Aplicacion,1,347000.0,1
C0403,2025-09,45.0,9,103530.4,Web,Recurrente,Deportes,Web,3,394000.0,1
C0403,2025-10,45.0,10,90669.84,Web,Recurrente,Deportes,Web,1,606000.0,1
C0403,2025-11,45.0,14,183547.47,Ambos,Recurrente,Ropa,Web,1,483000.0,1
C0403,2025-12,45.0,8,71140.31,Aplicacion,Recurrente,Electronica,Aplicacion,4,787000.0,1
C0404,2025-01,49.0,6,74218.82,Aplicacion,Nuevo,Sin compra,Sin compra,0,0.0,0
C0404,2025-02,49.0,7,134751.94,Ambos,Nuevo,Sin compra,Sin compra,0,0.0,0
C0404,2025-03,49.0,9,152227.72,Web,Nuevo,Sin compra,Sin compra,0,0.0,0
C0404,2025-04,49.0,6,164023.32,Aplicacion,Nuevo,Sin compra,Sin compra,0,0.0,0
C0404,2025-05,49.0,11,124714.86,Aplicacion,Nuevo,Sin compra,Sin compra,0,0.0,0
C0404,2025-06,49.0,9,88627.37,Web,Nuevo,Sin compra,Sin compra,0,0.0,0
C0404,2025-07,49.0,8,117582.24,Ambos,Nuevo,Sin compra,Sin compra,0,0.0,0
C0404,2025-08,49.0,16,192918.44,Aplicacion,Recurrente,Ropa,Aplicacion,1,587000.0,1
C0404,2025-09,49.0,14,129291.1,Aplicacion,Recurrente,Sin compra,Sin compra,0,0.0,0
C0404,2025-10,49.0,8,133595.64,Web,Recurrente,Sin compra,Sin compra,0,0.0,0
C0404,2025-11,49.0,8,106902.17,Aplicacion,Recurrente,Deportes,Aplicacion,2,409000.0,1
C0404,2025-12,49.0,12,145257.72,Web,Recurrente,Belleza,Web,3,300000.0,1
C0405,2025-01,69.0,6,100815.28,Web,Nuevo,Sin compra,Sin compra,0,0.0,0
C0405,2025-02,69.0,9,142436.0,Web,Recurrente,Deportes,Web,1,384000.0,1
C0405,2025-03,69.0,10,127875.04,Web,Recurrente,Deportes,Web,1,344000.0,1
C0405,2025-04,69.0,7,69814.69,Aplicacion,Recurrente,Belleza,Aplicacion,2,169000.0,1
C0405,2025-05,69.0,10,142349.06,Aplicacion,Recurrente,Belleza,Aplicacion,1,381000.0,1
C0405,2025-06,69.0,8,115128.26,Aplicacion,Recurrente,Belleza,Aplicacion,2,485000.0,1
C0405,2025-07,69.0,18,195500.55,Aplicacion,Recurrente,Ropa,Aplicacion,1,451000.0,1
C0405,2025-08,69.0,8,156781.27,Web,Recurrente,Ropa,Web,1,641000.0,1
C0405,2025-09,69.0,12,105239.84,Ambos,Recurrente,Electronica,Aplicacion,1,818000.0,1
C0405,2025-10,69.0,9,22322.37,Web,Recurrente,Hogar,Web,3,148000.0,1
C0405,2025-11,69.0,7,91157.0,Aplicacion,Recurrente,Ropa,Aplicacion,2,230000.0,1
C0405,2025-12,69.0,10,81651.1,Web,Recurrente,Belleza,Web,2,289000.0,1
C0406,2025-01,70.0,7,94912.86,Aplicacion,Nuevo,Sin compra,Sin compra,0,0.0,0
C0406,2025-02,70.0,7,93114.05,Aplicacion,Nuevo,Sin compra,Sin compra,0,0.0,0
C0406,2025-03,70.0,12,126266.05,Aplicacion,Recurrente,Electronica,Aplicacion,1,1296000.0,1
C0406,2025-04,,5,57975.26,Aplicacion,Recurrente,Hogar,Aplicacion,1,206000.0,1
C0406,2025-05,70.0,12,110700.64,Ambos,Recurrente,Ropa,Aplicacion,1,383000.0,1
C0406,2025-06,70.0,7,122402.63,Aplicacion,Recurrente,Sin compra,Sin compra,0,0.0,0
C0406,2025-07,70.0,11,59547.17,Aplicacion,Recurrente,Hogar,Aplicacion,2,264000.0,1
C0406,2025-08,70.0,17,167116.38,Ambos,Recurrente,Deportes,Web,2,528000.0,1
C0406,2025-09,70.0,9,96001.89,Aplicacion,Recurrente,Hogar,Aplicacion,3,294000.0,1
C0406,2025-10,70.0,4,55260.84,Web,Recurrente,Belleza,Web,2,238000.0,1
C0406,2025-11,70.0,13,107681.89,Ambos,Recurrente,Hogar,Aplicacion,2,485000.0,1
C0406,2025-12,70.0,6,155219.59,Web,Recurrente,Hogar,Web,3,450000.0,1
C0407,2025-01,69.0,6,96440.81,Web,Nuevo,Sin compra,Sin compra,0,0.0,0
C0407,2025-02,69.0,8,104176.68,Ambos,Nuevo,Sin compra,Sin compra,0,0.0,0
C0407,2025-03,69.0,8,72731.8,Web,Nuevo,Sin compra,Sin compra,0,0.0,0
C0407,2025-04,69.0,4,139735.61,Aplicacion,Recurrente,Ropa,Aplicacion,2,535000.0,1
C0407,2025-05,69.0,17,101813.99,Ambos,Recurrente,Hogar,Aplicacion,2,348000.0,1
C0407,2025-06,69.0,5,72508.33,Aplicacion,Recurrente,Hogar,Aplicacion,1,279000.0,1
C0407,2025-07,69.0,8,80182.29,Aplicacion,Recurrente,Hogar,Aplicacion,2,224000.0,1
C0407,2025-08,69.0,12,153451.59,Aplicacion,Recurrente,Electronica,Aplicacion,3,766000.0,1
C0407,2025-09,69.0,11,133663.65,Ambos,Recurrente,Belleza,Web,2,370000.0,1
C0407,2025-10,69.0,11,97066.55,Web,Recurrente,Deportes,Web,2,506000.0,1
C0407,2025-11,69.0,16,116040.52,Ambos,Recurrente,Belleza,Web,1,398000.0,1
C0407,2025-12,69.0,10,91962.5,Aplicacion,Recurrente,Ropa,Aplicacion,1,401000.0,1
C0408,2025-01,50.0,9,74280.81,Ambos,Nuevo,Sin compra,Sin compra,0,0.0,0
C0408,2025-02,50.0,19,150709.57,Ambos,Recurrente,Belleza,Web,1,695000.0,1
C0408,2025-03,50.0,3,83045.28,Web,Recurrente,Sin compra,Sin compra,0,0.0,0
C0408,2025-04,50.0,13,113288.18,Ambos,Recurrente,Sin compra,Sin compra,0,0.0,0
C0408,2025-05,50.0,3,83577.36,Web,Recurrente,Sin compra,Sin compra,0,0.0,0
C0408,2025-06,50.0,5,49609.15,Web,Recurrente,Sin compra,Sin compra,0,0.0,0
C0408,2025-07,50.0,4,66730.25,Web,Recurrente,Sin compra,Sin compra,0,0.0,0
C0408,2025-08,50.0,14,161175.37,Aplicacion,Recurrente,Sin compra,Sin compra,0,0.0,0
C0408,2025-09,50.0,14,131991.65,Aplicacion,Recurrente,Sin compra,Sin compra,0,0.0,0
C0408,2025-10,50.0,11,101664.52,Aplicacion,Recurrente,Sin compra,Sin compra,0,0.0,0
C0408,2025-11,50.0,13,166802.03,Ambos,Recurrente,Ropa,Web,1,572000.0,1
C0408,2025-12,50.0,5,113480.13,Web,Recurrente,Sin compra,Sin compra,0,0.0,0
C0409,2025-01,34.0,6,81731.82,Aplicacion,Recurrente,Electronica,Aplicacion,1,547000.0,1
C0409,2025-02,34.0,5,82336.85,Web,Recurrente,Sin compra,Sin compra,0,0.0,0
C0409,2025-03,34.0,7,54965.18,Aplicacion,Recurrente,Sin compra,Sin compra,0,0.0,0
C0409,2025-04,34.0,8,161976.81,Web,Recurrente,Sin compra,Sin compra,0,0.0,0
C0409,2025-05,34.0,9,131201.71,Web,Recurrente,Deportes,Web,1,454000.0,1
C0409,2025-06,34.0,12,132742.3,Aplicacion,Recurrente,Hogar,Aplicacion,1,438000.0,1
C0409,2025-07,34.0,14,136560.75,Web,Recurrente,Hogar,Web,1,564000.0,1
C0409,2025-08,34.0,6,35675.92,Aplicacion,Recurrente,Belleza,Aplicacion,2,133000.0,1
C0409,2025-09,34.0,19,101637.06,Ambos,Recurrente,Ropa,Web,2,512000.0,1
C0409,2025-10,34.0,13,140982.23,Aplicacion,Recurrente,Hogar,Aplicacion,1,645000.0,1
C0409,2025-11,34.0,12,122200.27,Web,Recurrente,Hogar,Web,2,479000.0,1
C0409,2025-12,34.0,11,176353.13,Ambos,Recurrente,Ropa,Aplicacion,3,565000.0,1
C0410,2025-01,62.0,9,103259.58,Web,Nuevo,Sin compra,Sin compra,0,0.0,0
C0410,2025-02,62.0,9,96950.19,Web,Nuevo,Sin compra,Sin compra,0,0.0,0
C0410,2025-03,62.0,10,72725.13,Aplicacion,Nuevo,Sin compra,Sin compra,0,0.0,0
C0410,2025-04,62.0,7,90666.47,Web,Nuevo,Sin compra,Sin compra,0,0.0,0
C0410,2025-05,62.0,5,60936.25,Aplicacion,Nuevo,Sin compra,Sin compra,0,0.0,0
C0410,2025-06,62.0,15,130852.79,Ambos,Nuevo,Sin compra,Sin compra,0,0.0,0
C0410,2025-07,62.0,7,83494.63,Web,Recurrente,Electronica,Web,2,739000.0,1
C0410,2025-08,62.0,11,88473.76,Ambos,Recurrente,Hogar,Aplicacion,1,350000.0,1
C0410,2025-09,62.0,4,176288.34,Aplicacion,Recurrente,Sin compra,Sin compra,0,0.0,0
C0410,2025-10,62.0,10,109487.57,Web,Recurrente,Sin compra,Sin compra,0,0.0,0
C0410,2025-11,62.0,8,80592.38,Aplicacion,Recurrente,Belleza,Aplicacion,2,282000.0,1
C0410,2025-12,62.0,6,82077.64,Aplicacion,Recurrente,Deportes,Aplicacion,1,361000.0,1
C0411,2025-01,33.0,14,108036.74,Aplicacion,Nuevo,Sin compra,Sin compra,0,0.0,0
C0411,2025-02,33.0,14,66322.54,Ambos,Recurrente,Ropa,Aplicacion,1,239000.0,1
C0411,2025-03,33.0,12,128157.14,Aplicacion,Recurrente,Ropa,Aplicacion,1,397000.0,1
C0411,2025-04,33.0,12,140650.13,Aplicacion,Recurrente,Hogar,Aplicacion,1,491000.0,1
C0411,2025-05,33.0,3,42895.74,Web,Recurrente,Sin compra,Sin compra,0,0.0,0
C0411,2025-06,33.0,8,149519.39,Web,Recurrente,Hogar,Web,1,331000.0,1
C0411,2025-07,33.0,5,95961.6,Web,Recurrente,Ropa,Web,1,412000.0,1
C0411,2025-08,33.0,4,96236.3,Web,Recurrente,Electronica,Web,3,677000.0,1
C0411,2025-09,33.0,8,126521.52,Web,Recurrente,Sin compra,Sin compra,0,0.0,0
C0411,2025-10,33.0,6,88791.52,Web,Recurrente,Deportes,Web,3,427000.0,1
C0411,2025-11,33.0,3,74218.44,Web,Recurrente,Electronica,Web,3,383000.0,1
C0411,2025-12,33.0,10,138890.84,Aplicacion,Recurrente,Hogar,Aplicacion,4,325000.0,1
C0412,2025-01,52.0,8,89479.62,Aplicacion,Recurrente,Ropa,Aplicacion,1,288000.0,1
C0412,2025-02,52.0,13,109576.84,Ambos,Recurrente,Sin compra,Sin compra,0,0.0,0
C0412,2025-03,52.0,4,103754.28,Aplicacion,Recurrente,Sin compra,Sin compra,0,0.0,0
C0412,2025-04,52.0,6,75147.01,Web,Recurrente,Sin compra,Sin compra,0,0.0,0
C0412,2025-05,52.0,5,56923.85,Aplicacion,Recurrente,Sin compra,Sin compra,0,0.0,0
C0412,2025-06,52.0,9,,Web,Recurrente,Sin compra,Sin compra,0,0.0,0
C0412,2025-07,52.0,13,143972.67,Aplicacion,Recurrente,Sin compra,Sin compra,0,0.0,0
C0412,2025-08,52.0,9,57130.46,Web,Recurrente,Sin compra,Sin compra,0,0.0,0
C0412,2025-09,52.0,11,136191.42,Aplicacion,Recurrente,Ropa,Aplicacion,1,453000.0,1
C0412,2025-10,52.0,11,82241.29,Web,Recurrente,Deportes,Web,1,390000.0,1
C0412,2025-11,52.0,9,114188.24,Web,Recurrente,Electronica,Web,2,1039000.0,1
C0412,2025-12,52.0,11,124870.08,Aplicacion,Recurrente,Sin compra,Sin compra,0,0.0,0
C0413,2025-01,21.0,12,100586.05,Ambos,Recurrente,Hogar,Aplicacion,1,520000.0,1
C0413,2025-02,21.0,9,113942.95,Web,Recurrente,Sin compra,Sin compra,0,0.0,0
C0413,2025-03,21.0,13,128454.93,Aplicacion,Recurrente,Deportes,Aplicacion,1,466000.0,1
C0413,2025-04,21.0,22,135245.96,Ambos,Recurrente,Sin compra,Sin compra,0,0.0,0
C0413,2025-05,21.0,7,118608.66,Aplicacion,Recurrente,Hogar,Aplicacion,1,710000.0,1
C0413,2025-06,21.0,7,,Web,Recurrente,Sin compra,Sin compra,0,0.0,0
C0413,2025-07,21.0,12,131696.89,Aplicacion,Recurrente,Ropa,Aplicacion,3,523000.0,1
C0413,2025-08,21.0,12,131964.13,Ambos,Recurrente,Belleza,Web,1,293000.0,1
C0413,2025-09,21.0,5,83147.91,Aplicacion,Recurrente,Deportes,Aplicacion,1,251000.0,1
C0413,2025-10,21.0,9,92858.2,Web,Recurrente,Electronica,Web,3,634000.0,1
C0413,2025-11,21.0,12,149075.71,Web,Recurrente,Deportes,Web,1,500000.0,1
C0413,2025-12,21.0,18,159024.37,Aplicacion,Recurrente,Deportes,Aplicacion,4,492000.0,1
C0414,2025-01,45.0,3,121196.55,Web,Nuevo,Sin compra,Sin compra,0,0.0,0
C0414,2025-02,45.0,11,115256.19,Aplicacion,Nuevo,Sin compra,Sin compra,0,0.0,0
C0414,2025-03,45.0,9,76422.46,Web,Nuevo,Sin compra,Sin compra,0,0.0,0
C0414,2025-04,45.0,11,164121.05,Web,Recurrente,Ropa,Web,1,550000.0,1
C0414,2025-05,45.0,16,148676.96,Aplicacion,Recurrente,Hogar,Aplicacion,1,716000.0,1
C0414,2025-06,45.0,6,39528.42,Web,Recurrente,Ropa,Web,4,124000.0,1
C0414,2025-07,45.0,13,99828.37,Aplicacion,Recurrente,Sin compra,Sin compra,0,0.0,0
C0414,2025-08,45.0,9,138108.65,Web,Recurrente,Hogar,Web,1,431000.0,1
C0414,2025-09,45.0,14,111378.01,Aplicacion,Recurrente,Deportes,Aplicacion,1,597000.0,1
C0414,2025-10,45.0,15,147511.9,Web,Recurrente,Deportes,Web,1,746000.0,1
C0414,2025-11,,7,,Aplicacion,Recurrente,Ropa,Aplicacion,1,511000.0,1
C0414,2025-12,45.0,11,100953.96,Ambos,Recurrente,Electronica,Aplicacion,1,867000.0,1
C0415,2025-01,30.0,10,165146.97,Web,Recurrente,Deportes,Web,1,712000.0,1
C0415,2025-02,30.0,7,,Web,Recurrente,Sin compra,Sin compra,0,0.0,0
C0415,2025-03,30.0,6,82930.88,Web,Recurrente,Sin compra,Sin compra,0,0.0,0
C0415,2025-04,30.0,3,13799.94,Web,Recurrente,Sin compra,Sin compra,0,0.0,0
C0415,2025-05,30.0,6,78587.04,Aplicacion,Recurrente,Ropa,Aplicacion,1,298000.0,1
C0415,2025-06,30.0,6,17688.71,Web,Recurrente,Sin compra,Sin compra,0,0.0,0
C0415,2025-07,30.0,7,108137.79,Web,Recurrente,Belleza,Web,2,241000.0,1
C0415,2025-08,30.0,11,120464.52,Aplicacion,Recurrente,Ropa,Aplicacion,1,355000.0,1
C0415,2025-09,,9,63195.25,Web,Recurrente,Sin compra,Sin compra,0,0.0,0
C0415,2025-10,30.0,8,123451.01,Web,Recurrente,Ropa,Web,1,464000.0,1
C0415,2025-11,30.0,9,129627.85,Aplicacion,Recurrente,Sin compra,Sin compra,0,0.0,0
C0415,2025-12,30.0,9,78394.91,Web,Recurrente,Belleza,Web,2,276000.0,1
C0416,2025-01,55.0,7,61015.7,Aplicacion,Nuevo,Sin compra,Sin compra,0,0.0,0
C0416,2025-02,55.0,5,145061.34,Web,Recurrente,Hogar,Web,2,409000.0,1
C0416,2025-03,55.0,4,115529.49,Aplicacion,Recurrente,Sin compra,Sin compra,0,0.0,0
C0416,2025-04,55.0,15,51979.4,Aplicacion,Recurrente,Electronica,Aplicacion,1,453000.0,1
C0416,2025-05,55.0,3,64089.97,Web,Recurrente,Hogar,Web,1,266000.0,1
C0416,2025-06,55.0,10,127100.43,Ambos,Recurrente,Sin compra,Sin compra,0,0.0,0
C0416,2025-07,55.0,9,104587.71,Aplicacion,Recurrente,Ropa,Aplicacion,1,372000.0,1
C0416,2025-08,55.0,5,66405.41,Aplicacion,Recurrente,Sin compra,Sin compra,0,0.0,0
C0416,2025-09,55.0,4,24427.44,Ambos,Recurrente,Sin compra,Sin compra,0,0.0,0
C0416,2025-10,55.0,9,123641.39,Web,Recurrente,Electronica,Web,1,837000.0,1
C0416,2025-11,55.0,15,125598.98,Aplicacion,Recurrente,Ropa,Aplicacion,2,598000.0,1
C0416,2025-12,55.0,5,144287.92,Ambos,Recurrente,Belleza,Aplicacion,2,380000.0,1
C0417,2025-01,57.0,10,154341.61,Aplicacion,Recurrente,Hogar,Aplicacion,1,493000.0,1
C0417,2025-02,57.0,11,94077.63,Web,Recurrente,Sin compra,Sin compra,0,0.0,0
C0417,2025-03,57.0,5,82799.56,Web,Recurrente,Sin compra,Sin compra,0,0.0,0
C0417,2025-04,57.0,4,70977.17,Web,Recurrente,Sin compra,Sin compra,0,0.0,0
C0417,2025-05,57.0,6,64800.53,Aplicacion,Recurrente,Electronica,Aplicacion,2,549000.0,1
C0417,2025-06,57.0,11,124811.89,Aplicacion,Recurrente,Deportes,Aplicacion,2,431000.0,1
C0417,2025-07,57.0,11,90919.39,Web,Recurrente,Belleza,Web,1,301000.0,1
C0417,2025-08,57.0,11,82064.14,Aplicacion,Recurrente,Electronica,Aplicacion,1,465000.0,1
C0417,2025-09,57.0,7,121026.16,Web,Recurrente,Sin compra,Sin compra,0,0.0,0
C0417,2025-10,57.0,8,37554.59,Web,Recurrente,Sin compra,Sin compra,0,0.0,0
C0417,2025-11,57.0,10,130760.6,Aplicacion,Recurrente,Deportes,Aplicacion,1,737000.0,1
C0417,2025-12,57.0,4,68452.45,Web,Recurrente,Belleza,Web,1,254000.0,1
C0418,2025-01,46.0,6,79457.9,Web,Nuevo,Sin compra,Sin compra,0,0.0,0
C0418,2025-02,46.0,8,98034.4,Aplicacion,Nuevo,Sin compra,Sin compra,0,0.0,0
C0418,2025-03,46.0,8,139047.01,Aplicacion,Recurrente,Hogar,Aplicacion,1,527000.0,1
C0418,2025-04,46.0,5,98760.68,Web,Recurrente,Sin compra,Sin compra,0,0.0,0
C0418,2025-05,46.0,6,81766.54,Web,Recurrente,Sin compra,Sin compra,0,0.0,0
C0418,2025-06,46.0,11,118341.47,Aplicacion,Recurrente,Deportes,Aplicacion,4,372000.0,1
C0418,2025-07,46.0,3,68710.82,Web,Recurrente,Sin compra,Sin compra,0,0.0,0
C0418,2025-08,46.0,3,89082.4,Web,Recurrente,Belleza,Web,1,265000.0,1
C0418,2025-09,46.0,6,13774.39,Web,Recurrente,Hogar,Web,2,122000.0,1
C0418,2025-10,,5,81279.11,Web,Recurrente,Deportes,Web,1,254000.0,1
C0418,2025-11,46.0,11,67715.67,Aplicacion,Recurrente,Hogar,Aplicacion,2,346000.0,1
C0418,2025-12,,12,74572.35,Aplicacion,Recurrente,Ropa,Aplicacion,1,329000.0,1
C0419,2025-01,52.0,8,86360.85,Web,Nuevo,Sin compra,Sin compra,0,0.0,0
C0419,2025-02,52.0,9,176279.75,Web,Nuevo,Sin compra,Sin compra,0,0.0,0
C0419,2025-03,52.0,3,143886.74,Web,Recurrente,Deportes,Web,1,428000.0,1
C0419,2025-04,52.0,11,148416.67,Aplicacion,Recurrente,Hogar,Aplicacion,1,456000.0,1
C0419,2025-05,52.0,12,90872.91,Aplicacion,Recurrente,Sin compra,Sin compra,0,0.0,0
C0419,2025-06,52.0,9,76282.7,Aplicacion,Recurrente,Sin compra,Sin compra,0,0.0,0
C0419,2025-07,52.0,4,67594.59,Web,Recurrente,Sin compra,Sin compra,0,0.0,0
C0419,2025-08,52.0,11,114393.69,Aplicacion,Recurrente,Sin compra,Sin compra,0,0.0,0
C0419,2025-09,52.0,10,182749.69,Aplicacion,Recurrente,Deportes,Aplicacion,1,695000.0,1
C0419,2025-10,52.0,7,55776.65,Aplicacion,Recurrente,Sin compra,Sin compra,0,0.0,0
C0419,2025-11,52.0,19,168988.27,Ambos,Recurrente,Electronica,Aplicacion,4,2115000.0,1
C0419,2025-12,52.0,11,154125.36,Aplicacion,Recurrente,Electronica,Aplicacion,1,1207000.0,1
C0420,2025-01,40.0,13,91114.71,Ambos,Recurrente,Belleza,Web,2,390000.0,1
C0420,2025-02,40.0,4,51296.24,Aplicacion,Recurrente,Sin compra,Sin compra,0,0.0,0
C0420,2025-03,40.0,11,142919.49,Aplicacion,Recurrente,Sin compra,Sin compra,0,0.0,0
C0420,2025-04,40.0,10,122055.12,Aplicacion,Recurrente,Sin compra,Sin compra,0,0.0,0
C0420,2025-05,40.0,5,84040.85,Web,Recurrente,Deportes,Web,2,291000.0,1
C0420,2025-06,40.0,11,120165.97,Ambos,Recurrente,Belleza,Aplicacion,1,326000.0,1
C0420,2025-07,40.0,9,87301.31,Web,Recurrente,Electronica,Web,2,908000.0,1
C0420,2025-08,40.0,7,120005.65,Web,Recurrente,Hogar,Web,1,403000.0,1
C0420,2025-09,40.0,14,113535.33,Ambos,Recurrente,Hogar,Aplicacion,1,692000.0,1
C0420,2025-10,40.0,15,154037.03,Ambos,Recurrente,Belleza,Web,2,427000.0,1
C0420,2025-11,40.0,13,106159.06,Aplicacion,Recurrente,Ropa,Aplicacion,1,276000.0,1
C0420,2025-12,40.0,4,118169.64,Aplicacion,Recurrente,Ropa,Aplicacion,1,394000.0,1
C0421,2025-01,54.0,8,96332.34,Ambos,Nuevo,Sin compra,Sin compra,0,0.0,0
C0421,2025-02,54.0,10,97211.92,Aplicacion,Nuevo,Sin compra,Sin compra,0,0.0,0
C0421,2025-03,54.0,4,79070.71,Web,Nuevo,Sin compra,Sin compra,0,0.0,0
C0421,2025-04,54.0,11,106077.7,Web,Nuevo,Sin compra,Sin compra,0,0.0,0
C0421,2025-05,54.0,3,98161.83,Aplicacion,Nuevo,Sin compra,Sin compra,0,0.0,0
C0421,2025-06,54.0,4,127861.97,Web,Nuevo,Sin compra,Sin compra,0,0.0,0
C0421,2025-07,54.0,10,63430.89,Aplicacion,Recurrente,Hogar,Aplicacion,1,327000.0,1
C0421,2025-08,54.0,8,98797.0,Ambos,Recurrente,Sin compra,Sin compra,0,0.0,0
C0421,2025-09,54.0,11,65216.29,Web,Recurrente,Sin compra,Sin compra,0,0.0,0
C0421,2025-10,54.0,6,103533.71,Aplicacion,Recurrente,Sin compra,Sin compra,0,0.0,0
C0421,2025-11,,12,140974.34,Ambos,Recurrente,Ropa,Web,1,553000.0,1
C0421,2025-12,54.0,7,89994.13,Aplicacion,Recurrente,Sin compra,Sin compra,0,0.0,0
C0422,2025-01,55.0,11,111832.12,Aplicacion,Recurrente,Ropa,Aplicacion,1,391000.0,1
C0422,2025-02,55.0,8,116191.48,Web,Recurrente,Sin compra,Sin compra,0,0.0,0
C0422,2025-03,55.0,9,121578.56,Web,Recurrente,Sin compra,Sin compra,0,0.0,0
C0422,2025-04,55.0,12,130882.57,Aplicacion,Recurrente,Electronica,Aplicacion,2,792000.0,1
C0422,2025-05,55.0,7,86134.9,Web,Recurrente,Sin compra,Sin compra,0,0.0,0
C0422,2025-06,55.0,13,139534.05,Ambos,Recurrente,Sin compra,Sin compra,0,0.0,0
C0422,2025-07,55.0,9,68089.77,Aplicacion,Recurrente,Sin compra,Sin compra,0,0.0,0
C0422,2025-08,55.0,14,,Web,Recurrente,Sin compra,Sin compra,0,0.0,0
C0422,2025-09,55.0,11,141104.17,Web,Recurrente,Sin compra,Sin compra,0,0.0,0
C0422,2025-10,,8,90547.22,Web,Recurrente,Sin compra,Sin compra,0,0.0,0
C0422,2025-11,55.0,9,98032.11,Ambos,Recurrente,Hogar,Aplicacion,2,469000.0,1
C0422,2025-12,55.0,7,54698.06,Aplicacion,Recurrente,Electronica,Aplicacion,1,403000.0,1
C0423,2025-01,50.0,4,21008.61,Web,Nuevo,Sin compra,Sin compra,0,0.0,0
C0423,2025-02,50.0,8,144507.56,Aplicacion,Nuevo,Sin compra,Sin compra,0,0.0,0
C0423,2025-03,50.0,16,178699.93,Aplicacion,Nuevo,Sin compra,Sin compra,0,0.0,0
C0423,2025-04,50.0,9,97725.62,Aplicacion,Nuevo,Sin compra,Sin compra,0,0.0,0
C0423,2025-05,50.0,7,99574.46,Web,Nuevo,Sin compra,Sin compra,0,0.0,0
C0423,2025-06,50.0,8,48383.48,Web,Nuevo,Sin compra,Sin compra,0,0.0,0
C0423,2025-07,50.0,19,123732.81,Ambos,Recurrente,Ropa,Aplicacion,1,711000.0,1
C0423,2025-08,50.0,10,105187.76,Ambos,Recurrente,Sin compra,Sin compra,0,0.0,0
C0423,2025-09,50.0,17,163529.71,Ambos,Recurrente,Sin compra,Sin compra,0,0.0,0
C0423,2025-10,50.0,3,72730.89,Web,Recurrente,Sin compra,Sin compra,0,0.0,0
C0423,2025-11,50.0,10,97639.39,Web,Recurrente,Ropa,Web,1,304000.0,1
C0423,2025-12,50.0,8,97116.54,Web,Recurrente,Belleza,Web,3,301000.0,1
C0424,2025-01,,7,49756.52,Web,Nuevo,Sin compra,Sin compra,0,0.0,0
C0424,2025-02,30.0,8,107953.74,Aplicacion,Recurrente,Hogar,Aplicacion,1,376000.0,1
C0424,2025-03,30.0,21,157120.79,Ambos,Recurrente,Belleza,Web,1,690000.0,1
C0424,2025-04,30.0,6,117547.58,Web,Recurrente,Belleza,Web,1,532000.0,1
C0424,2025-05,30.0,11,130831.1,Aplicacion,Recurrente,Sin compra,Sin compra,0,0.0,0
C0424,2025-06,30.0,3,77731.03,Web,Recurrente,Electronica,Web,2,659000.0,1
C0424,2025-07,30.0,5,74429.75,Web,Recurrente,Electronica,Web,2,661000.0,1
C0424,2025-08,,5,139787.79,Aplicacion,Recurrente,Electronica,Aplicacion,2,824000.0,1
C0424,2025-09,30.0,12,138119.94,Web,Recurrente,Deportes,Web,3,589000.0,1
C0424,2025-10,30.0,2,72930.95,Web,Recurrente,Electronica,Web,1,347000.0,1
C0424,2025-11,30.0,6,65458.43,Aplicacion,Recurrente,Electronica,Aplicacion,3,695000.0,1
C0424,2025-12,30.0,6,92976.96,Aplicacion,Recurrente,Ropa,Aplicacion,3,342000.0,1
C0425,2025-01,39.0,9,72700.79,Aplicacion,Nuevo,Sin compra,Sin compra,0,0.0,0
C0425,2025-02,39.0,8,41537.34,Aplicacion,Recurrente,Ropa,Aplicacion,2,154000.0,1
C0425,2025-03,39.0,7,119463.09,Web,Recurrente,Ropa,Web,1,456000.0,1
C0425,2025-04,39.0,8,56567.19,Aplicacion,Recurrente,Deportes,Aplicacion,1,275000.0,1
C0425,2025-05,39.0,9,51215.17,Web,Recurrente,Hogar,Web,2,347000.0,1
C0425,2025-06,39.0,8,122764.82,Web,Recurrente,Hogar,Web,2,621000.0,1
C0425,2025-07,39.0,8,140165.7,Aplicacion,Recurrente,Deportes,Aplicacion,1,487000.0,1
C0425,2025-08,39.0,5,97548.79,Aplicacion,Recurrente,Hogar,Aplicacion,3,388000.0,1
C0425,2025-09,39.0,4,76936.66,Web,Recurrente,Deportes,Web,2,212000.0,1
C0425,2025-10,39.0,4,104425.72,Web,Recurrente,Belleza,Web,2,373000.0,1
C0425,2025-11,39.0,14,172250.27,Ambos,Recurrente,Deportes,Aplicacion,3,458000.0,1
C0425,2025-12,39.0,11,115441.72,Ambos,Recurrente,Sin compra,Sin compra,0,0.0,0
C0426,2025-01,44.0,6,90314.33,Web,Nuevo,Sin compra,Sin compra,0,0.0,0
C0426,2025-02,44.0,18,141158.24,Ambos,Recurrente,Ropa,Web,1,438000.0,1
C0426,2025-03,44.0,10,118958.03,Aplicacion,Recurrente,Hogar,Aplicacion,2,329000.0,1
C0426,2025-04,44.0,6,88489.8,Web,Recurrente,Sin compra,Sin compra,0,0.0,0
C0426,2025-05,44.0,5,,Web,Recurrente,Belleza,Web,1,289000.0,1
C0426,2025-06,44.0,15,157357.52,Aplicacion,Recurrente,Sin compra,Sin compra,0,0.0,0
C0426,2025-07,44.0,8,100782.7,Aplicacion,Recurrente,Sin compra,Sin compra,0,0.0,0
C0426,2025-08,44.0,6,80618.77,Web,Recurrente,Sin compra,Sin compra,0,0.0,0
C0426,2025-09,44.0,4,,Web,Recurrente,Sin compra,Sin compra,0,0.0,0
C0426,2025-10,44.0,13,103215.63,Aplicacion,Recurrente,Sin compra,Sin compra,0,0.0,0
C0426,2025-11,44.0,5,99099.26,Web,Recurrente,Sin compra,Sin compra,0,0.0,0
C0426,2025-12,44.0,6,69703.59,Web,Recurrente,Sin compra,Sin compra,0,0.0,0
C0427,2025-01,46.0,5,83496.34,Web,Recurrente,Ropa,Web,2,313000.0,1
C0427,2025-02,46.0,17,141048.47,Ambos,Recurrente,Sin compra,Sin compra,0,0.0,0
C0427,2025-03,46.0,7,108478.99,Aplicacion,Recurrente,Sin compra,Sin compra,0,0.0,0
C0427,2025-04,46.0,6,73293.17,Web,Recurrente,Sin compra,Sin compra,0,0.0,0
C0427,2025-05,46.0,4,87295.98,Web,Recurrente,Hogar,Web,1,268000.0,1
C0427,2025-06,46.0,8,101305.35,Web,Recurrente,Sin compra,Sin compra,0,0.0,0
C0427,2025-07,46.0,9,50278.87,Web,Recurrente,Hogar,Web,2,235000.0,1
C0427,2025-08,46.0,10,122021.21,Web,Recurrente,Sin compra,Sin compra,0,0.0,0
C0427,2025-09,46.0,8,65860.79,Aplicacion,Recurrente,Ropa,Aplicacion,2,193000.0,1
C0427,2025-10,46.0,13,171354.01,Aplicacion,Recurrente,Hogar,Aplicacion,2,669000.0,1
C0427,2025-11,46.0,14,116914.29,Ambos,Recurrente,Ropa,Aplicacion,1,493000.0,1
C0427,2025-12,46.0,13,122168.89,Ambos,Recurrente,Deportes,Aplicacion,1,449000.0,1
C0428,2025-01,40.0,7,123953.62,Web,Nuevo,Sin compra,Sin compra,0,0.0,0
C0428,2025-02,40.0,3,86254.53,Web,Recurrente,Belleza,Web,2,263000.0,1
C0428,2025-03,40.0,2,50858.18,Web,Recurrente,Sin compra,Sin compra,0,0.0,0
C0428,2025-04,40.0,8,77076.61,Web,Recurrente,Sin compra,Sin compra,0,0.0,0
C0428,2025-05,40.0,6,116893.17,Web,Recurrente,Sin compra,Sin compra,0,0.0,0
C0428,2025-06,40.0,13,106193.69,Ambos,Recurrente,Sin compra,Sin compra,0,0.0,0
C0428,2025-07,40.0,8,66365.15,Web,Recurrente,Sin compra,Sin compra,0,0.0,0
C0428,2025-08,40.0,4,135126.48,Aplicacion,Recurrente,Sin compra,Sin compra,0,0.0,0
C0428,2025-09,40.0,6,83062.17,Web,Recurrente,Sin compra,Sin compra,0,0.0,0
C0428,2025-10,40.0,7,90224.86,Aplicacion,Recurrente,Belleza,Aplicacion,1,242000.0,1
C0428,2025-11,,5,84787.74,Web,Recurrente,Sin compra,Sin compra,0,0.0,0
C0428,2025-12,40.0,7,97694.53,Web,Recurrente,Deportes,Web,1,397000.0,1
C0429,2025-01,22.0,7,107082.52,Aplicacion,Nuevo,Sin compra,Sin compra,0,0.0,0
C0429,2025-02,22.0,3,90264.9,Web,Recurrente,Hogar,Web,1,410000.0,1
C0429,2025-03,22.0,14,127948.63,Ambos,Recurrente,Deportes,Aplicacion,3,442000.0,1
C0429,2025-04,22.0,7,52014.08,Web,Recurrente,Electronica,Web,3,476000.0,1
C0429,2025-05,22.0,8,73582.61,Web,Recurrente,Sin compra,Sin compra,0,0.0,0
C0429,2025-06,,3,63668.83,Web,Recurrente,Sin compra,Sin compra,0,0.0,0
C0429,2025-07,22.0,14,208297.21,Ambos,Recurrente,Ropa,Aplicacion,1,593000.0,1
C0429,2025-08,22.0,1,7523.24,Web,Recurrente,Sin compra,Sin compra,0,0.0,0
C0429,2025-09,22.0,10,99415.46,Aplicacion,Recurrente,Electronica,Aplicacion,1,617000.0,1
C0429,2025-10,22.0,10,112130.97,Web,Recurrente,Hogar,Web,3,410000.0,1
C0429,2025-11,22.0,19,188354.63,Ambos,Recurrente,Electronica,Web,1,1043000.0,1
C0429,2025-12,22.0,16,119397.34,Ambos,Recurrente,Ropa,Aplicacion,2,536000.0,1
C0430,2025-01,55.0,15,130036.64,Ambos,Recurrente,Hogar,Aplicacion,1,710000.0,1
C0430,2025-02,55.0,6,76186.38,Web,Recurrente,Sin compra,Sin compra,0,0.0,0
C0430,2025-03,55.0,5,98604.47,Web,Recurrente,Sin compra,Sin compra,0,0.0,0
C0430,2025-04,55.0,15,92330.85,Ambos,Recurrente,Belleza,Aplicacion,1,397000.0,1
C0430,2025-05,55.0,20,112491.19,Ambos,Recurrente,Sin compra,Sin compra,0,0.0,0
C0430,2025-06,55.0,7,,Aplicacion,Recurrente,Sin compra,Sin compra,0,0.0,0
C0430,2025-07,55.0,6,74149.75,Aplicacion,Recurrente,Sin compra,Sin compra,0,0.0,0
C0430,2025-08,55.0,18,220000.0,Ambos,Recurrente,Sin compra,Sin compra,0,0.0,0
C0430,2025-09,55.0,12,85845.17,Web,Recurrente,Hogar,Web,4,376000.0,1
C0430,2025-10,55.0,9,96175.93,Aplicacion,Recurrente,Ropa,Aplicacion,2,325000.0,1
C0430,2025-11,55.0,7,56328.63,Web,Recurrente,Electronica,Web,1,515000.0,1
C0430,2025-12,55.0,10,47035.61,Web,Recurrente,Sin compra,Sin compra,0,0.0,0
C0431,2025-01,42.0,8,86917.71,Aplicacion,Nuevo,Sin compra,Sin compra,0,0.0,0
C0431,2025-02,42.0,8,74310.72,Aplicacion,Nuevo,Sin compra,Sin compra,0,0.0,0
C0431,2025-03,42.0,8,133259.17,Web,Nuevo,Sin compra,Sin compra,0,0.0,0
C0431,2025-04,42.0,7,125683.6,Web,Recurrente,Belleza,Web,1,297000.0,1
C0431,2025-05,42.0,18,150234.68,Ambos,Recurrente,Hogar,Web,2,600000.0,1
C0431,2025-06,42.0,14,167281.1,Web,Recurrente,Electronica,Web,1,1281000.0,1
C0431,2025-07,42.0,14,152613.95,Aplicacion,Recurrente,Sin compra,Sin compra,0,0.0,0
C0431,2025-08,42.0,7,135445.02,Web,Recurrente,Hogar,Web,1,542000.0,1
C0431,2025-09,42.0,12,135822.34,Ambos,Recurrente,Sin compra,Sin compra,0,0.0,0
C0431,2025-10,42.0,3,98310.5,Aplicacion,Recurrente,Hogar,Aplicacion,1,497000.0,1
C0431,2025-11,42.0,17,164841.49,Ambos,Recurrente,Ropa,Aplicacion,1,588000.0,1
C0431,2025-12,42.0,9,109170.49,Aplicacion,Recurrente,Belleza,Aplicacion,1,489000.0,1
C0432,2025-01,39.0,19,183006.71,Aplicacion,Nuevo,Sin compra,Sin compra,0,0.0,0
C0432,2025-02,39.0,8,80986.0,Web,Nuevo,Sin compra,Sin compra,0,0.0,0
C0432,2025-03,39.0,10,131411.3,Ambos,Recurrente,Belleza,Aplicacion,1,491000.0,1
C0432,2025-04,39.0,7,93650.25,Aplicacion,Recurrente,Hogar,Aplicacion,1,310000.0,1
C0432,2025-05,39.0,10,116120.36,Aplicacion,Recurrente,Deportes,Aplicacion,2,480000.0,1
C0432,2025-06,39.0,9,97369.08,Aplicacion,Recurrente,Electronica,Aplicacion,1,807000.0,1
C0432,2025-07,39.0,4,,Aplicacion,Recurrente,Sin compra,Sin compra,0,0.0,0
C0432,2025-08,39.0,12,57018.56,Aplicacion,Recurrente,Sin compra,Sin compra,0,0.0,0
C0432,2025-09,39.0,7,83718.26,Web,Recurrente,Sin compra,Sin compra,0,0.0,0
C0432,2025-10,39.0,7,145782.48,Web,Recurrente,Electronica,Web,1,1214000.0,1
C0432,2025-11,39.0,4,80029.9,Web,Recurrente,Belleza,Web,1,293000.0,1
C0432,2025-12,39.0,15,160589.13,Aplicacion,Recurrente,Belleza,Aplicacion,1,560000.0,1
C0433,2025-01,61.0,13,101241.65,Aplicacion,Nuevo,Sin compra,Sin compra,0,0.0,0
C0433,2025-02,61.0,20,155402.84,Ambos,Recurrente,Electronica,Web,1,1248000.0,1
C0433,2025-03,61.0,11,170219.25,Aplicacion,Recurrente,Sin compra,Sin compra,0,0.0,0
C0433,2025-04,61.0,13,128125.48,Ambos,Recurrente,Belleza,Web,1,483000.0,1
C0433,2025-05,61.0,10,102660.51,Aplicacion,Recurrente,Ropa,Aplicacion,3,349000.0,1
C0433,2025-06,,9,108726.16,Aplicacion,Recurrente,Sin compra,Sin compra,0,0.0,0
C0433,2025-07,61.0,9,52635.99,Aplicacion,Recurrente,Hogar,Aplicacion,2,217000.0,1
C0433,2025-08,61.0,7,142695.65,Aplicacion,Recurrente,Sin compra,Sin compra,0,0.0,0
C0433,2025-09,61.0,13,167625.02,Aplicacion,Recurrente,Electronica,Aplicacion,1,1303000.0,1
C0433,2025-10,61.0,8,76269.12,Aplicacion,Recurrente,Sin compra,Sin compra,0,0.0,0
C0433,2025-11,61.0,13,164311.95,Aplicacion,Recurrente,Ropa,Aplicacion,2,408000.0,1
C0433,2025-12,61.0,9,45246.26,Web,Recurrente,Sin compra,Sin compra,0,0.0,0
C0434,2025-01,50.0,9,109470.24,Web,Nuevo,Sin compra,Sin compra,0,0.0,0
C0434,2025-02,50.0,5,124033.24,Web,Recurrente,Hogar,Web,1,506000.0,1
C0434,2025-03,50.0,5,123625.68,Web,Recurrente,Belleza,Web,1,454000.0,1
C0434,2025-04,50.0,15,127312.79,Ambos,Recurrente,Hogar,Web,1,494000.0,1
C0434,2025-05,50.0,5,78390.41,Web,Recurrente,Deportes,Web,1,389000.0,1
C0434,2025-06,50.0,16,145618.82,Ambos,Recurrente,Belleza,Web,2,582000.0,1
C0434,2025-07,50.0,6,61010.96,Web,Recurrente,Ropa,Web,4,247000.0,1
C0434,2025-08,50.0,9,41244.91,Aplicacion,Recurrente,Deportes,Aplicacion,1,231000.0,1
C0434,2025-09,50.0,10,72600.8,Web,Recurrente,Sin compra,Sin compra,0,0.0,0
C0434,2025-10,50.0,3,105946.55,Web,Recurrente,Hogar,Web,1,460000.0,1
C0434,2025-11,50.0,11,147566.24,Ambos,Recurrente,Electronica,Web,2,1055000.0,1
C0434,2025-12,50.0,7,134647.09,Aplicacion,Recurrente,Belleza,Aplicacion,1,465000.0,1
C0435,2025-01,33.0,4,68497.23,Web,Recurrente,Deportes,Web,2,300000.0,1
C0435,2025-02,33.0,9,72418.12,Web,Recurrente,Electronica,Web,1,722000.0,1
C0435,2025-03,33.0,14,159626.96,Aplicacion,Recurrente,Deportes,Aplicacion,1,529000.0,1
C0435,2025-04,33.0,6,119726.73,Aplicacion,Recurrente,Ropa,Aplicacion,1,513000.0,1
C0435,2025-05,33.0,8,130470.76,Web,Recurrente,Hogar,Web,1,314000.0,1
C0435,2025-06,33.0,11,171624.57,Aplicacion,Recurrente,Sin compra,Sin compra,0,0.0,0
C0435,2025-07,,3,138491.08,Web,Recurrente,Hogar,Web,1,445000.0,1
C0435,2025-08,33.0,24,128076.7,Ambos,Recurrente,Belleza,Aplicacion,1,473000.0,1
C0435,2025-09,33.0,8,54134.66,Web,Recurrente,Hogar,Web,1,339000.0,1
C0435,2025-10,33.0,9,86969.13,Aplicacion,Recurrente,Ropa,Aplicacion,2,234000.0,1
C0435,2025-11,33.0,12,171105.1,Web,Recurrente,Electronica,Web,1,1033000.0,1
C0435,2025-12,33.0,9,63340.8,Aplicacion,Recurrente,Ropa,Aplicacion,3,199000.0,1
C0436,2025-01,24.0,8,114818.46,Web,Nuevo,Sin compra,Sin compra,0,0.0,0
C0436,2025-02,24.0,11,122584.24,Ambos,Recurrente,Belleza,Web,1,378000.0,1
C0436,2025-03,24.0,18,106177.56,Ambos,Recurrente,Sin compra,Sin compra,0,0.0,0
C0436,2025-04,24.0,18,113853.22,Ambos,Recurrente,Sin compra,Sin compra,0,0.0,0
C0436,2025-05,24.0,11,110042.77,Ambos,Recurrente,Sin compra,Sin compra,0,0.0,0
C0436,2025-06,24.0,15,153230.04,Ambos,Recurrente,Sin compra,Sin compra,0,0.0,0
C0436,2025-07,24.0,5,18366.26,Aplicacion,Recurrente,Belleza,Aplicacion,2,100000.0,1
C0436,2025-08,24.0,10,126261.89,Aplicacion,Recurrente,Sin compra,Sin compra,0,0.0,0
C0436,2025-09,24.0,5,65297.6,Web,Recurrente,Sin compra,Sin compra,0,0.0,0
C0436,2025-10,,3,60907.0,Web,Recurrente,Sin compra,Sin compra,0,0.0,0
C0436,2025-11,24.0,8,,Web,Recurrente,Hogar,Web,1,319000.0,1
C0436,2025-12,24.0,5,93936.5,Web,Recurrente,Sin compra,Sin compra,0,0.0,0
C0437,2025-01,22.0,11,121501.47,Aplicacion,Nuevo,Sin compra,Sin compra,0,0.0,0
C0437,2025-02,22.0,10,122514.72,Web,Nuevo,Sin compra,Sin compra,0,0.0,0
C0437,2025-03,22.0,14,161798.72,Ambos,Recurrente,Belleza,Aplicacion,1,606000.0,1
C0437,2025-04,22.0,14,96558.26,Aplicacion,Recurrente,Sin compra,Sin compra,0,0.0,0
C0437,2025-05,22.0,8,132240.75,Aplicacion,Recurrente,Hogar,Aplicacion,1,525000.0,1
C0437,2025-06,22.0,8,,Aplicacion,Recurrente,Ropa,Aplicacion,1,352000.0,1
C0437,2025-07,22.0,15,146030.38,Ambos,Recurrente,Ropa,Aplicacion,1,430000.0,1
C0437,2025-08,22.0,16,,Ambos,Recurrente,Electronica,Web,1,850000.0,1
C0437,2025-09,22.0,19,98410.24,Ambos,Recurrente,Sin compra,Sin compra,0,0.0,0
C0437,2025-10,22.0,19,181235.35,Ambos,Recurrente,Deportes,Web,1,619000.0,1
C0437,2025-11,22.0,8,82892.98,Web,Recurrente,Ropa,Web,1,452000.0,1
C0437,2025-12,22.0,9,135432.1,Aplicacion,Recurrente,Deportes,Aplicacion,1,372000.0,1
C0438,2025-01,42.0,7,80266.91,Web,Nuevo,Sin compra,Sin compra,0,0.0,0
C0438,2025-02,42.0,11,113989.84,Web,Recurrente,Electronica,Web,1,818000.0,1
C0438,2025-03,42.0,5,123726.34,Aplicacion,Recurrente,Ropa,Aplicacion,1,353000.0,1
C0438,2025-04,42.0,14,118671.81,Ambos,Recurrente,Ropa,Aplicacion,2,402000.0,1
C0438,2025-05,42.0,2,77079.9,Web,Recurrente,Sin compra,Sin compra,0,0.0,0
C0438,2025-06,42.0,7,154367.05,Aplicacion,Recurrente,Electronica,Aplicacion,1,1294000.0,1
C0438,2025-07,42.0,12,99421.63,Aplicacion,Recurrente,Hogar,Aplicacion,3,299000.0,1
C0438,2025-08,42.0,15,191863.67,Aplicacion,Recurrente,Deportes,Aplicacion,1,526000.0,1
C0438,2025-09,42.0,12,122467.03,Aplicacion,Recurrente,Ropa,Aplicacion,2,526000.0,1
C0438,2025-10,42.0,11,128361.29,Ambos,Recurrente,Belleza,Web,2,429000.0,1
C0438,2025-11,42.0,6,94444.33,Aplicacion,Recurrente,Hogar,Aplicacion,1,476000.0,1
C0438,2025-12,42.0,8,93929.69,Aplicacion,Recurrente,Ropa,Aplicacion,2,282000.0,1
C0439,2025-01,59.0,13,83425.11,Web,Nuevo,Sin compra,Sin compra,0,0.0,0
C0439,2025-02,59.0,5,84557.8,Web,Nuevo,Sin compra,Sin compra,0,0.0,0
C0439,2025-03,59.0,6,39562.89,Web,Nuevo,Sin compra,Sin compra,0,0.0,0
C0439,2025-04,59.0,5,98979.67,Aplicacion,Recurrente,Electronica,Aplicacion,2,555000.0,1
C0439,2025-05,,11,141054.38,Ambos,Recurrente,Deportes,Aplicacion,4,433000.0,1
C0439,2025-06,59.0,4,115884.68,Web,Recurrente,Deportes,Web,1,334000.0,1
C0439,2025-07,59.0,12,133231.44,Aplicacion,Recurrente,Ropa,Aplicacion,1,510000.0,1
C0439,2025-08,59.0,6,74645.18,Aplicacion,Recurrente,Ropa,Aplicacion,2,224000.0,1
C0439,2025-09,59.0,9,112840.79,Web,Recurrente,Sin compra,Sin compra,0,0.0,0
C0439,2025-10,59.0,12,80997.22,Aplicacion,Recurrente,Hogar,Aplicacion,2,345000.0,1
C0439,2025-11,59.0,5,125087.48,Aplicacion,Recurrente,Deportes,Aplicacion,3,484000.0,1
C0439,2025-12,59.0,16,134190.79,Ambos,Recurrente,Hogar,Web,1,530000.0,1
C0440,2025-01,32.0,9,112546.81,Aplicacion,Recurrente,Belleza,Aplicacion,1,336000.0,1
C0440,2025-02,32.0,6,81377.15,Web,Recurrente,Sin compra,Sin compra,0,0.0,0
C0440,2025-03,32.0,7,94603.85,Aplicacion,Recurrente,Ropa,Aplicacion,1,303000.0,1
C0440,2025-04,32.0,1,37542.07,Web,Recurrente,Sin compra,Sin compra,0,0.0,0
C0440,2025-05,32.0,6,100612.04,Aplicacion,Recurrente,Hogar,Aplicacion,1,387000.0,1
C0440,2025-06,32.0,11,112294.94,Ambos,Recurrente,Sin compra,Sin compra,0,0.0,0
C0440,2025-07,32.0,5,118117.0,Web,Recurrente,Electronica,Web,1,1001000.0,1
C0440,2025-08,32.0,13,139802.55,Web,Recurrente,Deportes,Web,2,403000.0,1
C0440,2025-09,32.0,3,64783.77,Web,Recurrente,Ropa,Web,1,170000.0,1
C0440,2025-10,32.0,6,158085.12,Aplicacion,Recurrente,Deportes,Aplicacion,3,702000.0,1
C0440,2025-11,32.0,5,139603.48,Web,Recurrente,Hogar,Web,3,354000.0,1
C0440,2025-12,32.0,9,102059.81,Web,Recurrente,Deportes,Web,1,347000.0,1
C0441,2025-01,60.0,9,93961.78,Web,Nuevo,Sin compra,Sin compra,0,0.0,0
C0441,2025-02,60.0,17,157016.4,Aplicacion,Recurrente,Hogar,Aplicacion,2,492000.0,1
C0441,2025-03,60.0,7,123002.74,Web,Recurrente,Hogar,Web,1,569000.0,1
C0441,2025-04,60.0,5,82873.85,Web,Recurrente,Sin compra,Sin compra,0,0.0,0
C0441,2025-05,60.0,8,83507.74,Web,Recurrente,Sin compra,Sin compra,0,0.0,0
C0441,2025-06,60.0,5,146061.92,Web,Recurrente,Sin compra,Sin compra,0,0.0,0
C0441,2025-07,60.0,14,191679.91,Ambos,Recurrente,Sin compra,Sin compra,0,0.0,0
C0441,2025-08,60.0,13,93464.22,Ambos,Recurrente,Sin compra,Sin compra,0,0.0,0
C0441,2025-09,60.0,7,174420.85,Aplicacion,Recurrente,Sin compra,Sin compra,0,0.0,0
C0441,2025-10,60.0,8,89798.0,Aplicacion,Recurrente,Ropa,Aplicacion,1,329000.0,1
C0441,2025-11,60.0,9,129226.97,Aplicacion,Recurrente,Sin compra,Sin compra,0,0.0,0
C0441,2025-12,60.0,15,119647.82,Ambos,Recurrente,Deportes,Aplicacion,1,583000.0,1
C0442,2025-01,62.0,15,101784.79,Ambos,Recurrente,Ropa,Web,2,488000.0,1
C0442,2025-02,62.0,20,141702.55,Ambos,Recurrente,Ropa,Aplicacion,2,440000.0,1
C0442,2025-03,62.0,4,104693.53,Web,Recurrente,Belleza,Web,1,332000.0,1
C0442,2025-04,62.0,4,24410.8,Aplicacion,Recurrente,Belleza,Aplicacion,1,100000.0,1
C0442,2025-05,62.0,18,156518.07,Ambos,Recurrente,Ropa,Web,1,482000.0,1
C0442,2025-06,62.0,6,128160.01,Web,Recurrente,Sin compra,Sin compra,0,0.0,0
C0442,2025-07,62.0,7,76796.05,Aplicacion,Recurrente,Deportes,Aplicacion,1,337000.0,1
C0442,2025-08,62.0,5,106647.39,Web,Recurrente,Electronica,Web,1,879000.0,1
C0442,2025-09,62.0,11,95799.85,Aplicacion,Recurrente,Electronica,Aplicacion,4,862000.0,1
C0442,2025-10,62.0,5,88770.06,Web,Recurrente,Hogar,Web,1,334000.0,1
C0442,2025-11,62.0,10,188875.57,Aplicacion,Recurrente,Electronica,Aplicacion,4,1248000.0,1
C0442,2025-12,62.0,6,,Web,Recurrente,Ropa,Web,2,399000.0,1
C0443,2025-01,19.0,5,94629.75,Web,Nuevo,Sin compra,Sin compra,0,0.0,0
C0443,2025-02,19.0,9,96347.01,Aplicacion,Nuevo,Sin compra,Sin compra,0,0.0,0
C0443,2025-03,19.0,14,110725.93,Ambos,Nuevo,Sin compra,Sin compra,0,0.0,0
C0443,2025-04,19.0,7,151362.06,Aplicacion,Nuevo,Sin compra,Sin compra,0,0.0,0
C0443,2025-05,19.0,23,154943.75,Ambos,Nuevo,Sin compra,Sin compra,0,0.0,0
C0443,2025-06,19.0,10,135731.15,Aplicacion,Recurrente,Hogar,Aplicacion,1,512000.0,1
C0443,2025-07,19.0,9,148008.99,Web,Recurrente,Electronica,Web,1,1101000.0,1
C0443,2025-08,19.0,3,93022.98,Web,Recurrente,Sin compra,Sin compra,0,0.0,0
C0443,2025-09,19.0,5,51735.25,Web,Recurrente,Sin compra,Sin compra,0,0.0,0
C0443,2025-10,19.0,8,85937.0,Aplicacion,Recurrente,Belleza,Aplicacion,1,355000.0,1
C0443,2025-11,19.0,10,128675.15,Aplicacion,Recurrente,Electronica,Aplicacion,1,914000.0,1
C0443,2025-12,19.0,14,,Ambos,Recurrente,Deportes,Aplicacion,1,589000.0,1
C0444,2025-01,22.0,9,94598.05,Aplicacion,Recurrente,Electronica,Aplicacion,1,741000.0,1
C0444,2025-02,22.0,8,145913.35,Web,Recurrente,Sin compra,Sin compra,0,0.0,0
C0444,2025-03,22.0,16,116449.3,Ambos,Recurrente,Sin compra,Sin compra,0,0.0,0
C0444,2025-04,22.0,9,40052.44,Aplicacion,Recurrente,Sin compra,Sin compra,0,0.0,0
C0444,2025-05,22.0,15,116109.08,Ambos,Recurrente,Sin compra,Sin compra,0,0.0,0
C0444,2025-06,22.0,4,113416.38,Web,Recurrente,Sin compra,Sin compra,0,0.0,0
C0444,2025-07,22.0,10,90192.01,Aplicacion,Recurrente,Hogar,Aplicacion,1,505000.0,1
C0444,2025-08,22.0,4,87421.5,Web,Recurrente,Sin compra,Sin compra,0,0.0,0
C0444,2025-09,22.0,17,134671.62,Ambos,Recurrente,Deportes,Aplicacion,3,521000.0,1
C0444,2025-10,22.0,9,110515.66,Web,Recurrente,Hogar,Web,2,379000.0,1
C0444,2025-11,22.0,2,13370.69,Web,Recurrente,Electronica,Web,2,186000.0,1
C0444,2025-12,22.0,13,99734.42,Aplicacion,Recurrente,Belleza,Aplicacion,3,399000.0,1
C0445,2025-01,51.0,7,51107.81,Web,Recurrente,Belleza,Web,1,218000.0,1
C0445,2025-02,51.0,7,86746.75,Web,Recurrente,Sin compra,Sin compra,0,0.0,0
C0445,2025-03,51.0,7,87822.48,Web,Recurrente,Hogar,Web,1,386000.0,1
C0445,2025-04,51.0,9,138109.61,Web,Recurrente,Sin compra,Sin compra,0,0.0,0
C0445,2025-05,51.0,5,93628.99,Web,Recurrente,Sin compra,Sin compra,0,0.0,0
C0445,2025-06,51.0,9,69143.7,Aplicacion,Recurrente,Deportes,Aplicacion,1,293000.0,1
C0445,2025-07,51.0,11,47281.86,Aplicacion,Recurrente,Sin compra,Sin compra,0,0.0,0
C0445,2025-08,51.0,6,,Web,Recurrente,Sin compra,Sin compra,0,0.0,0
C0445,2025-09,51.0,8,106829.59,Web,Recurrente,Sin compra,Sin compra,0,0.0,0
C0445,2025-10,51.0,9,53988.14,Web,Recurrente,Sin compra,Sin compra,0,0.0,0
C0445,2025-11,51.0,5,90970.61,Aplicacion,Recurrente,Sin compra,Sin compra,0,0.0,0
C0445,2025-12,51.0,14,120062.9,Ambos,Recurrente,Deportes,Web,1,427000.0,1
C0446,2025-01,31.0,7,64968.96,Web,Recurrente,Hogar,Web,2,240000.0,1
C0446,2025-02,31.0,9,65501.83,Web,Recurrente,Sin compra,Sin compra,0,0.0,0
C0446,2025-03,31.0,6,94081.62,Aplicacion,Recurrente,Belleza,Aplicacion,3,261000.0,1
C0446,2025-04,31.0,2,39378.01,Aplicacion,Recurrente,Sin compra,Sin compra,0,0.0,0
C0446,2025-05,31.0,5,126625.06,Web,Recurrente,Belleza,Web,2,362000.0,1
C0446,2025-06,31.0,7,121423.54,Aplicacion,Recurrente,Ropa,Aplicacion,1,270000.0,1
C0446,2025-07,31.0,10,66251.15,Web,Recurrente,Belleza,Web,2,258000.0,1
C0446,2025-08,31.0,8,67988.11,Web,Recurrente,Sin compra,Sin compra,0,0.0,0
C0446,2025-09,31.0,8,82520.53,Web,Recurrente,Deportes,Web,1,315000.0,1
C0446,2025-10,31.0,7,116657.31,Web,Recurrente,Hogar,Web,1,413000.0,1
C0446,2025-11,,11,81844.97,Web,Recurrente,Ropa,Web,1,257000.0,1
C0446,2025-12,31.0,3,116675.9,Web,Recurrente,Sin compra,Sin compra,0,0.0,0
C0447,2025-01,20.0,6,93419.02,Web,Nuevo,Sin compra,Sin compra,0,0.0,0
C0447,2025-02,20.0,7,115147.99,Web,Nuevo,Sin compra,Sin compra,0,0.0,0
C0447,2025-03,20.0,19,165982.49,Ambos,Recurrente,Hogar,Web,3,623000.0,1
C0447,2025-04,20.0,9,91421.99,Web,Recurrente,Deportes,Web,3,389000.0,1
C0447,2025-05,20.0,9,159556.29,Ambos,Recurrente,Electronica,Aplicacion,3,947000.0,1
C0447,2025-06,,6,49341.92,Web,Recurrente,Electronica,Web,2,370000.0,1
C0447,2025-07,20.0,6,44224.91,Web,Recurrente,Belleza,Web,3,162000.0,1
C0447,2025-08,20.0,5,105201.26,Web,Recurrente,Sin compra,Sin compra,0,0.0,0
C0447,2025-09,20.0,7,122206.5,Web,Recurrente,Ropa,Web,4,413000.0,1
C0447,2025-10,20.0,12,101420.69,Ambos,Recurrente,Belleza,Aplicacion,1,271000.0,1
C0447,2025-11,20.0,12,117239.73,Web,Recurrente,Belleza,Web,1,439000.0,1
C0447,2025-12,20.0,7,93868.75,Web,Recurrente,Deportes,Web,4,226000.0,1
C0448,2025-01,66.0,8,88490.01,Aplicacion,Nuevo,Sin compra,Sin compra,0,0.0,0
C0448,2025-02,66.0,6,73899.78,Web,Nuevo,Sin compra,Sin compra,0,0.0,0
C0448,2025-03,66.0,12,138585.38,Ambos,Nuevo,Sin compra,Sin compra,0,0.0,0
C0448,2025-04,66.0,8,128569.78,Web,Nuevo,Sin compra,Sin compra,0,0.0,0
C0448,2025-05,66.0,9,63957.79,Aplicacion,Recurrente,Belleza,Aplicacion,2,328000.0,1
C0448,2025-06,66.0,8,111584.59,Aplicacion,Recurrente,Sin compra,Sin compra,0,0.0,0
C0448,2025-07,66.0,11,145061.36,Ambos,Recurrente,Electronica,Aplicacion,1,827000.0,1
C0448,2025-08,66.0,7,116578.17,Aplicacion,Recurrente,Sin compra,Sin compra,0,0.0,0
C0448,2025-09,66.0,4,,Web,Recurrente,Sin compra,Sin compra,0,0.0,0
C0448,2025-10,,9,60180.94,Web,Recurrente,Ropa,Web,1,191000.0,1
C0448,2025-11,66.0,6,80954.36,Aplicacion,Recurrente,Deportes,Aplicacion,1,261000.0,1
C0448,2025-12,66.0,17,138693.7,Ambos,Recurrente,Sin compra,Sin compra,0,0.0,0
C0449,2025-01,69.0,10,104999.19,Web,Recurrente,Deportes,Web,1,288000.0,1
C0449,2025-02,69.0,13,119384.5,Web,Recurrente,Sin compra,Sin compra,0,0.0,0
C0449,2025-03,69.0,6,29609.19,Aplicacion,Recurrente,Deportes,Aplicacion,1,144000.0,1
C0449,2025-04,69.0,18,197572.22,Ambos,Recurrente,Hogar,Aplicacion,1,613000.0,1
C0449,2025-05,69.0,5,88158.09,Web,Recurrente,Deportes,Web,3,418000.0,1
C0449,2025-06,69.0,10,70204.63,Aplicacion,Recurrente,Electronica,Aplicacion,1,623000.0,1
C0449,2025-07,69.0,4,103783.76,Aplicacion,Recurrente,Ropa,Aplicacion,2,397000.0,1
C0449,2025-08,69.0,6,107289.22,Web,Recurrente,Hogar,Web,1,396000.0,1
C0449,2025-09,69.0,11,102512.56,Web,Recurrente,Belleza,Web,1,430000.0,1
C0449,2025-10,69.0,9,112507.8,Aplicacion,Recurrente,Ropa,Aplicacion,1,413000.0,1
C0449,2025-11,69.0,11,126183.43,Ambos,Recurrente,Ropa,Aplicacion,3,320000.0,1
C0449,2025-12,69.0,11,104133.79,Aplicacion,Recurrente,Belleza,Aplicacion,2,320000.0,1
C0450,2025-01,54.0,9,152045.59,Ambos,Nuevo,Sin compra,Sin compra,0,0.0,0
C0450,2025-02,54.0,10,92339.69,Aplicacion,Nuevo,Sin compra,Sin compra,0,0.0,0
C0450,2025-03,54.0,5,76054.08,Web,Nuevo,Sin compra,Sin compra,0,0.0,0
C0450,2025-04,54.0,9,132625.35,Ambos,Recurrente,Electronica,Web,2,1083000.0,1
C0450,2025-05,54.0,7,127003.89,Web,Recurrente,Sin compra,Sin compra,0,0.0,0
C0450,2025-06,54.0,3,70430.8,Web,Recurrente,Sin compra,Sin compra,0,0.0,0
C0450,2025-07,54.0,14,118613.34,Aplicacion,Recurrente,Hogar,Aplicacion,3,502000.0,1
C0450,2025-08,54.0,5,28350.09,Web,Recurrente,Ropa,Web,1,100000.0,1
C0450,2025-09,54.0,10,89262.0,Aplicacion,Recurrente,Hogar,Aplicacion,3,292000.0,1
C0450,2025-10,54.0,8,101323.56,Aplicacion,Recurrente,Ropa,Aplicacion,1,247000.0,1
C0450,2025-11,54.0,7,49267.0,Web,Recurrente,Deportes,Web,1,154000.0,1
C0450,2025-12,54.0,7,93805.84,Web,Recurrente,Ropa,Web,2,324000.0,1
C0451,2025-01,34.0,4,113274.83,Web,Nuevo,Sin compra,Sin compra,0,0.0,0
C0451,2025-02,34.0,15,152934.24,Ambos,Nuevo,Sin compra,Sin compra,0,0.0,0
C0451,2025-03,34.0,8,158572.79,Web,Recurrente,Ropa,Web,1,503000.0,1
C0451,2025-04,34.0,13,194453.9,Aplicacion,Recurrente,Sin compra,Sin compra,0,0.0,0
C0451,2025-05,34.0,7,103763.13,Web,Recurrente,Sin compra,Sin compra,0,0.0,0
C0451,2025-06,34.0,10,121418.87,Web,Recurrente,Deportes,Web,1,267000.0,1
C0451,2025-07,34.0,9,100508.11,Aplicacion,Recurrente,Ropa,Aplicacion,1,266000.0,1
C0451,2025-08,34.0,9,85215.7,Aplicacion,Recurrente,Electronica,Aplicacion,2,858000.0,1
C0451,2025-09,34.0,9,107023.71,Web,Recurrente,Sin compra,Sin compra,0,0.0,0
C0451,2025-10,34.0,9,,Web,Recurrente,Sin compra,Sin compra,0,0.0,0
C0451,2025-11,34.0,10,73640.85,Web,Recurrente,Sin compra,Sin compra,0,0.0,0
C0451,2025-12,34.0,6,58502.53,Web,Recurrente,Sin compra,Sin compra,0,0.0,0
C0452,2025-01,64.0,3,96045.59,Web,Nuevo,Sin compra,Sin compra,0,0.0,0
C0452,2025-02,64.0,8,155806.82,Ambos,Recurrente,Belleza,Aplicacion,3,583000.0,1
C0452,2025-03,64.0,6,149429.48,Web,Recurrente,Deportes,Web,2,572000.0,1
C0452,2025-04,,15,148263.34,Ambos,Recurrente,Sin compra,Sin compra,0,0.0,0
C0452,2025-05,64.0,13,99552.72,Aplicacion,Recurrente,Sin compra,Sin compra,0,0.0,0
C0452,2025-06,64.0,9,109420.43,Aplicacion,Recurrente,Sin compra,Sin compra,0,0.0,0
C0452,2025-07,64.0,10,167523.48,Web,Recurrente,Sin compra,Sin compra,0,0.0,0
C0452,2025-08,64.0,7,49958.43,Web,Recurrente,Sin compra,Sin compra,0,0.0,0
C0452,2025-09,64.0,10,150977.72,Web,Recurrente,Deportes,Web,4,401000.0,1
C0452,2025-10,64.0,3,57156.49,Web,Recurrente,Ropa,Web,1,209000.0,1
C0452,2025-11,64.0,11,126031.48,Aplicacion,Recurrente,Belleza,Aplicacion,2,493000.0,1
C0452,2025-12,64.0,20,175722.16,Ambos,Recurrente,Electronica,Web,1,1347000.0,1
C0453,2025-01,62.0,5,142604.03,Web,Nuevo,Sin compra,Sin compra,0,0.0,0
C0453,2025-02,62.0,5,5000.0,Web,Recurrente,Belleza,Web,1,100000.0,1
C0453,2025-03,62.0,5,89573.86,Web,Recurrente,Sin compra,Sin compra,0,0.0,0
C0453,2025-04,62.0,12,154358.38,Aplicacion,Recurrente,Hogar,Aplicacion,1,483000.0,1
C0453,2025-05,62.0,2,72420.28,Web,Recurrente,Sin compra,Sin compra,0,0.0,0
C0453,2025-06,62.0,8,153371.84,Web,Recurrente,Sin compra,Sin compra,0,0.0,0
C0453,2025-07,62.0,16,163056.22,Aplicacion,Recurrente,Sin compra,Sin compra,0,0.0,0
C0453,2025-08,62.0,4,,Aplicacion,Recurrente,Ropa,Aplicacion,3,357000.0,1
C0453,2025-09,,5,46793.47,Web,Recurrente,Sin compra,Sin compra,0,0.0,0
C0453,2025-10,62.0,11,108642.08,Aplicacion,Recurrente,Sin compra,Sin compra,0,0.0,0
C0453,2025-11,62.0,13,116921.99,Ambos,Recurrente,Sin compra,Sin compra,0,0.0,0
C0453,2025-12,62.0,7,114508.53,Web,Recurrente,Deportes,Web,1,470000.0,1
C0454,2025-01,62.0,7,128516.59,Web,Nuevo,Sin compra,Sin compra,0,0.0,0
C0454,2025-02,62.0,8,94484.02,Web,Nuevo,Sin compra,Sin compra,0,0.0,0
C0454,2025-03,62.0,5,59833.36,Web,Nuevo,Sin compra,Sin compra,0,0.0,0
C0454,2025-04,62.0,13,77509.3,Aplicacion,Nuevo,Sin compra,Sin compra,0,0.0,0
C0454,2025-05,62.0,10,114463.53,Ambos,Nuevo,Sin compra,Sin compra,0,0.0,0
C0454,2025-06,62.0,11,112837.51,Aplicacion,Nuevo,Sin compra,Sin compra,0,0.0,0
C0454,2025-07,62.0,19,,Ambos,Recurrente,Hogar,Web,1,631000.0,1
C0454,2025-08,62.0,11,136097.48,Aplicacion,Recurrente,Sin compra,Sin compra,0,0.0,0
C0454,2025-09,62.0,9,105945.35,Aplicacion,Recurrente,Sin compra,Sin compra,0,0.0,0
C0454,2025-10,62.0,13,85792.43,Ambos,Recurrente,Electronica,Web,1,728000.0,1
C0454,2025-11,62.0,9,113402.96,Web,Recurrente,Electronica,Web,1,888000.0,1
C0454,2025-12,62.0,8,120064.46,Aplicacion,Recurrente,Sin compra,Sin compra,0,0.0,0
C0455,2025-01,57.0,4,62402.15,Web,Nuevo,Sin compra,Sin compra,0,0.0,0
C0455,2025-02,57.0,6,68120.21,Web,Nuevo,Sin compra,Sin compra,0,0.0,0
C0455,2025-03,57.0,15,120640.66,Ambos,Nuevo,Sin compra,Sin compra,0,0.0,0
C0455,2025-04,,8,92264.41,Aplicacion,Nuevo,Sin compra,Sin compra,0,0.0,0
C0455,2025-05,57.0,8,161619.58,Web,Nuevo,Sin compra,Sin compra,0,0.0,0
C0455,2025-06,57.0,6,77089.9,Aplicacion,Nuevo,Sin compra,Sin compra,0,0.0,0
C0455,2025-07,57.0,8,54039.25,Aplicacion,Recurrente,Deportes,Aplicacion,2,167000.0,1
C0455,2025-08,57.0,5,111550.98,Aplicacion,Recurrente,Sin compra,Sin compra,0,0.0,0
C0455,2025-09,57.0,10,73807.86,Aplicacion,Recurrente,Deportes,Aplicacion,1,365000.0,1
C0455,2025-10,57.0,14,102529.05,Web,Recurrente,Sin compra,Sin compra,0,0.0,0
C0455,2025-11,57.0,10,75067.13,Web,Recurrente,Ropa,Web,2,245000.0,1
C0455,2025-12,57.0,8,117988.51,Ambos,Recurrente,Hogar,Web,1,566000.0,1
C0456,2025-01,56.0,9,134212.96,Web,Nuevo,Sin compra,Sin compra,0,0.0,0
C0456,2025-02,56.0,11,155807.0,Web,Recurrente,Ropa,Web,1,428000.0,1
C0456,2025-03,56.0,8,89561.72,Aplicacion,Recurrente,Hogar,Aplicacion,1,336000.0,1
C0456,2025-04,56.0,7,71837.2,Web,Recurrente,Ropa,Web,1,295000.0,1
C0456,2025-05,56.0,10,101982.3,Aplicacion,Recurrente,Ropa,Aplicacion,1,369000.0,1
C0456,2025-06,56.0,5,91330.96,Web,Recurrente,Sin compra,Sin compra,0,0.0,0
C0456,2025-07,56.0,14,111711.62,Ambos,Recurrente,Sin compra,Sin compra,0,0.0,0
C0456,2025-08,56.0,6,103089.8,Aplicacion,Recurrente,Belleza,Aplicacion,4,199000.0,1
C0456,2025-09,56.0,15,218130.75,Aplicacion,Recurrente,Ropa,Aplicacion,1,649000.0,1
C0456,2025-10,56.0,12,102734.0,Aplicacion,Recurrente,Ropa,Aplicacion,1,374000.0,1
C0456,2025-11,56.0,10,92957.76,Web,Recurrente,Deportes,Web,1,566000.0,1
C0456,2025-12,56.0,6,77261.01,Web,Recurrente,Deportes,Web,1,373000.0,1
C0457,2025-01,66.0,10,95299.05,Aplicacion,Nuevo,Sin compra,Sin compra,0,0.0,0
C0457,2025-02,66.0,6,147192.19,Ambos,Nuevo,Sin compra,Sin compra,0,0.0,0
C0457,2025-03,66.0,10,86467.67,Web,Recurrente,Hogar,Web,1,475000.0,1
C0457,2025-04,66.0,6,197349.69,Aplicacion,Recurrente,Sin compra,Sin compra,0,0.0,0
C0457,2025-05,66.0,3,36458.75,Web,Recurrente,Sin compra,Sin compra,0,0.0,0
C0457,2025-06,66.0,9,146465.57,Aplicacion,Recurrente,Hogar,Aplicacion,1,595000.0,1
C0457,2025-07,66.0,17,162698.16,Ambos,Recurrente,Electronica,Aplicacion,1,1723000.0,1
C0457,2025-08,66.0,5,118296.44,Web,Recurrente,Sin compra,Sin compra,0,0.0,0
C0457,2025-09,66.0,14,132176.11,Ambos,Recurrente,Ropa,Aplicacion,2,464000.0,1
C0457,2025-10,66.0,10,138957.36,Aplicacion,Recurrente,Electronica,Aplicacion,1,806000.0,1
C0457,2025-11,66.0,6,119365.11,Aplicacion,Recurrente,Hogar,Aplicacion,3,369000.0,1
C0457,2025-12,66.0,12,111124.79,Web,Recurrente,Belleza,Web,1,402000.0,1
C0458,2025-01,65.0,7,115295.73,Web,Nuevo,Sin compra,Sin compra,0,0.0,0
C0458,2025-02,65.0,18,102823.12,Ambos,Recurrente,Ropa,Web,2,348000.0,1
C0458,2025-03,65.0,11,148997.92,Aplicacion,Recurrente,Sin compra,Sin compra,0,0.0,0
C0458,2025-04,65.0,6,101648.42,Web,Recurrente,Belleza,Web,1,314000.0,1
C0458,2025-05,,8,129122.62,Aplicacion,Recurrente,Electronica,Aplicacion,2,934000.0,1
C0458,2025-06,65.0,10,117623.83,Aplicacion,Recurrente,Belleza,Aplicacion,3,501000.0,1
C0458,2025-07,65.0,8,110448.58,Web,Recurrente,Electronica,Web,3,498000.0,1
C0458,2025-08,65.0,20,146877.42,Ambos,Recurrente,Deportes,Web,4,417000.0,1
C0458,2025-09,65.0,13,170583.71,Web,Recurrente,Ropa,Web,1,565000.0,1
C0458,2025-10,,6,148786.32,Web,Recurrente,Deportes,Web,2,460000.0,1
C0458,2025-11,65.0,11,69225.45,Web,Recurrente,Ropa,Web,1,408000.0,1
C0458,2025-12,65.0,18,149077.41,Ambos,Recurrente,Hogar,Web,3,686000.0,1
C0459,2025-01,31.0,9,105624.57,Aplicacion,Nuevo,Sin compra,Sin compra,0,0.0,0
C0459,2025-02,31.0,9,77312.99,Aplicacion,Recurrente,Belleza,Aplicacion,1,281000.0,1
C0459,2025-03,31.0,16,134622.67,Ambos,Recurrente,Sin compra,Sin compra,0,0.0,0
C0459,2025-04,31.0,14,116028.66,Ambos,Recurrente,Electronica,Aplicacion,3,840000.0,1
C0459,2025-05,31.0,3,71896.56,Web,Recurrente,Sin compra,Sin compra,0,0.0,0
C0459,2025-06,31.0,7,98342.34,Aplicacion,Recurrente,Ropa,Aplicacion,1,340000.0,1
C0459,2025-07,31.0,15,169632.07,Aplicacion,Recurrente,Electronica,Aplicacion,1,1250000.0,1
C0459,2025-08,31.0,6,57250.85,Web,Recurrente,Hogar,Web,2,176000.0,1
C0459,2025-09,31.0,14,113148.98,Ambos,Recurrente,Deportes,Web,1,352000.0,1
C0459,2025-10,31.0,8,98929.81,Ambos,Recurrente,Ropa,Aplicacion,1,377000.0,1
C0459,2025-11,31.0,15,177555.64,Ambos,Recurrente,Hogar,Web,2,684000.0,1
C0459,2025-12,31.0,6,154735.46,Web,Recurrente,Ropa,Web,1,484000.0,1
C0460,2025-01,43.0,7,132158.5,Web,Nuevo,Sin compra,Sin compra,0,0.0,0
C0460,2025-02,43.0,3,53219.47,Web,Nuevo,Sin compra,Sin compra,0,0.0,0
C0460,2025-03,43.0,7,32153.15,Web,Nuevo,Sin compra,Sin compra,0,0.0,0
C0460,2025-04,43.0,9,51046.57,Web,Recurrente,Deportes,Web,1,317000.0,1
C0460,2025-05,43.0,10,76291.34,Ambos,Recurrente,Belleza,Web,1,224000.0,1
C0460,2025-06,43.0,11,,Web,Recurrente,Hogar,Web,3,379000.0,1
C0460,2025-07,43.0,8,83965.64,Ambos,Recurrente,Ropa,Web,1,350000.0,1
C0460,2025-08,43.0,7,94103.01,Aplicacion,Recurrente,Belleza,Aplicacion,2,385000.0,1
C0460,2025-09,43.0,10,99986.12,Aplicacion,Recurrente,Belleza,Aplicacion,2,286000.0,1
C0460,2025-10,43.0,8,,Web,Recurrente,Deportes,Web,2,400000.0,1
C0460,2025-11,43.0,4,101957.17,Aplicacion,Recurrente,Electronica,Aplicacion,2,713000.0,1
C0460,2025-12,43.0,8,100935.57,Web,Recurrente,Belleza,Web,2,267000.0,1
C0461,2025-01,33.0,9,92114.88,Aplicacion,Nuevo,Sin compra,Sin compra,0,0.0,0
C0461,2025-02,33.0,4,85277.23,Web,Nuevo,Sin compra,Sin compra,0,0.0,0
C0461,2025-03,33.0,11,127108.3,Aplicacion,Recurrente,Belleza,Aplicacion,1,410000.0,1
C0461,2025-04,33.0,8,70911.25,Web,Recurrente,Belleza,Web,1,216000.0,1
C0461,2025-05,33.0,10,102660.57,Ambos,Recurrente,Sin compra,Sin compra,0,0.0,0
C0461,2025-06,33.0,10,132338.78,Aplicacion,Recurrente,Hogar,Aplicacion,2,582000.0,1
C0461,2025-07,33.0,12,,Ambos,Recurrente,Ropa,Web,2,404000.0,1
C0461,2025-08,33.0,8,139337.41,Aplicacion,Recurrente,Hogar,Aplicacion,1,472000.0,1
C0461,2025-09,33.0,10,75307.6,Web,Recurrente,Hogar,Web,2,398000.0,1
C0461,2025-10,33.0,10,89737.43,Web,Recurrente,Electronica,Web,1,995000.0,1
C0461,2025-11,33.0,9,44616.71,Aplicacion,Recurrente,Electronica,Aplicacion,1,399000.0,1
C0461,2025-12,33.0,10,141998.36,Aplicacion,Recurrente,Belleza,Aplicacion,1,316000.0,1
C0462,2025-01,29.0,8,48166.01,Web,Nuevo,Sin compra,Sin compra,0,0.0,0
C0462,2025-02,29.0,5,123033.84,Aplicacion,Nuevo,Sin compra,Sin compra,0,0.0,0
C0462,2025-03,29.0,7,60669.14,Web,Nuevo,Sin compra,Sin compra,0,0.0,0
C0462,2025-04,29.0,8,80219.45,Web,Nuevo,Sin compra,Sin compra,0,0.0,0
C0462,2025-05,29.0,10,87991.63,Web,Nuevo,Sin compra,Sin compra,0,0.0,0
C0462,2025-06,29.0,6,90127.44,Aplicacion,Nuevo,Sin compra,Sin compra,0,0.0,0
C0462,2025-07,29.0,6,95856.39,Web,Nuevo,Sin compra,Sin compra,0,0.0,0
C0462,2025-08,,7,80632.59,Aplicacion,Nuevo,Sin compra,Sin compra,0,0.0,0
C0462,2025-09,29.0,5,85223.43,Web,Recurrente,Electronica,Web,1,578000.0,1
C0462,2025-10,29.0,10,80850.64,Aplicacion,Recurrente,Sin compra,Sin compra,0,0.0,0
C0462,2025-11,29.0,10,77179.04,Aplicacion,Recurrente,Electronica,Aplicacion,1,681000.0,1
C0462,2025-12,29.0,4,62208.37,Web,Recurrente,Sin compra,Sin compra,0,0.0,0
C0463,2025-01,39.0,9,134519.26,Aplicacion,Nuevo,Sin compra,Sin compra,0,0.0,0
C0463,2025-02,39.0,14,157174.52,Ambos,Recurrente,Electronica,Aplicacion,1,746000.0,1
C0463,2025-03,39.0,7,115034.27,Aplicacion,Recurrente,Sin compra,Sin compra,0,0.0,0
C0463,2025-04,39.0,10,,Ambos,Recurrente,Sin compra,Sin compra,0,0.0,0
C0463,2025-05,39.0,9,91188.56,Web,Recurrente,Electronica,Web,1,484000.0,1
C0463,2025-06,39.0,15,82789.7,Ambos,Recurrente,Electronica,Aplicacion,2,946000.0,1
C0463,2025-07,39.0,6,80989.21,Web,Recurrente,Ropa,Web,1,279000.0,1
C0463,2025-08,39.0,5,107447.46,Web,Recurrente,Hogar,Web,1,423000.0,1
C0463,2025-09,39.0,7,72707.62,Web,Recurrente,Electronica,Web,1,612000.0,1
C0463,2025-10,39.0,9,65494.16,Web,Recurrente,Hogar,Web,3,250000.0,1
C0463,2025-11,39.0,3,54852.43,Web,Recurrente,Belleza,Web,2,199000.0,1
C0463,2025-12,39.0,11,110135.58,Ambos,Recurrente,Hogar,Aplicacion,1,399000.0,1
C0464,2025-01,60.0,11,,Aplicacion,Nuevo,Sin compra,Sin compra,0,0.0,0
C0464,2025-02,60.0,16,71669.42,Ambos,Nuevo,Sin compra,Sin compra,0,0.0,0
C0464,2025-03,60.0,5,103692.29,Web,Nuevo,Sin compra,Sin compra,0,0.0,0
C0464,2025-04,60.0,7,98449.44,Aplicacion,Recurrente,Ropa,Aplicacion,2,408000.0,1
C0464,2025-05,60.0,14,97475.31,Aplicacion,Recurrente,Belleza,Aplicacion,1,336000.0,1
C0464,2025-06,60.0,6,100131.83,Web,Recurrente,Ropa,Web,1,349000.0,1
C0464,2025-07,60.0,14,132793.87,Ambos,Recurrente,Ropa,Web,2,431000.0,1
C0464,2025-08,60.0,11,109222.91,Ambos,Recurrente,Deportes,Web,3,313000.0,1
C0464,2025-09,60.0,9,102573.79,Aplicacion,Recurrente,Hogar,Aplicacion,2,336000.0,1
C0464,2025-10,60.0,2,61836.77,Web,Recurrente,Belleza,Web,2,228000.0,1
C0464,2025-11,60.0,9,113592.21,Aplicacion,Recurrente,Electronica,Aplicacion,1,728000.0,1
C0464,2025-12,60.0,19,115647.77,Ambos,Recurrente,Electronica,Aplicacion,1,991000.0,1
C0465,2025-01,38.0,10,115754.86,Web,Recurrente,Belleza,Web,2,330000.0,1
C0465,2025-02,38.0,5,99483.2,Web,Recurrente,Sin compra,Sin compra,0,0.0,0
C0465,2025-03,38.0,14,,Ambos,Recurrente,Ropa,Web,2,352000.0,1
C0465,2025-04,38.0,10,112566.29,Web,Recurrente,Sin compra,Sin compra,0,0.0,0
C0465,2025-05,38.0,12,100054.07,Ambos,Recurrente,Ropa,Web,3,467000.0,1
C0465,2025-06,38.0,24,,Ambos,Recurrente,Electronica,Web,2,755000.0,1
C0465,2025-07,38.0,8,72288.73,Aplicacion,Recurrente,Hogar,Aplicacion,2,239000.0,1
C0465,2025-08,38.0,8,61146.09,Ambos,Recurrente,Electronica,Aplicacion,1,449000.0,1
C0465,2025-09,38.0,7,,Web,Recurrente,Belleza,Web,1,420000.0,1
C0465,2025-10,38.0,8,102978.91,Web,Recurrente,Ropa,Web,1,382000.0,1
C0465,2025-11,38.0,14,137835.08,Web,Recurrente,Hogar,Web,1,374000.0,1
C0465,2025-12,38.0,19,153684.45,Ambos,Recurrente,Ropa,Web,2,437000.0,1
C0466,2025-01,51.0,4,85591.35,Web,Nuevo,Sin compra,Sin compra,0,0.0,0
C0466,2025-02,51.0,14,163326.75,Aplicacion,Recurrente,Belleza,Aplicacion,3,473000.0,1
C0466,2025-03,51.0,7,115342.28,Web,Recurrente,Electronica,Web,2,797000.0,1
C0466,2025-04,51.0,5,56083.39,Aplicacion,Recurrente,Sin compra,Sin compra,0,0.0,0
C0466,2025-05,51.0,7,87015.12,Aplicacion,Recurrente,Electronica,Aplicacion,1,602000.0,1
C0466,2025-06,,15,,Ambos,Recurrente,Electronica,Aplicacion,2,1049000.0,1
C0466,2025-07,,14,203496.46,Ambos,Recurrente,Electronica,Web,2,1217000.0,1
C0466,2025-08,51.0,8,114705.61,Web,Recurrente,Sin compra,Sin compra,0,0.0,0
C0466,2025-09,51.0,6,99734.75,Aplicacion,Recurrente,Hogar,Aplicacion,1,389000.0,1
C0466,2025-10,51.0,14,144851.99,Ambos,Recurrente,Ropa,Aplicacion,2,476000.0,1
C0466,2025-11,51.0,11,187169.31,Aplicacion,Recurrente,Deportes,Aplicacion,4,589000.0,1
C0466,2025-12,51.0,6,96489.81,Web,Recurrente,Hogar,Web,1,243000.0,1
C0467,2025-01,29.0,6,107557.43,Aplicacion,Nuevo,Sin compra,Sin compra,0,0.0,0
C0467,2025-02,29.0,10,118926.82,Aplicacion,Recurrente,Deportes,Aplicacion,3,342000.0,1
C0467,2025-03,29.0,6,137223.36,Web,Recurrente,Ropa,Web,1,551000.0,1
C0467,2025-04,29.0,10,,Ambos,Recurrente,Hogar,Web,1,435000.0,1
C0467,2025-05,29.0,12,32809.15,Ambos,Recurrente,Sin compra,Sin compra,0,0.0,0
C0467,2025-06,29.0,18,144636.25,Ambos,Recurrente,Belleza,Web,2,348000.0,1
C0467,2025-07,29.0,5,52097.13,Aplicacion,Recurrente,Sin compra,Sin compra,0,0.0,0
C0467,2025-08,29.0,6,114557.92,Web,Recurrente,Ropa,Web,1,384000.0,1
C0467,2025-09,29.0,8,96547.4,Aplicacion,Recurrente,Belleza,Aplicacion,1,220000.0,1
C0467,2025-10,29.0,11,95717.17,Aplicacion,Recurrente,Ropa,Aplicacion,1,395000.0,1
C0467,2025-11,29.0,11,147493.71,Aplicacion,Recurrente,Ropa,Aplicacion,4,411000.0,1
C0467,2025-12,29.0,14,94733.6,Web,Recurrente,Ropa,Web,1,484000.0,1
C0468,2025-01,46.0,6,57516.73,Web,Nuevo,Sin compra,Sin compra,0,0.0,0
C0468,2025-02,46.0,9,87212.98,Aplicacion,Nuevo,Sin compra,Sin compra,0,0.0,0
C0468,2025-03,46.0,14,137312.14,Aplicacion,Nuevo,Sin compra,Sin compra,0,0.0,0
C0468,2025-04,46.0,10,133976.72,Web,Nuevo,Sin compra,Sin compra,0,0.0,0
C0468,2025-05,46.0,8,127757.32,Aplicacion,Recurrente,Hogar,Aplicacion,2,583000.0,1
C0468,2025-06,46.0,17,139222.58,Web,Recurrente,Hogar,Web,1,617000.0,1
C0468,2025-07,46.0,4,60446.7,Web,Recurrente,Sin compra,Sin compra,0,0.0,0
C0468,2025-08,46.0,5,72750.14,Web,Recurrente,Sin compra,Sin compra,0,0.0,0
C0468,2025-09,46.0,3,88723.0,Web,Recurrente,Deportes,Web,2,239000.0,1
C0468,2025-10,46.0,10,104355.46,Web,Recurrente,Sin compra,Sin compra,0,0.0,0
C0468,2025-11,46.0,9,41479.96,Aplicacion,Recurrente,Ropa,Aplicacion,2,188000.0,1
C0468,2025-12,46.0,8,116655.0,Aplicacion,Recurrente,Sin compra,Sin compra,0,0.0,0
C0469,2025-01,45.0,14,116561.14,Web,Nuevo,Sin compra,Sin compra,0,0.0,0
C0469,2025-02,45.0,7,92303.13,Aplicacion,Recurrente,Electronica,Aplicacion,1,592000.0,1
C0469,2025-03,45.0,10,127948.51,Aplicacion,Recurrente,Sin compra,Sin compra,0,0.0,0
C0469,2025-04,45.0,11,99646.79,Ambos,Recurrente,Sin compra,Sin compra,0,0.0,0
C0469,2025-05,45.0,11,173810.84,Aplicacion,Recurrente,Belleza,Aplicacion,1,464000.0,1
C0469,2025-06,45.0,17,146363.97,Ambos,Recurrente,Sin compra,Sin compra,0,0.0,0
C0469,2025-07,45.0,15,88982.54,Ambos,Recurrente,Hogar,Web,1,316000.0,1
C0469,2025-08,45.0,17,122399.81,Ambos,Recurrente,Ropa,Web,2,418000.0,1
C0469,2025-09,45.0,7,65725.48,Aplicacion,Recurrente,Belleza,Aplicacion,1,258000.0,1
C0469,2025-10,45.0,2,66052.28,Aplicacion,Recurrente,Belleza,Aplicacion,3,243000.0,1
C0469,2025-11,45.0,15,164134.51,Ambos,Recurrente,Belleza,Aplicacion,1,331000.0,1
C0469,2025-12,45.0,4,111512.06,Web,Recurrente,Electronica,Web,1,659000.0,1
C0470,2025-01,57.0,6,97163.82,Web,Nuevo,Sin compra,Sin compra,0,0.0,0
C0470,2025-02,57.0,12,126653.66,Aplicacion,Nuevo,Sin compra,Sin compra,0,0.0,0
C0470,2025-03,57.0,12,130037.07,Aplicacion,Recurrente,Electronica,Aplicacion,1,786000.0,1
C0470,2025-04,57.0,6,146225.97,Web,Recurrente,Deportes,Web,2,578000.0,1
C0470,2025-05,57.0,9,136686.08,Aplicacion,Recurrente,Sin compra,Sin compra,0,0.0,0
C0470,2025-06,57.0,8,86726.62,Web,Recurrente,Ropa,Web,1,244000.0,1
C0470,2025-07,57.0,5,101906.35,Web,Recurrente,Sin compra,Sin compra,0,0.0,0
C0470,2025-08,57.0,13,61888.72,Aplicacion,Recurrente,Electronica,Aplicacion,3,667000.0,1
C0470,2025-09,57.0,6,98071.56,Aplicacion,Recurrente,Electronica,Aplicacion,4,767000.0,1
C0470,2025-10,57.0,5,127765.58,Web,Recurrente,Belleza,Web,1,444000.0,1
C0470,2025-11,57.0,9,147392.06,Aplicacion,Recurrente,Deportes,Aplicacion,1,461000.0,1
C0470,2025-12,57.0,12,164134.57,Ambos,Recurrente,Sin compra,Sin compra,0,0.0,0
C0471,2025-01,60.0,8,99796.98,Ambos,Nuevo,Sin compra,Sin compra,0,0.0,0
C0471,2025-02,60.0,6,68629.26,Aplicacion,Recurrente,Belleza,Aplicacion,2,209000.0,1
C0471,2025-03,60.0,8,120937.1,Web,Recurrente,Deportes,Web,1,489000.0,1
C0471,2025-04,60.0,8,92167.66,Aplicacion,Recurrente,Sin compra,Sin compra,0,0.0,0
C0471,2025-05,60.0,4,108188.23,Web,Recurrente,Sin compra,Sin compra,0,0.0,0
C0471,2025-06,60.0,7,85391.37,Web,Recurrente,Sin compra,Sin compra,0,0.0,0
C0471,2025-07,60.0,5,136187.86,Aplicacion,Recurrente,Sin compra,Sin compra,0,0.0,0
C0471,2025-08,60.0,7,101320.07,Web,Recurrente,Sin compra,Sin compra,0,0.0,0
C0471,2025-09,60.0,9,80746.48,Ambos,Recurrente,Belleza,Web,1,343000.0,1
C0471,2025-10,60.0,6,134502.05,Aplicacion,Recurrente,Hogar,Aplicacion,1,453000.0,1
C0471,2025-11,60.0,5,70370.34,Web,Recurrente,Hogar,Web,1,252000.0,1
C0471,2025-12,60.0,12,154172.51,Aplicacion,Recurrente,Hogar,Aplicacion,2,499000.0,1
C0472,2025-01,54.0,3,89680.96,Web,Nuevo,Sin compra,Sin compra,0,0.0,0
C0472,2025-02,54.0,13,161263.54,Web,Nuevo,Sin compra,Sin compra,0,0.0,0
C0472,2025-03,54.0,12,132495.07,Ambos,Recurrente,Belleza,Aplicacion,3,398000.0,1
C0472,2025-04,54.0,9,84968.03,Web,Recurrente,Sin compra,Sin compra,0,0.0,0
C0472,2025-05,54.0,7,101556.2,Aplicacion,Recurrente,Ropa,Aplicacion,3,408000.0,1
C0472,2025-06,54.0,7,107326.93,Web,Recurrente,Electronica,Web,1,698000.0,1
C0472,2025-07,54.0,6,149763.02,Web,Recurrente,Sin compra,Sin compra,0,0.0,0
C0472,2025-08,54.0,10,54244.04,Web,Recurrente,Hogar,Web,1,319000.0,1
C0472,2025-09,54.0,3,78078.15,Web,Recurrente,Hogar,Web,1,219000.0,1
C0472,2025-10,54.0,11,141509.16,Web,Recurrente,Deportes,Web,1,501000.0,1
C0472,2025-11,54.0,7,140456.5,Aplicacion,Recurrente,Electronica,Aplicacion,2,870000.0,1
C0472,2025-12,54.0,6,112200.74,Aplicacion,Recurrente,Ropa,Aplicacion,1,388000.0,1
C0473,2025-01,25.0,13,95118.8,Web,Recurrente,Hogar,Web,1,618000.0,1
C0473,2025-02,,6,91062.97,Aplicacion,Recurrente,Belleza,Aplicacion,1,251000.0,1
C0473,2025-03,25.0,10,160948.39,Aplicacion,Recurrente,Belleza,Aplicacion,1,613000.0,1
C0473,2025-04,25.0,8,83448.23,Web,Recurrente,Sin compra,Sin compra,0,0.0,0
C0473,2025-05,25.0,15,77096.61,Ambos,Recurrente,Ropa,Web,1,235000.0,1
C0473,2025-06,25.0,7,111671.2,Web,Recurrente,Sin compra,Sin compra,0,0.0,0
C0473,2025-07,25.0,2,56170.43,Web,Recurrente,Sin compra,Sin compra,0,0.0,0
C0473,2025-08,25.0,7,32252.81,Web,Recurrente,Sin compra,Sin compra,0,0.0,0
C0473,2025-09,25.0,12,113088.45,Aplicacion,Recurrente,Electronica,Aplicacion,1,996000.0,1
C0473,2025-10,25.0,7,55459.44,Ambos,Recurrente,Sin compra,Sin compra,0,0.0,0
C0473,2025-11,25.0,8,176000.43,Web,Recurrente,Sin compra,Sin compra,0,0.0,0
C0473,2025-12,25.0,8,106594.69,Aplicacion,Recurrente,Ropa,Aplicacion,4,579000.0,1
C0474,2025-01,42.0,8,161354.32,Web,Nuevo,Sin compra,Sin compra,0,0.0,0
C0474,2025-02,42.0,10,72870.03,Aplicacion,Nuevo,Sin compra,Sin compra,0,0.0,0
C0474,2025-03,42.0,4,125664.63,Web,Nuevo,Sin compra,Sin compra,0,0.0,0
C0474,2025-04,42.0,17,172109.99,Ambos,Recurrente,Deportes,Aplicacion,1,644000.0,1
C0474,2025-05,42.0,7,84492.47,Web,Recurrente,Belleza,Web,3,201000.0,1
C0474,2025-06,42.0,9,88060.4,Web,Recurrente,Sin compra,Sin compra,0,0.0,0
C0474,2025-07,42.0,9,120089.24,Web,Recurrente,Belleza,Web,1,340000.0,1
C0474,2025-08,42.0,10,82349.87,Aplicacion,Recurrente,Deportes,Aplicacion,2,327000.0,1
C0474,2025-09,42.0,7,109850.79,Web,Recurrente,Ropa,Web,2,292000.0,1
C0474,2025-10,42.0,15,157483.25,Ambos,Recurrente,Belleza,Web,1,686000.0,1
C0474,2025-11,42.0,11,93270.44,Aplicacion,Recurrente,Deportes,Aplicacion,1,410000.0,1
C0474,2025-12,42.0,14,88387.44,Ambos,Recurrente,Deportes,Web,2,303000.0,1
C0475,2025-01,37.0,8,107267.78,Ambos,Nuevo,Sin compra,Sin compra,0,0.0,0
C0475,2025-02,37.0,12,73852.54,Web,Recurrente,Ropa,Web,1,333000.0,1
C0475,2025-03,37.0,10,108922.72,Aplicacion,Recurrente,Ropa,Aplicacion,1,397000.0,1
C0475,2025-04,37.0,9,112527.04,Aplicacion,Recurrente,Sin compra,Sin compra,0,0.0,0
C0475,2025-05,37.0,12,133436.04,Aplicacion,Recurrente,Belleza,Aplicacion,1,301000.0,1
C0475,2025-06,37.0,3,43156.86,Web,Recurrente,Sin compra,Sin compra,0,0.0,0
C0475,2025-07,37.0,9,92038.75,Aplicacion,Recurrente,Belleza,Aplicacion,1,430000.0,1
C0475,2025-08,37.0,12,120782.73,Ambos,Recurrente,Sin compra,Sin compra,0,0.0,0
C0475,2025-09,37.0,7,124515.65,Aplicacion,Recurrente,Electronica,Aplicacion,1,1162000.0,1
C0475,2025-10,37.0,5,79507.49,Web,Recurrente,Hogar,Web,1,202000.0,1
C0475,2025-11,37.0,9,,Web,Recurrente,Sin compra,Sin compra,0,0.0,0
C0475,2025-12,37.0,11,144971.46,Aplicacion,Recurrente,Ropa,Aplicacion,3,611000.0,1
C0476,2025-01,57.0,17,134018.43,Ambos,Recurrente,Ropa,Web,1,463000.0,1
C0476,2025-02,57.0,15,106702.7,Ambos,Recurrente,Belleza,Aplicacion,1,427000.0,1
C0476,2025-03,57.0,6,77306.35,Web,Recurrente,Sin compra,Sin compra,0,0.0,0
C0476,2025-04,57.0,8,91940.07,Aplicacion,Recurrente,Sin compra,Sin compra,0,0.0,0
C0476,2025-05,57.0,13,157028.15,Ambos,Recurrente,Hogar,Web,3,557000.0,1
C0476,2025-06,57.0,11,81724.36,Aplicacion,Recurrente,Deportes,Aplicacion,4,248000.0,1
C0476,2025-07,57.0,10,117800.58,Aplicacion,Recurrente,Ropa,Aplicacion,4,402000.0,1
C0476,2025-08,57.0,5,67075.56,Web,Recurrente,Electronica,Web,3,744000.0,1
C0476,2025-09,57.0,12,94249.16,Web,Recurrente,Electronica,Web,2,538000.0,1
C0476,2025-10,57.0,15,186251.74,Ambos,Recurrente,Hogar,Web,1,646000.0,1
C0476,2025-11,57.0,7,64712.55,Web,Recurrente,Hogar,Web,3,229000.0,1
C0476,2025-12,57.0,20,179256.39,Ambos,Recurrente,Deportes,Aplicacion,1,706000.0,1
C0477,2025-01,22.0,9,132252.0,Aplicacion,Recurrente,Deportes,Aplicacion,2,340000.0,1
C0477,2025-02,22.0,14,132761.81,Ambos,Recurrente,Hogar,Web,3,544000.0,1
C0477,2025-03,22.0,10,79914.14,Aplicacion,Recurrente,Deportes,Aplicacion,2,287000.0,1
C0477,2025-04,22.0,6,50131.06,Web,Recurrente,Hogar,Web,2,245000.0,1
C0477,2025-05,22.0,12,129588.22,Aplicacion,Recurrente,Ropa,Aplicacion,2,428000.0,1
C0477,2025-06,22.0,5,123156.3,Web,Recurrente,Electronica,Web,1,725000.0,1
C0477,2025-07,22.0,3,113268.88,Web,Recurrente,Electronica,Web,4,799000.0,1
C0477,2025-08,22.0,14,150088.63,Ambos,Recurrente,Deportes,Aplicacion,1,562000.0,1
C0477,2025-09,22.0,6,112732.74,Aplicacion,Recurrente,Belleza,Aplicacion,1,357000.0,1
C0477,2025-10,22.0,9,90036.8,Web,Recurrente,Belleza,Web,1,410000.0,1
C0477,2025-11,22.0,11,97326.89,Aplicacion,Recurrente,Electronica,Aplicacion,1,749000.0,1
C0477,2025-12,22.0,9,31584.55,Aplicacion,Recurrente,Deportes,Aplicacion,2,182000.0,1
C0478,2025-01,44.0,7,77615.19,Web,Nuevo,Sin compra,Sin compra,0,0.0,0
C0478,2025-02,44.0,12,85241.57,Aplicacion,Recurrente,Deportes,Aplicacion,1,400000.0,1
C0478,2025-03,44.0,9,145142.01,Aplicacion,Recurrente,Deportes,Aplicacion,1,673000.0,1
C0478,2025-04,44.0,5,82561.12,Web,Recurrente,Sin compra,Sin compra,0,0.0,0
C0478,2025-05,44.0,4,107106.37,Aplicacion,Recurrente,Belleza,Aplicacion,4,295000.0,1
C0478,2025-06,44.0,5,81689.56,Web,Recurrente,Sin compra,Sin compra,0,0.0,0
C0478,2025-07,44.0,7,57708.23,Aplicacion,Recurrente,Deportes,Aplicacion,1,218000.0,1
C0478,2025-08,44.0,17,169995.15,Ambos,Recurrente,Ropa,Aplicacion,2,546000.0,1
C0478,2025-09,44.0,11,86483.16,Ambos,Recurrente,Ropa,Web,1,263000.0,1
C0478,2025-10,,12,198517.33,Ambos,Recurrente,Ropa,Aplicacion,2,491000.0,1
C0478,2025-11,44.0,14,101393.09,Ambos,Recurrente,Ropa,Web,1,443000.0,1
C0478,2025-12,44.0,12,143438.45,Aplicacion,Recurrente,Ropa,Aplicacion,3,531000.0,1
C0479,2025-01,45.0,13,138943.02,Aplicacion,Recurrente,Ropa,Aplicacion,1,590000.0,1
C0479,2025-02,45.0,14,154081.34,Web,Recurrente,Ropa,Web,2,682000.0,1
C0479,2025-03,45.0,8,102743.0,Web,Recurrente,Sin compra,Sin compra,0,0.0,0
C0479,2025-04,45.0,12,77599.7,Aplicacion,Recurrente,Deportes,Aplicacion,3,273000.0,1
C0479,2025-05,45.0,8,78512.25,Aplicacion,Recurrente,Hogar,Aplicacion,2,301000.0,1
C0479,2025-06,45.0,18,171241.52,Ambos,Recurrente,Belleza,Aplicacion,2,470000.0,1
C0479,2025-07,45.0,9,21476.03,Web,Recurrente,Deportes,Web,3,136000.0,1
C0479,2025-08,45.0,8,83381.22,Web,Recurrente,Deportes,Web,1,412000.0,1
C0479,2025-09,45.0,10,107126.98,Ambos,Recurrente,Hogar,Web,2,312000.0,1
C0479,2025-10,45.0,13,138061.61,Aplicacion,Recurrente,Hogar,Aplicacion,2,668000.0,1
C0479,2025-11,45.0,6,,Web,Recurrente,Belleza,Web,1,286000.0,1
C0479,2025-12,45.0,7,107832.65,Web,Recurrente,Belleza,Web,1,379000.0,1
C0480,2025-01,34.0,8,154168.07,Aplicacion,Recurrente,Ropa,Aplicacion,1,739000.0,1
C0480,2025-02,34.0,7,144769.16,Aplicacion,Recurrente,Hogar,Aplicacion,1,646000.0,1
C0480,2025-03,34.0,11,88695.28,Web,Recurrente,Hogar,Web,1,274000.0,1
C0480,2025-04,34.0,5,94254.3,Aplicacion,Recurrente,Belleza,Aplicacion,1,304000.0,1
C0480,2025-05,34.0,14,144893.84,Ambos,Recurrente,Belleza,Web,2,600000.0,1
C0480,2025-06,34.0,7,87710.7,Web,Recurrente,Hogar,Web,2,259000.0,1
C0480,2025-07,34.0,6,,Web,Recurrente,Belleza,Web,3,252000.0,1
C0480,2025-08,34.0,6,127570.06,Web,Recurrente,Belleza,Web,2,393000.0,1
C0480,2025-09,34.0,13,145321.58,Ambos,Recurrente,Sin compra,Sin compra,0,0.0,0
C0480,2025-10,34.0,6,101360.24,Aplicacion,Recurrente,Hogar,Aplicacion,1,285000.0,1
C0480,2025-11,34.0,9,103335.3,Aplicacion,Recurrente,Sin compra,Sin compra,0,0.0,0
C0480,2025-12,34.0,4,137993.05,Web,Recurrente,Sin compra,Sin compra,0,0.0,0
C0481,2025-01,50.0,7,132744.52,Web,Recurrente,Deportes,Web,2,342000.0,1
C0481,2025-02,50.0,9,101387.12,Web,Recurrente,Sin compra,Sin compra,0,0.0,0
C0481,2025-03,50.0,11,118989.84,Ambos,Recurrente,Belleza,Aplicacion,1,372000.0,1
C0481,2025-04,50.0,8,131788.87,Web,Recurrente,Sin compra,Sin compra,0,0.0,0
C0481,2025-05,50.0,11,131525.86,Aplicacion,Recurrente,Sin compra,Sin compra,0,0.0,0
C0481,2025-06,50.0,8,106811.59,Web,Recurrente,Belleza,Web,2,426000.0,1
C0481,2025-07,50.0,7,109557.91,Aplicacion,Recurrente,Ropa,Aplicacion,3,383000.0,1
C0481,2025-08,50.0,2,70018.26,Web,Recurrente,Electronica,Web,2,677000.0,1
C0481,2025-09,50.0,5,72910.08,Aplicacion,Recurrente,Belleza,Aplicacion,2,259000.0,1
C0481,2025-10,50.0,5,104944.91,Web,Recurrente,Hogar,Web,1,400000.0,1
C0481,2025-11,,5,119507.22,Web,Recurrente,Electronica,Web,2,1041000.0,1
C0481,2025-12,50.0,7,112756.07,Aplicacion,Recurrente,Sin compra,Sin compra,0,0.0,0
C0482,2025-01,23.0,11,125033.52,Aplicacion,Nuevo,Sin compra,Sin compra,0,0.0,0
C0482,2025-02,23.0,19,131930.63,Ambos,Recurrente,Ropa,Web,1,427000.0,1
C0482,2025-03,23.0,7,127529.77,Aplicacion,Recurrente,Sin compra,Sin compra,0,0.0,0
C0482,2025-04,23.0,4,139439.92,Web,Recurrente,Sin compra,Sin compra,0,0.0,0
C0482,2025-05,23.0,7,140025.32,Aplicacion,Recurrente,Sin compra,Sin compra,0,0.0,0
C0482,2025-06,23.0,7,112202.52,Web,Recurrente,Hogar,Web,1,392000.0,1
C0482,2025-07,23.0,7,80141.88,Web,Recurrente,Electronica,Web,1,627000.0,1
C0482,2025-08,23.0,10,122926.41,Aplicacion,Recurrente,Belleza,Aplicacion,2,363000.0,1
C0482,2025-09,23.0,6,92512.33,Aplicacion,Recurrente,Electronica,Aplicacion,1,587000.0,1
C0482,2025-10,23.0,7,122824.27,Web,Recurrente,Sin compra,Sin compra,0,0.0,0
C0482,2025-11,23.0,12,150633.6,Web,Recurrente,Ropa,Web,3,460000.0,1
C0482,2025-12,23.0,10,51984.32,Web,Recurrente,Belleza,Web,2,193000.0,1
C0483,2025-01,59.0,14,71752.64,Web,Nuevo,Sin compra,Sin compra,0,0.0,0
C0483,2025-02,59.0,11,,Web,Nuevo,Sin compra,Sin compra,0,0.0,0
C0483,2025-03,59.0,8,114817.23,Web,Nuevo,Sin compra,Sin compra,0,0.0,0
C0483,2025-04,59.0,9,,Aplicacion,Nuevo,Sin compra,Sin compra,0,0.0,0
C0483,2025-05,59.0,11,147727.36,Aplicacion,Nuevo,Sin compra,Sin compra,0,0.0,0
C0483,2025-06,59.0,9,91472.58,Web,Recurrente,Belleza,Web,2,373000.0,1
C0483,2025-07,59.0,8,,Aplicacion,Recurrente,Sin compra,Sin compra,0,0.0,0
C0483,2025-08,59.0,16,177198.17,Aplicacion,Recurrente,Sin compra,Sin compra,0,0.0,0
C0483,2025-09,59.0,8,37082.05,Aplicacion,Recurrente,Hogar,Aplicacion,1,164000.0,1
C0483,2025-10,59.0,9,140034.86,Aplicacion,Recurrente,Sin compra,Sin compra,0,0.0,0
C0483,2025-11,59.0,10,28891.71,Aplicacion,Recurrente,Ropa,Aplicacion,2,186000.0,1
C0483,2025-12,59.0,9,110886.41,Web,Recurrente,Sin compra,Sin compra,0,0.0,0
C0484,2025-01,36.0,9,59655.35,Aplicacion,Nuevo,Sin compra,Sin compra,0,0.0,0
C0484,2025-02,36.0,12,136319.89,Ambos,Nuevo,Sin compra,Sin compra,0,0.0,0
C0484,2025-03,36.0,8,118225.5,Aplicacion,Recurrente,Hogar,Aplicacion,3,382000.0,1
C0484,2025-04,36.0,8,111992.14,Aplicacion,Recurrente,Electronica,Aplicacion,1,1230000.0,1
C0484,2025-05,36.0,7,151313.51,Aplicacion,Recurrente,Belleza,Aplicacion,3,366000.0,1
C0484,2025-06,36.0,15,127736.3,Ambos,Recurrente,Ropa,Aplicacion,1,239000.0,1
C0484,2025-07,36.0,5,62019.75,Web,Recurrente,Sin compra,Sin compra,0,0.0,0
C0484,2025-08,36.0,14,149020.24,Ambos,Recurrente,Deportes,Aplicacion,2,595000.0,1
C0484,2025-09,36.0,15,101505.3,Ambos,Recurrente,Electronica,Aplicacion,1,949000.0,1
C0484,2025-10,36.0,12,105065.67,Ambos,Recurrente,Electronica,Web,3,935000.0,1
C0484,2025-11,36.0,5,62715.97,Aplicacion,Recurrente,Ropa,Aplicacion,1,308000.0,1
C0484,2025-12,36.0,14,98335.13,Ambos,Recurrente,Hogar,Web,3,502000.0,1
C0485,2025-01,57.0,13,118978.01,Ambos,Nuevo,Sin compra,Sin compra,0,0.0,0
C0485,2025-02,57.0,12,127674.69,Aplicacion,Recurrente,Hogar,Aplicacion,1,430000.0,1
C0485,2025-03,57.0,8,140586.73,Aplicacion,Recurrente,Electronica,Aplicacion,1,870000.0,1
C0485,2025-04,57.0,4,79865.19,Web,Recurrente,Sin compra,Sin compra,0,0.0,0
C0485,2025-05,57.0,6,129039.37,Aplicacion,Recurrente,Deportes,Aplicacion,2,444000.0,1
C0485,2025-06,57.0,12,193729.06,Ambos,Recurrente,Electronica,Web,1,1226000.0,1
C0485,2025-07,57.0,19,107836.65,Ambos,Recurrente,Electronica,Aplicacion,1,847000.0,1
C0485,2025-08,57.0,7,155304.46,Aplicacion,Recurrente,Sin compra,Sin compra,0,0.0,0
C0485,2025-09,57.0,9,57998.08,Web,Recurrente,Sin compra,Sin compra,0,0.0,0
C0485,2025-10,57.0,10,105564.11,Aplicacion,Recurrente,Sin compra,Sin compra,0,0.0,0
C0485,2025-11,57.0,4,25000.73,Web,Recurrente,Sin compra,Sin compra,0,0.0,0
C0485,2025-12,57.0,16,177519.64,Ambos,Recurrente,Hogar,Web,1,579000.0,1
C0486,2025-01,67.0,3,116837.9,Web,Nuevo,Sin compra,Sin compra,0,0.0,0
C0486,2025-02,67.0,8,139064.76,Aplicacion,Recurrente,Ropa,Aplicacion,1,543000.0,1
C0486,2025-03,67.0,8,56292.63,Web,Recurrente,Sin compra,Sin compra,0,0.0,0
C0486,2025-04,67.0,14,86105.72,Aplicacion,Recurrente,Deportes,Aplicacion,1,432000.0,1
C0486,2025-05,67.0,8,86812.15,Aplicacion,Recurrente,Sin compra,Sin compra,0,0.0,0
C0486,2025-06,67.0,14,169259.16,Aplicacion,Recurrente,Sin compra,Sin compra,0,0.0,0
C0486,2025-07,67.0,12,122277.65,Ambos,Recurrente,Hogar,Aplicacion,1,472000.0,1
C0486,2025-08,67.0,10,143523.95,Web,Recurrente,Sin compra,Sin compra,0,0.0,0
C0486,2025-09,67.0,17,130602.22,Ambos,Recurrente,Ropa,Aplicacion,1,565000.0,1
C0486,2025-10,67.0,12,127175.5,Web,Recurrente,Hogar,Web,4,415000.0,1
C0486,2025-11,67.0,10,114865.1,Ambos,Recurrente,Ropa,Aplicacion,1,380000.0,1
C0486,2025-12,67.0,9,73672.06,Web,Recurrente,Deportes,Web,3,336000.0,1
C0487,2025-01,23.0,8,112491.96,Ambos,Recurrente,Hogar,Web,1,363000.0,1
C0487,2025-02,23.0,16,184101.2,Ambos,Recurrente,Electronica,Web,1,1847000.0,1
C0487,2025-03,23.0,23,192472.48,Ambos,Recurrente,Ropa,Web,3,633000.0,1
C0487,2025-04,23.0,13,145564.63,Ambos,Recurrente,Hogar,Web,1,548000.0,1
C0487,2025-05,23.0,12,128024.93,Aplicacion,Recurrente,Hogar,Aplicacion,3,565000.0,1
C0487,2025-06,23.0,10,121600.86,Aplicacion,Recurrente,Hogar,Aplicacion,1,337000.0,1
C0487,2025-07,23.0,4,154164.92,Web,Recurrente,Ropa,Web,3,512000.0,1
C0487,2025-08,23.0,15,155050.41,Ambos,Recurrente,Electronica,Aplicacion,3,1110000.0,1
C0487,2025-09,23.0,19,121094.85,Ambos,Recurrente,Ropa,Aplicacion,1,315000.0,1
C0487,2025-10,23.0,5,51773.19,Web,Recurrente,Electronica,Web,1,430000.0,1
C0487,2025-11,23.0,6,90563.3,Aplicacion,Recurrente,Ropa,Aplicacion,1,348000.0,1
C0487,2025-12,23.0,8,92435.98,Aplicacion,Recurrente,Deportes,Aplicacion,2,218000.0,1
C0488,2025-01,30.0,9,117657.15,Ambos,Nuevo,Sin compra,Sin compra,0,0.0,0
C0488,2025-02,30.0,7,139253.37,Web,Nuevo,Sin compra,Sin compra,0,0.0,0
C0488,2025-03,30.0,8,150224.25,Web,Nuevo,Sin compra,Sin compra,0,0.0,0
C0488,2025-04,30.0,14,160314.13,Aplicacion,Recurrente,Ropa,Aplicacion,1,562000.0,1
C0488,2025-05,30.0,6,122866.03,Aplicacion,Recurrente,Sin compra,Sin compra,0,0.0,0
C0488,2025-06,30.0,5,45280.07,Web,Recurrente,Sin compra,Sin compra,0,0.0,0
C0488,2025-07,30.0,8,76526.11,Aplicacion,Recurrente,Hogar,Aplicacion,1,200000.0,1
C0488,2025-08,30.0,8,81692.2,Web,Recurrente,Deportes,Web,1,264000.0,1
C0488,2025-09,30.0,10,140902.19,Ambos,Recurrente,Belleza,Web,1,412000.0,1
C0488,2025-10,30.0,8,89404.81,Ambos,Recurrente,Ropa,Web,2,424000.0,1
C0488,2025-11,30.0,6,66080.12,Web,Recurrente,Ropa,Web,1,250000.0,1
C0488,2025-12,30.0,6,59495.66,Web,Recurrente,Electronica,Web,1,531000.0,1
C0489,2025-01,,8,140504.32,Aplicacion,Nuevo,Sin compra,Sin compra,0,0.0,0
C0489,2025-02,68.0,5,103359.71,Web,Nuevo,Sin compra,Sin compra,0,0.0,0
C0489,2025-03,68.0,11,113939.25,Ambos,Nuevo,Sin compra,Sin compra,0,0.0,0
C0489,2025-04,68.0,5,58430.5,Web,Recurrente,Ropa,Web,2,243000.0,1
C0489,2025-05,68.0,2,54234.68,Web,Recurrente,Electronica,Web,1,521000.0,1
C0489,2025-06,68.0,12,136284.2,Ambos,Recurrente,Belleza,Aplicacion,1,427000.0,1
C0489,2025-07,68.0,15,125637.2,Ambos,Recurrente,Sin compra,Sin compra,0,0.0,0
C0489,2025-08,68.0,3,93505.23,Web,Recurrente,Sin compra,Sin compra,0,0.0,0
C0489,2025-09,68.0,8,63815.22,Ambos,Recurrente,Sin compra,Sin compra,0,0.0,0
C0489,2025-10,68.0,4,113979.64,Aplicacion,Recurrente,Hogar,Aplicacion,1,412000.0,1
C0489,2025-11,68.0,7,142172.17,Web,Recurrente,Ropa,Web,1,484000.0,1
C0489,2025-12,68.0,6,142235.15,Web,Recurrente,Electronica,Web,2,950000.0,1
C0490,2025-01,28.0,16,126677.09,Aplicacion,Nuevo,Sin compra,Sin compra,0,0.0,0
C0490,2025-02,28.0,7,85119.22,Web,Recurrente,Electronica,Web,1,841000.0,1
C0490,2025-03,28.0,11,142661.85,Ambos,Recurrente,Electronica,Aplicacion,2,1189000.0,1
C0490,2025-04,28.0,7,83502.26,Aplicacion,Recurrente,Sin compra,Sin compra,0,0.0,0
C0490,2025-05,28.0,7,38241.1,Web,Recurrente,Electronica,Web,1,469000.0,1
C0490,2025-06,28.0,12,89152.44,Ambos,Recurrente,Belleza,Web,1,377000.0,1
C0490,2025-07,28.0,6,117038.99,Aplicacion,Recurrente,Sin compra,Sin compra,0,0.0,0
C0490,2025-08,28.0,14,158220.66,Aplicacion,Recurrente,Belleza,Aplicacion,3,425000.0,1
C0490,2025-09,28.0,6,128860.43,Aplicacion,Recurrente,Deportes,Aplicacion,1,400000.0,1
C0490,2025-10,28.0,16,213915.43,Ambos,Recurrente,Sin compra,Sin compra,0,0.0,0
C0490,2025-11,28.0,7,99305.58,Web,Recurrente,Ropa,Web,1,354000.0,1
C0490,2025-12,28.0,16,115703.14,Ambos,Recurrente,Hogar,Aplicacion,1,428000.0,1
C0491,2025-01,33.0,8,85105.6,Web,Nuevo,Sin compra,Sin compra,0,0.0,0
C0491,2025-02,33.0,11,97016.99,Aplicacion,Nuevo,Sin compra,Sin compra,0,0.0,0
C0491,2025-03,33.0,7,97849.08,Web,Recurrente,Hogar,Web,2,342000.0,1
C0491,2025-04,33.0,9,85049.01,Web,Recurrente,Sin compra,Sin compra,0,0.0,0
C0491,2025-05,33.0,9,92502.05,Web,Recurrente,Sin compra,Sin compra,0,0.0,0
C0491,2025-06,33.0,17,90795.44,Ambos,Recurrente,Deportes,Web,2,353000.0,1
C0491,2025-07,33.0,16,116571.36,Ambos,Recurrente,Electronica,Web,2,936000.0,1
C0491,2025-08,33.0,9,163602.78,Web,Recurrente,Sin compra,Sin compra,0,0.0,0
C0491,2025-09,33.0,7,93951.05,Aplicacion,Recurrente,Ropa,Aplicacion,2,378000.0,1
C0491,2025-10,33.0,8,76809.25,Web,Recurrente,Sin compra,Sin compra,0,0.0,0
C0491,2025-11,33.0,6,132419.31,Aplicacion,Recurrente,Hogar,Aplicacion,1,302000.0,1
C0491,2025-12,33.0,10,162561.03,Web,Recurrente,Deportes,Web,1,614000.0,1
C0492,2025-01,45.0,14,101479.98,Ambos,Nuevo,Sin compra,Sin compra,0,0.0,0
C0492,2025-02,45.0,8,37480.26,Web,Nuevo,Sin compra,Sin compra,0,0.0,0
C0492,2025-03,45.0,7,103145.71,Web,Nuevo,Sin compra,Sin compra,0,0.0,0
C0492,2025-04,45.0,11,,Ambos,Recurrente,Electronica,Aplicacion,3,684000.0,1
C0492,2025-05,45.0,9,149469.19,Web,Recurrente,Hogar,Web,3,730000.0,1
C0492,2025-06,45.0,3,54808.01,Aplicacion,Recurrente,Sin compra,Sin compra,0,0.0,0
C0492,2025-07,45.0,10,98740.02,Web,Recurrente,Sin compra,Sin compra,0,0.0,0
C0492,2025-08,45.0,8,159906.8,Aplicacion,Recurrente,Belleza,Aplicacion,2,509000.0,1
C0492,2025-09,45.0,10,117958.8,Aplicacion,Recurrente,Sin compra,Sin compra,0,0.0,0
C0492,2025-10,,7,,Web,Recurrente,Deportes,Web,1,445000.0,1
C0492,2025-11,45.0,11,125898.6,Aplicacion,Recurrente,Hogar,Aplicacion,1,527000.0,1
C0492,2025-12,,18,141549.32,Ambos,Recurrente,Belleza,Aplicacion,1,482000.0,1
C0493,2025-01,57.0,10,96777.8,Aplicacion,Nuevo,Sin compra,Sin compra,0,0.0,0
C0493,2025-02,57.0,15,139272.61,Ambos,Nuevo,Sin compra,Sin compra,0,0.0,0
C0493,2025-03,57.0,12,111812.71,Ambos,Nuevo,Sin compra,Sin compra,0,0.0,0
C0493,2025-04,57.0,11,57621.24,Web,Nuevo,Sin compra,Sin compra,0,0.0,0
C0493,2025-05,57.0,17,105448.91,Ambos,Nuevo,Sin compra,Sin compra,0,0.0,0
C0493,2025-06,57.0,3,86456.04,Web,Nuevo,Sin compra,Sin compra,0,0.0,0
C0493,2025-07,57.0,10,111772.6,Web,Nuevo,Sin compra,Sin compra,0,0.0,0
C0493,2025-08,57.0,12,115163.86,Ambos,Nuevo,Sin compra,Sin compra,0,0.0,0
C0493,2025-09,57.0,8,92587.48,Web,Recurrente,Electronica,Web,1,663000.0,1
C0493,2025-10,57.0,6,44434.42,Web,Recurrente,Sin compra,Sin compra,0,0.0,0
C0493,2025-11,57.0,6,150641.13,Aplicacion,Recurrente,Deportes,Aplicacion,1,501000.0,1
C0493,2025-12,57.0,5,131065.54,Web,Recurrente,Sin compra,Sin compra,0,0.0,0
C0494,2025-01,53.0,7,179964.68,Web,Nuevo,Sin compra,Sin compra,0,0.0,0
C0494,2025-02,53.0,10,145347.28,Web,Nuevo,Sin compra,Sin compra,0,0.0,0
C0494,2025-03,53.0,5,40942.61,Web,Recurrente,Deportes,Web,1,224000.0,1
C0494,2025-04,53.0,4,68848.09,Aplicacion,Recurrente,Sin compra,Sin compra,0,0.0,0
C0494,2025-05,53.0,7,59851.09,Web,Recurrente,Hogar,Web,1,226000.0,1
C0494,2025-06,53.0,10,131515.42,Aplicacion,Recurrente,Sin compra,Sin compra,0,0.0,0
C0494,2025-07,53.0,4,122465.51,Web,Recurrente,Sin compra,Sin compra,0,0.0,0
C0494,2025-08,53.0,5,,Web,Recurrente,Hogar,Web,1,352000.0,1
C0494,2025-09,53.0,14,146664.58,Ambos,Recurrente,Hogar,Aplicacion,1,497000.0,1
C0494,2025-10,53.0,3,66130.79,Aplicacion,Recurrente,Deportes,Aplicacion,2,249000.0,1
C0494,2025-11,53.0,5,78896.54,Web,Recurrente,Deportes,Web,2,270000.0,1
C0494,2025-12,53.0,5,127394.47,Web,Recurrente,Sin compra,Sin compra,0,0.0,0
C0495,2025-01,19.0,7,90934.0,Web,Recurrente,Electronica,Web,2,866000.0,1
C0495,2025-02,19.0,9,108384.62,Aplicacion,Recurrente,Electronica,Aplicacion,2,674000.0,1
C0495,2025-03,19.0,11,131275.68,Web,Recurrente,Sin compra,Sin compra,0,0.0,0
C0495,2025-04,19.0,7,83986.35,Web,Recurrente,Sin compra,Sin compra,0,0.0,0
C0495,2025-05,19.0,5,78366.44,Aplicacion,Recurrente,Electronica,Aplicacion,2,506000.0,1
C0495,2025-06,19.0,7,132652.82,Web,Recurrente,Belleza,Web,2,461000.0,1
C0495,2025-07,19.0,10,131855.39,Aplicacion,Recurrente,Hogar,Aplicacion,2,580000.0,1
C0495,2025-08,19.0,5,98551.03,Web,Recurrente,Hogar,Web,3,404000.0,1
C0495,2025-09,19.0,8,42834.04,Web,Recurrente,Ropa,Web,1,269000.0,1
C0495,2025-10,19.0,20,136719.54,Ambos,Recurrente,Ropa,Aplicacion,1,606000.0,1
C0495,2025-11,19.0,7,184142.79,Web,Recurrente,Deportes,Web,2,512000.0,1
C0495,2025-12,19.0,11,69080.27,Web,Recurrente,Ropa,Web,3,219000.0,1
C0496,2025-01,22.0,12,101394.06,Aplicacion,Nuevo,Sin compra,Sin compra,0,0.0,0
C0496,2025-02,22.0,17,126385.51,Ambos,Recurrente,Electronica,Aplicacion,1,964000.0,1
C0496,2025-03,22.0,4,127187.02,Web,Recurrente,Sin compra,Sin compra,0,0.0,0
C0496,2025-04,22.0,8,91655.65,Web,Recurrente,Deportes,Web,1,304000.0,1
C0496,2025-05,22.0,5,44878.37,Aplicacion,Recurrente,Sin compra,Sin compra,0,0.0,0
C0496,2025-06,22.0,4,54782.7,Web,Recurrente,Sin compra,Sin compra,0,0.0,0
C0496,2025-07,22.0,7,84618.33,Web,Recurrente,Sin compra,Sin compra,0,0.0,0
C0496,2025-08,22.0,7,110866.62,Aplicacion,Recurrente,Deportes,Aplicacion,2,409000.0,1
C0496,2025-09,22.0,9,93006.29,Web,Recurrente,Sin compra,Sin compra,0,0.0,0
C0496,2025-10,22.0,6,116942.8,Aplicacion,Recurrente,Ropa,Aplicacion,4,345000.0,1
C0496,2025-11,22.0,3,85447.93,Web,Recurrente,Sin compra,Sin compra,0,0.0,0
C0496,2025-12,22.0,14,132089.37,Ambos,Recurrente,Hogar,Aplicacion,2,460000.0,1
C0497,2025-01,58.0,16,117594.32,Aplicacion,Recurrente,Electronica,Aplicacion,1,930000.0,1
C0497,2025-02,58.0,4,80010.88,Web,Recurrente,Sin compra,Sin compra,0,0.0,0
C0497,2025-03,58.0,8,146299.3,Aplicacion,Recurrente,Sin compra,Sin compra,0,0.0,0
C0497,2025-04,58.0,10,134307.01,Aplicacion,Recurrente,Sin compra,Sin compra,0,0.0,0
C0497,2025-05,58.0,9,160611.27,Web,Recurrente,Sin compra,Sin compra,0,0.0,0
C0497,2025-06,58.0,10,80571.67,Aplicacion,Recurrente,Sin compra,Sin compra,0,0.0,0
C0497,2025-07,58.0,5,100336.87,Web,Recurrente,Sin compra,Sin compra,0,0.0,0
C0497,2025-08,58.0,15,112582.65,Ambos,Recurrente,Hogar,Web,1,463000.0,1
C0497,2025-09,58.0,13,132105.69,Aplicacion,Recurrente,Hogar,Aplicacion,2,561000.0,1
C0497,2025-10,58.0,10,64461.32,Aplicacion,Recurrente,Hogar,Aplicacion,3,300000.0,1
C0497,2025-11,58.0,8,105906.98,Web,Recurrente,Deportes,Web,2,478000.0,1
C0497,2025-12,58.0,8,146010.2,Web,Recurrente,Hogar,Web,2,565000.0,1
C0498,2025-01,61.0,6,87793.52,Aplicacion,Nuevo,Sin compra,Sin compra,0,0.0,0
C0498,2025-02,61.0,8,102065.24,Web,Nuevo,Sin compra,Sin compra,0,0.0,0
C0498,2025-03,61.0,10,143470.89,Aplicacion,Nuevo,Sin compra,Sin compra,0,0.0,0
C0498,2025-04,61.0,6,114643.7,Web,Nuevo,Sin compra,Sin compra,0,0.0,0
C0498,2025-05,61.0,10,89129.11,Aplicacion,Nuevo,Sin compra,Sin compra,0,0.0,0
C0498,2025-06,61.0,6,87368.92,Aplicacion,Nuevo,Sin compra,Sin compra,0,0.0,0
C0498,2025-07,61.0,7,103239.1,Aplicacion,Recurrente,Belleza,Aplicacion,4,352000.0,1
C0498,2025-08,61.0,11,82910.14,Web,Recurrente,Belleza,Web,1,376000.0,1
C0498,2025-09,61.0,12,103311.14,Aplicacion,Recurrente,Ropa,Aplicacion,1,578000.0,1
C0498,2025-10,61.0,6,101550.99,Aplicacion,Recurrente,Ropa,Aplicacion,2,335000.0,1
C0498,2025-11,61.0,21,133374.49,Ambos,Recurrente,Deportes,Aplicacion,1,431000.0,1
C0498,2025-12,61.0,10,71207.45,Web,Recurrente,Deportes,Web,2,227000.0,1
C0499,2025-01,21.0,12,127755.07,Web,Recurrente,Ropa,Web,2,526000.0,1
C0499,2025-02,21.0,4,111246.07,Web,Recurrente,Sin compra,Sin compra,0,0.0,0
C0499,2025-03,21.0,10,,Web,Recurrente,Electronica,Web,1,611000.0,1
C0499,2025-04,21.0,7,115476.36,Aplicacion,Recurrente,Sin compra,Sin compra,0,0.0,0
C0499,2025-05,21.0,10,86680.52,Aplicacion,Recurrente,Deportes,Aplicacion,2,350000.0,1
C0499,2025-06,21.0,17,162349.05,Ambos,Recurrente,Belleza,Web,2,671000.0,1
C0499,2025-07,21.0,8,115946.18,Ambos,Recurrente,Ropa,Aplicacion,2,258000.0,1
C0499,2025-08,,8,122752.15,Aplicacion,Recurrente,Electronica,Aplicacion,1,986000.0,1
C0499,2025-09,21.0,12,96937.55,Web,Recurrente,Electronica,Web,1,956000.0,1
C0499,2025-10,21.0,10,143164.83,Web,Recurrente,Belleza,Web,2,481000.0,1
C0499,2025-11,21.0,13,116960.37,Ambos,Recurrente,Electronica,Web,1,1005000.0,1
C0499,2025-12,21.0,9,101470.44,Ambos,Recurrente,Sin compra,Sin compra,0,0.0,0
C0500,2025-01,32.0,7,86910.23,Web,Nuevo,Sin compra,Sin compra,0,0.0,0
C0500,2025-02,32.0,6,100952.12,Web,Nuevo,Sin compra,Sin compra,0,0.0,0
C0500,2025-03,32.0,5,68942.56,Aplicacion,Nuevo,Sin compra,Sin compra,0,0.0,0
C0500,2025-04,32.0,4,78801.55,Aplicacion,Nuevo,Sin compra,Sin compra,0,0.0,0
C0500,2025-05,32.0,16,176712.09,Ambos,Recurrente,Hogar,Aplicacion,1,436000.0,1
C0500,2025-06,32.0,6,86872.19,Web,Recurrente,Deportes,Web,2,316000.0,1
C0500,2025-07,32.0,10,5000.0,Ambos,Recurrente,Sin compra,Sin compra,0,0.0,0
C0500,2025-08,32.0,15,145996.93,Aplicacion,Recurrente,Sin compra,Sin compra,0,0.0,0
C0500,2025-09,32.0,6,123134.85,Web,Recurrente,Sin compra,Sin compra,0,0.0,0
C0500,2025-10,32.0,11,,Ambos,Recurrente,Electronica,Web,2,644000.0,1
C0500,2025-11,32.0,12,175954.12,Aplicacion,Recurrente,Ropa,Aplicacion,2,491000.0,1
C0500,2025-12,32.0,9,70673.16,Web,Recurrente,Electronica,Web,1,638000.0,1
